partition,condition,seed,generation,phase,task,sigma_used,sigma_next,active_return,inactive_return,train_fitness_mean
old_reserved,selected,5001,0,1,0,0.5,0.3348175585269928,9.0,9.40000057220459,12.90625
old_reserved,selected,5001,1,1,0,0.3348175585269928,0.24291366338729858,9.600000381469727,9.300000190734863,15.21875
old_reserved,selected,5001,2,1,0,0.24291366338729858,0.17919200658798218,9.90000057220459,12.5,19.28645896911621
old_reserved,selected,5001,3,1,0,0.17919200658798218,0.10239869356155396,9.699999809265137,9.0,36.703128814697266
old_reserved,selected,5001,4,1,0,0.10239869356155396,0.06681807339191437,9.100000381469727,9.40000057220459,42.64061737060547
old_reserved,selected,5001,5,1,0,0.06681807339191437,0.048909906297922134,12.699999809265137,9.800000190734863,49.968753814697266
old_reserved,selected,5001,6,1,0,0.048909906297922134,0.03693584352731705,9.5,12.100000381469727,86.05728149414062
old_reserved,selected,5001,7,1,0,0.03693584352731705,0.029264727607369423,9.699999809265137,9.40000057220459,113.86457824707031
old_reserved,selected,5001,8,1,0,0.029264727607369423,0.023789990693330765,29.0,9.5,153.85415649414062
old_reserved,selected,5001,9,1,0,0.023789990693330765,0.019347872585058212,171.40000915527344,9.199999809265137,253.8125
old_reserved,selected,5001,10,1,0,0.019347872585058212,0.015724699944257736,500.0,9.300000190734863,391.9844055175781
old_reserved,selected,5001,11,1,0,0.015724699944257736,0.013292387127876282,500.0,9.199999809265137,493.81768798828125
old_reserved,selected,5001,12,1,0,0.013292387127876282,0.011714325286448002,500.0,9.40000057220459,495.71875
old_reserved,selected,5001,13,1,0,0.011714325286448002,0.010652540251612663,500.0,9.0,496.8697814941406
old_reserved,selected,5001,14,1,0,0.010652540251612663,0.009916587732732296,500.0,9.699999809265137,500.0
old_reserved,selected,5001,15,1,0,0.009916587732732296,0.009399618953466415,500.0,9.5,498.15625
old_reserved,selected,5001,16,1,0,0.009399618953466415,0.009031085297465324,500.0,9.300000190734863,493.78643798828125
old_reserved,selected,5001,17,1,0,0.009031085297465324,0.008762197569012642,500.0,9.699999809265137,498.25
old_reserved,selected,5001,18,1,0,0.008762197569012642,0.008565787225961685,500.0,9.5,497.41668701171875
old_reserved,selected,5001,19,1,0,0.008565787225961685,0.008420935831964016,500.0,9.40000057220459,499.1302185058594
old_reserved,selected,5001,20,1,0,0.008420935831964016,0.008314206264913082,500.0,9.600000381469727,497.453125
old_reserved,selected,5001,21,1,0,0.008314206264913082,0.008235728368163109,500.0,9.0,495.984375
old_reserved,selected,5001,22,1,0,0.008235728368163109,0.008178966119885445,500.0,9.199999809265137,493.90625
old_reserved,selected,5001,23,1,0,0.008178966119885445,0.008136449381709099,500.0,9.5,497.05731201171875
old_reserved,selected,5001,24,1,0,0.008136449381709099,0.008108261972665787,500.0,9.199999809265137,494.90106201171875
old_reserved,selected,5001,25,1,0,0.008108261972665787,0.00808287225663662,500.0,9.199999809265137,499.109375
old_reserved,selected,5001,26,1,0,0.00808287225663662,0.008062074892222881,500.0,9.5,500.0
old_reserved,selected,5001,27,1,0,0.008062074892222881,0.008046513423323631,500.0,9.40000057220459,500.0
old_reserved,selected,5001,28,1,0,0.008046513423323631,0.008034856989979744,500.0,9.40000057220459,500.0
old_reserved,selected,5001,29,1,0,0.008034856989979744,0.008031693287193775,500.0,9.199999809265137,498.90106201171875
old_reserved,selected,5001,30,1,0,0.008031693287193775,0.008038214407861233,500.0,9.40000057220459,497.5833435058594
old_reserved,selected,5001,31,1,0,0.008038214407861233,0.008028645068407059,500.0,9.100000381469727,500.0
old_reserved,selected,5001,32,1,0,0.008028645068407059,0.00802147388458252,500.0,9.100000381469727,500.0
old_reserved,selected,5001,33,1,0,0.00802147388458252,0.008034593425691128,500.0,9.199999809265137,497.796875
old_reserved,selected,5001,34,1,0,0.008034593425691128,0.008035688661038876,500.0,9.600000381469727,499.08331298828125
old_reserved,selected,5001,35,1,0,0.008035688661038876,0.008073696866631508,500.0,9.300000190734863,494.75
old_reserved,selected,5001,36,1,0,0.008073696866631508,0.008055208250880241,500.0,9.300000190734863,500.0
old_reserved,selected,5001,37,1,0,0.008055208250880241,0.00804136972874403,500.0,9.300000190734863,500.0
old_reserved,selected,5001,38,1,0,0.00804136972874403,0.008031007833778858,500.0,9.40000057220459,500.0
old_reserved,selected,5001,39,1,0,0.008031007833778858,0.008023245260119438,500.0,9.100000381469727,500.0
old_reserved,selected,5001,40,1,0,0.008023245260119438,0.008058032020926476,500.0,9.5,496.515625
old_reserved,selected,5001,41,1,0,0.008058032020926476,0.008043482899665833,500.0,9.40000057220459,500.0
old_reserved,selected,5001,42,1,0,0.008043482899665833,0.008032589219510555,500.0,9.300000190734863,500.0
old_reserved,selected,5001,43,1,0,0.008032589219510555,0.0080244280397892,500.0,9.699999809265137,500.0
old_reserved,selected,5001,44,1,0,0.0080244280397892,0.008060825988650322,500.0,9.199999809265137,496.890625
old_reserved,selected,5001,45,1,0,0.008060825988650322,0.008064513094723225,500.0,9.199999809265137,498.7552185058594
old_reserved,selected,5001,46,1,0,0.008064513094723225,0.008073057979345322,500.0,9.600000381469727,498.35418701171875
old_reserved,selected,5001,47,1,0,0.008073057979345322,0.0080798901617527,500.0,8.90000057220459,498.40625
old_reserved,selected,5001,48,1,0,0.0080798901617527,0.008157656528055668,500.0,9.199999809265137,490.578125
old_reserved,selected,5001,49,1,0,0.008157656528055668,0.008169623091816902,500.0,9.0,495.75
old_reserved,selected,5001,50,1,0,0.008169623091816902,0.008205419406294823,500.0,9.5,492.44793701171875
old_reserved,selected,5001,51,1,0,0.008205419406294823,0.008154794573783875,500.0,9.300000190734863,499.92706298828125
old_reserved,selected,5001,52,1,0,0.008154794573783875,0.008128716610372066,500.0,9.5,499.171875
old_reserved,selected,5001,53,1,0,0.008128716610372066,0.008176833391189575,500.0,9.699999809265137,493.0208435058594
old_reserved,selected,5001,54,1,0,0.008176833391189575,0.008148967288434505,500.0,9.199999809265137,498.8802185058594
old_reserved,selected,5001,55,1,0,0.008148967288434505,0.008165276609361172,500.0,9.40000057220459,496.03125
old_reserved,selected,5001,56,1,0,0.008165276609361172,0.008154802024364471,500.0,9.40000057220459,497.77081298828125
old_reserved,selected,5001,57,1,0,0.008154802024364471,0.008142022415995598,500.0,9.600000381469727,498.22918701171875
old_reserved,selected,5001,58,1,0,0.008142022415995598,0.008123280480504036,500.0,9.600000381469727,498.93231201171875
old_reserved,selected,5001,59,1,0,0.008123280480504036,0.008120662532746792,500.0,9.199999809265137,498.140625
old_reserved,selected,5001,60,1,0,0.008120662532746792,0.008090326562523842,500.0,9.699999809265137,500.0
old_reserved,selected,5001,61,1,0,0.008090326562523842,0.008103422820568085,500.0,9.300000190734863,497.64581298828125
old_reserved,selected,5001,62,1,0,0.008103422820568085,0.008077443577349186,500.0,9.5,500.0
old_reserved,selected,5001,63,1,0,0.008077443577349186,0.008058012463152409,500.0,9.90000057220459,500.0
old_reserved,selected,5001,64,1,0,0.008058012463152409,0.008083820343017578,500.0,9.300000190734863,497.3125
old_reserved,selected,5001,65,1,0,0.008083820343017578,0.008076191879808903,500.0,9.199999809265137,499.21356201171875
old_reserved,selected,5001,66,1,0,0.008076191879808903,0.008057075552642345,500.0,9.40000057220459,500.0
old_reserved,selected,5001,67,1,0,0.008057075552642345,0.008076168596744537,500.0,9.40000057220459,497.8802185058594
old_reserved,selected,5001,68,1,0,0.008076168596744537,0.008057059720158577,500.0,9.100000381469727,500.0
old_reserved,selected,5001,69,1,0,0.008057059720158577,0.008079520426690578,500.0,9.5,497.44793701171875
old_reserved,selected,5001,70,1,0,0.008079520426690578,0.0080713564530015,500.0,9.100000381469727,499.328125
old_reserved,selected,5001,71,1,0,0.0080713564530015,0.008053457364439964,500.0,9.199999809265137,500.0
old_reserved,selected,5001,72,1,0,0.008053457364439964,0.008077024482190609,500.0,9.300000190734863,497.453125
old_reserved,selected,5001,73,1,0,0.008077024482190609,0.008122684434056282,500.0,9.800000190734863,494.90625
old_reserved,selected,5001,74,1,0,0.008122684434056282,0.008110175840556622,500.0,9.40000057220459,498.890625
old_reserved,selected,5001,75,1,0,0.008110175840556622,0.008147036656737328,500.0,9.300000190734863,494.90625
old_reserved,selected,5001,76,1,0,0.008147036656737328,0.008110024966299534,500.0,9.0,500.0
old_reserved,selected,5001,77,1,0,0.008110024966299534,0.008118548430502415,500.0,9.600000381469727,497.4479064941406
old_reserved,selected,5001,78,1,0,0.008118548430502415,0.008125524036586285,500.0,9.300000190734863,497.44793701171875
old_reserved,selected,5001,79,1,0,0.008125524036586285,0.008131244219839573,500.0,9.199999809265137,497.453125
old_reserved,selected,5001,80,2,1,0.008131244219839573,0.0210697203874588,9.5,500.0,9.375
old_reserved,selected,5001,81,2,1,0.0210697203874588,0.038751453161239624,9.40000057220459,500.0,9.28125
old_reserved,selected,5001,82,2,1,0.038751453161239624,0.05844787880778313,9.699999809265137,500.0,9.374999046325684
old_reserved,selected,5001,83,2,1,0.05844787880778313,0.07860708236694336,9.800000190734863,500.0,9.552083015441895
old_reserved,selected,5001,84,2,1,0.07860708236694336,0.09261544048786163,9.699999809265137,500.0,9.916666984558105
old_reserved,selected,5001,85,2,1,0.09261544048786163,0.09647996723651886,10.199999809265137,500.0,13.270833969116211
old_reserved,selected,5001,86,2,1,0.09647996723651886,0.09870151430368423,15.100000381469727,500.0,15.890626907348633
old_reserved,selected,5001,87,2,1,0.09870151430368423,0.09919589012861252,23.30000114440918,224.60000610351562,24.442707061767578
old_reserved,selected,5001,88,2,1,0.09919589012861252,0.06489770859479904,69.0999984741211,149.60000610351562,45.942710876464844
old_reserved,selected,5001,89,2,1,0.06489770859479904,0.04649284482002258,106.20000457763672,111.0999984741211,64.953125
old_reserved,selected,5001,90,2,1,0.04649284482002258,0.03530893102288246,117.30000305175781,75.5999984741211,112.046875
old_reserved,selected,5001,91,2,1,0.03530893102288246,0.02777496911585331,165.3000030517578,122.30000305175781,146.140625
old_reserved,selected,5001,92,2,1,0.02777496911585331,0.022398903965950012,396.1000061035156,231.1999969482422,202.08334350585938
old_reserved,selected,5001,93,2,1,0.022398903965950012,0.01827191933989525,500.0,451.1000061035156,297.5416564941406
old_reserved,selected,5001,94,2,1,0.01827191933989525,0.015130309388041496,500.0,315.8000183105469,384.21356201171875
old_reserved,selected,5001,95,2,1,0.015130309388041496,0.012955927290022373,500.0,13.600000381469727,454.8593444824219
old_reserved,selected,5001,96,2,1,0.012955927290022373,0.01149681955575943,500.0,14.300000190734863,489.1510314941406
old_reserved,selected,5001,97,2,1,0.01149681955575943,0.010504299774765968,500.0,13.300000190734863,496.3541564941406
old_reserved,selected,5001,98,2,1,0.010504299774765968,0.009814183227717876,500.0,13.800000190734863,498.5052185058594
old_reserved,selected,5001,99,2,1,0.009814183227717876,0.009325304999947548,500.0,14.40000057220459,500.0
old_reserved,selected,5001,100,2,1,0.009325304999947548,0.008975600823760033,500.0,15.5,498.15625
old_reserved,selected,5001,101,2,1,0.008975600823760033,0.008723655715584755,500.0,13.90000057220459,490.21356201171875
old_reserved,selected,5001,102,2,1,0.008723655715584755,0.008538220077753067,500.0,14.300000190734863,491.640625
old_reserved,selected,5001,103,2,1,0.008538220077753067,0.008400361984968185,500.0,13.600000381469727,500.0
old_reserved,selected,5001,104,2,1,0.008400361984968185,0.00829922966659069,500.0,13.5,496.625
old_reserved,selected,5001,105,2,1,0.00829922966659069,0.00822542980313301,500.0,14.199999809265137,492.8854064941406
old_reserved,selected,5001,106,2,1,0.00822542980313301,0.008171536028385162,500.0,12.40000057220459,493.7604064941406
old_reserved,selected,5001,107,2,1,0.008171536028385162,0.008128635585308075,500.0,13.300000190734863,499.6875
old_reserved,selected,5001,108,2,1,0.008128635585308075,0.008107094094157219,500.0,13.5,491.375
old_reserved,selected,5001,109,2,1,0.008107094094157219,0.008096964098513126,500.0,13.300000190734863,491.44268798828125
old_reserved,selected,5001,110,2,1,0.008096964098513126,0.008075145073235035,500.0,13.0,499.25518798828125
old_reserved,selected,5001,111,2,1,0.008075145073235035,0.008067451417446136,500.0,13.5,496.81768798828125
old_reserved,selected,5001,112,2,1,0.008067451417446136,0.008059876039624214,500.0,13.199999809265137,497.9375
old_reserved,selected,5001,113,2,1,0.008059876039624214,0.008063716813921928,500.0,13.600000381469727,496.27606201171875
old_reserved,selected,5001,114,2,1,0.008063716813921928,0.008062855340540409,500.0,17.700000762939453,497.640625
old_reserved,selected,5001,115,2,1,0.008062855340540409,0.008058627136051655,500.0,18.100000381469727,498.359375
old_reserved,selected,5001,116,2,1,0.008058627136051655,0.00804535485804081,500.0,25.200000762939453,499.8385314941406
old_reserved,selected,5001,117,2,1,0.00804535485804081,0.00803932175040245,500.0,12.40000057220459,499.43231201171875
old_reserved,selected,5001,118,2,1,0.00803932175040245,0.008048808202147484,500.0,13.40000057220459,497.9895935058594
old_reserved,selected,5001,119,2,1,0.008048808202147484,0.008056936785578728,500.0,13.800000190734863,498.046875
old_reserved,selected,5001,120,2,1,0.008056936785578728,0.00806849729269743,500.0,17.899999618530273,497.77081298828125
old_reserved,selected,5001,121,2,1,0.00806849729269743,0.00810063723474741,500.0,14.600000381469727,495.55731201171875
old_reserved,selected,5001,122,2,1,0.00810063723474741,0.008075360208749771,500.0,31.5,500.0
old_reserved,selected,5001,123,2,1,0.008075360208749771,0.008133935742080212,500.0,24.600000381469727,490.67706298828125
old_reserved,selected,5001,124,2,1,0.008133935742080212,0.008125457912683487,500.0,25.100000381469727,498.04168701171875
old_reserved,selected,5001,125,2,1,0.008125457912683487,0.008118207566440105,500.0,38.60000228881836,498.0572814941406
old_reserved,selected,5001,126,2,1,0.008118207566440105,0.008112001232802868,500.0,19.80000114440918,498.26043701171875
old_reserved,selected,5001,127,2,1,0.008112001232802868,0.008164248429238796,500.0,27.200000762939453,490.82293701171875
old_reserved,selected,5001,128,2,1,0.008164248429238796,0.008181622251868248,500.0,23.100000381469727,494.32293701171875
old_reserved,selected,5001,129,2,1,0.008181622251868248,0.008251294493675232,500.0,21.100000381469727,485.71356201171875
old_reserved,selected,5001,130,2,1,0.008251294493675232,0.008278273977339268,500.0,14.5,489.64581298828125
old_reserved,selected,5001,131,2,1,0.008278273977339268,0.00826859287917614,500.0,13.600000381469727,494.6197814941406
old_reserved,selected,5001,132,2,1,0.00826859287917614,0.008299926295876503,500.0,12.5,490.10418701171875
old_reserved,selected,5001,133,2,1,0.008299926295876503,0.008244155906140804,500.0,12.199999809265137,498.5052185058594
old_reserved,selected,5001,134,2,1,0.008244155906140804,0.008203260600566864,500.0,12.100000381469727,498.4583435058594
old_reserved,selected,5001,135,2,1,0.008203260600566864,0.008151968009769917,500.0,11.699999809265137,500.0
old_reserved,selected,5001,136,2,1,0.008151968009769917,0.008145583793520927,500.0,11.800000190734863,497.5104064941406
old_reserved,selected,5001,137,2,1,0.008145583793520927,0.008184302598237991,500.0,11.100000381469727,491.8958435058594
old_reserved,selected,5001,138,2,1,0.008184302598237991,0.008149981498718262,500.0,11.699999809265137,499.1354064941406
old_reserved,selected,5001,139,2,1,0.008149981498718262,0.008118501864373684,500.0,10.90000057220459,499.5729064941406
old_reserved,selected,5001,140,2,1,0.008118501864373684,0.00813389290124178,500.0,11.100000381469727,496.1875
old_reserved,selected,5001,141,2,1,0.00813389290124178,0.008122064173221588,500.0,10.90000057220459,498.47393798828125
old_reserved,selected,5001,142,2,1,0.008122064173221588,0.008119226433336735,500.0,10.0,498.078125
old_reserved,selected,5001,143,2,1,0.008119226433336735,0.00815092958509922,500.0,10.699999809265137,495.05731201171875
old_reserved,selected,5001,144,2,1,0.00815092958509922,0.008112933486700058,500.0,10.300000190734863,500.0
old_reserved,selected,5001,145,2,1,0.008112933486700058,0.00810929387807846,500.0,11.100000381469727,498.296875
old_reserved,selected,5001,146,2,1,0.00810929387807846,0.008112430572509766,500.0,11.0,497.99481201171875
old_reserved,selected,5001,147,2,1,0.008112430572509766,0.008099107071757317,500.0,10.5,499.0833435058594
old_reserved,selected,5001,148,2,1,0.008099107071757317,0.008094651624560356,500.0,10.600000381469727,498.71356201171875
old_reserved,selected,5001,149,2,1,0.008094651624560356,0.00808404479175806,500.0,11.0,499.21875
old_reserved,selected,5001,150,2,1,0.00808404479175806,0.0080784372985363,500.0,10.699999809265137,499.109375
old_reserved,selected,5001,151,2,1,0.0080784372985363,0.008128069341182709,500.0,11.100000381469727,494.6770935058594
old_reserved,selected,5001,152,2,1,0.008128069341182709,0.008136903867125511,500.0,10.600000381469727,497.4635314941406
old_reserved,selected,5001,153,2,1,0.008136903867125511,0.008159446530044079,500.0,10.699999809265137,495.3020935058594
old_reserved,selected,5001,154,2,1,0.008159446530044079,0.008161516860127449,500.0,10.199999809265137,497.16143798828125
old_reserved,selected,5001,155,2,1,0.008161516860127449,0.008136286400258541,500.0,10.40000057220459,499.11456298828125
old_reserved,selected,5001,156,2,1,0.008136286400258541,0.008174790069460869,500.0,11.100000381469727,494.76043701171875
old_reserved,selected,5001,157,2,1,0.008174790069460869,0.008227108977735043,500.0,11.5,490.58331298828125
old_reserved,selected,5001,158,2,1,0.008227108977735043,0.008232850581407547,500.0,11.100000381469727,493.32293701171875
old_reserved,selected,5001,159,2,1,0.008232850581407547,0.008258741348981857,500.0,12.600000381469727,493.4478759765625
old_reserved,selected,5001,160,3,0,0.008258741348981857,0.021126123145222664,14.100000381469727,500.0,13.427083969116211
old_reserved,selected,5001,161,3,0,0.021126123145222664,0.03740483894944191,16.5,500.0,14.802083969116211
old_reserved,selected,5001,162,3,0,0.03740483894944191,0.04167414829134941,24.100000381469727,500.0,32.072914123535156
old_reserved,selected,5001,163,3,0,0.04167414829134941,0.03387649729847908,61.900001525878906,190.5,73.84375
old_reserved,selected,5001,164,3,0,0.03387649729847908,0.027598464861512184,374.3000183105469,125.70000457763672,136.484375
old_reserved,selected,5001,165,3,0,0.027598464861512184,0.021930504590272903,500.0,185.1999969482422,250.484375
old_reserved,selected,5001,166,3,0,0.021930504590272903,0.017522959038615227,500.0,196.5,380.4271240234375
old_reserved,selected,5001,167,3,0,0.017522959038615227,0.014525075443089008,500.0,177.6999969482422,459.34375
old_reserved,selected,5001,168,3,0,0.014525075443089008,0.012548013590276241,500.0,126.0999984741211,489.30206298828125
old_reserved,selected,5001,169,3,0,0.012548013590276241,0.011221293359994888,500.0,113.0,497.7604064941406
old_reserved,selected,5001,170,3,0,0.011221293359994888,0.010326696559786797,500.0,104.9000015258789,492.6770935058594
old_reserved,selected,5001,171,3,0,0.010326696559786797,0.009720935486257076,500.0,103.0,467.3177185058594
old_reserved,selected,5001,172,3,0,0.009720935486257076,0.00926633458584547,500.0,55.400001525878906,495.04168701171875
old_reserved,selected,5001,173,3,0,0.00926633458584547,0.008938737213611603,500.0,42.60000228881836,493.921875
old_reserved,selected,5001,174,3,0,0.008938737213611603,0.008694200776517391,500.0,36.400001525878906,500.0
old_reserved,selected,5001,175,3,0,0.008694200776517391,0.008515633642673492,500.0,33.0,499.625
old_reserved,selected,5001,176,3,0,0.008515633642673492,0.008383691310882568,500.0,73.0,500.0
old_reserved,selected,5001,177,3,0,0.008383691310882568,0.00828607752919197,500.0,39.5,500.0
old_reserved,selected,5001,178,3,0,0.00828607752919197,0.008220693096518517,500.0,79.0999984741211,492.97918701171875
old_reserved,selected,5001,179,3,0,0.008220693096518517,0.008169073611497879,500.0,55.79999923706055,497.36981201171875
old_reserved,selected,5001,180,3,0,0.008169073611497879,0.008127778768539429,500.0,35.400001525878906,499.44268798828125
old_reserved,selected,5001,181,3,0,0.008127778768539429,0.008100146427750587,500.0,31.100000381469727,498.41143798828125
old_reserved,selected,5001,182,3,0,0.008100146427750587,0.008081793785095215,500.0,31.30000114440918,498.18231201171875
old_reserved,selected,5001,183,3,0,0.008081793785095215,0.00807896163314581,500.0,29.200000762939453,495.9427185058594
old_reserved,selected,5001,184,3,0,0.00807896163314581,0.008067931979894638,500.0,31.5,498.47918701171875
old_reserved,selected,5001,185,3,0,0.008067931979894638,0.008062206208705902,500.0,30.30000114440918,498.15625
old_reserved,selected,5001,186,3,0,0.008062206208705902,0.008077778853476048,500.0,29.30000114440918,494.33331298828125
old_reserved,selected,5001,187,3,0,0.008077778853476048,0.008058262057602406,500.0,30.0,500.0
old_reserved,selected,5001,188,3,0,0.008058262057602406,0.008043658919632435,500.0,38.20000076293945,500.0
old_reserved,selected,5001,189,3,0,0.008043658919632435,0.008039203472435474,500.0,28.700000762939453,499.38543701171875
old_reserved,selected,5001,190,3,0,0.008039203472435474,0.008034934289753437,500.0,29.600000381469727,499.515625
old_reserved,selected,5001,191,3,0,0.008034934289753437,0.00803283043205738,500.0,46.900001525878906,499.453125
old_reserved,selected,5001,192,3,0,0.00803283043205738,0.008024611510336399,500.0,52.60000228881836,500.0
old_reserved,selected,5001,193,3,0,0.008024611510336399,0.008018453605473042,500.0,52.29999923706055,500.0
old_reserved,selected,5001,194,3,0,0.008018453605473042,0.008013836108148098,500.0,31.80000114440918,500.0
old_reserved,selected,5001,195,3,0,0.008013836108148098,0.008073265664279461,500.0,45.79999923706055,492.390625
old_reserved,selected,5001,196,3,0,0.008073265664279461,0.008107674308121204,500.0,40.20000076293945,494.9479064941406
old_reserved,selected,5001,197,3,0,0.008107674308121204,0.00808061845600605,500.0,29.30000114440918,500.0
old_reserved,selected,5001,198,3,0,0.00808061845600605,0.008061897940933704,500.0,26.30000114440918,499.90106201171875
old_reserved,selected,5001,199,3,0,0.008061897940933704,0.008046378381550312,500.0,29.200000762939453,500.0
old_reserved,selected,5001,200,3,0,0.008046378381550312,0.008034758269786835,500.0,28.0,500.0
old_reserved,selected,5001,201,3,0,0.008034758269786835,0.008026054129004478,500.0,29.0,500.0
old_reserved,selected,5001,202,3,0,0.008026054129004478,0.008042293600738049,500.0,25.200000762939453,498.4375
old_reserved,selected,5001,203,3,0,0.008042293600738049,0.00803507212549448,500.0,26.30000114440918,499.80206298828125
old_reserved,selected,5001,204,3,0,0.00803507212549448,0.008026287890970707,500.0,25.30000114440918,500.0
old_reserved,selected,5001,205,3,0,0.008026287890970707,0.008019707165658474,500.0,25.100000381469727,500.0
old_reserved,selected,5001,206,3,0,0.008019707165658474,0.008014775812625885,500.0,23.700000762939453,500.0
old_reserved,selected,5001,207,3,0,0.008014775812625885,0.008011077530682087,500.0,26.30000114440918,500.0
old_reserved,selected,5001,208,3,0,0.008011077530682087,0.008008304052054882,500.0,27.600000381469727,500.0
old_reserved,selected,5001,209,3,0,0.008008304052054882,0.00800622720271349,500.0,29.700000762939453,500.0
old_reserved,selected,5001,210,3,0,0.00800622720271349,0.008004670031368732,500.0,30.700000762939453,500.0
old_reserved,selected,5001,211,3,0,0.008004670031368732,0.008003502152860165,500.0,30.600000381469727,500.0
old_reserved,selected,5001,212,3,0,0.008003502152860165,0.008010775782167912,500.0,26.899999618530273,499.5625
old_reserved,selected,5001,213,3,0,0.008010775782167912,0.008016201667487621,500.0,28.600000381469727,499.56768798828125
old_reserved,selected,5001,214,3,0,0.008016201667487621,0.008012146688997746,500.0,28.100000381469727,500.0
old_reserved,selected,5001,215,3,0,0.008012146688997746,0.008009105920791626,500.0,28.80000114440918,500.0
old_reserved,selected,5001,216,3,0,0.008009105920791626,0.00800683069974184,500.0,28.5,500.0
old_reserved,selected,5001,217,3,0,0.00800683069974184,0.008005119860172272,500.0,25.100000381469727,500.0
old_reserved,selected,5001,218,3,0,0.008005119860172272,0.008003837428987026,500.0,26.0,500.0
old_reserved,selected,5001,219,3,0,0.008003837428987026,0.008045177906751633,500.0,26.899999618530273,497.296875
old_reserved,selected,5001,220,3,0,0.008045177906751633,0.00803386140614748,500.0,27.399999618530273,500.0
old_reserved,selected,5001,221,3,0,0.00803386140614748,0.00802538450807333,500.0,24.600000381469727,500.0
old_reserved,selected,5001,222,3,0,0.00802538450807333,0.008073747158050537,500.0,23.700000762939453,495.625
old_reserved,selected,5001,223,3,0,0.008073747158050537,0.008058185689151287,500.0,20.899999618530273,499.84375
old_reserved,selected,5001,224,3,0,0.008058185689151287,0.00804359745234251,500.0,24.899999618530273,500.0
old_reserved,selected,5001,225,3,0,0.00804359745234251,0.008099745027720928,500.0,24.0,494.5
old_reserved,selected,5001,226,3,0,0.008099745027720928,0.008080101571977139,500.0,23.0,499.69793701171875
old_reserved,selected,5001,227,3,0,0.008080101571977139,0.008067682385444641,500.0,21.100000381469727,499.5677185058594
old_reserved,selected,5001,228,3,0,0.008067682385444641,0.0080507081001997,500.0,22.80000114440918,500.0
old_reserved,selected,5001,229,3,0,0.0080507081001997,0.00809704139828682,500.0,22.80000114440918,495.41143798828125
old_reserved,selected,5001,230,3,0,0.00809704139828682,0.008124779909849167,500.0,21.899999618530273,495.8072814941406
old_reserved,selected,5001,231,3,0,0.008124779909849167,0.00809340551495552,500.0,21.399999618530273,500.0
old_reserved,selected,5001,232,3,0,0.00809340551495552,0.008069952018558979,500.0,22.899999618530273,500.0
old_reserved,selected,5001,233,3,0,0.008069952018558979,0.008052408695220947,500.0,21.399999618530273,500.0
old_reserved,selected,5001,234,3,0,0.008052408695220947,0.008039272390305996,500.0,20.30000114440918,500.0
old_reserved,selected,5001,235,3,0,0.008039272390305996,0.008029433898627758,500.0,18.899999618530273,500.0
old_reserved,selected,5001,236,3,0,0.008029433898627758,0.008022063411772251,500.0,18.200000762939453,500.0
old_reserved,selected,5001,237,3,0,0.008022063411772251,0.008016541600227356,500.0,18.30000114440918,500.0
old_reserved,selected,5001,238,3,0,0.008016541600227356,0.008012402802705765,500.0,17.399999618530273,500.0
old_reserved,selected,5001,239,3,0,0.008012402802705765,0.008009301498532295,500.0,17.600000381469727,500.0
old_reserved,selected,5001,240,4,1,0.008009301498532295,0.020849701017141342,18.80000114440918,500.0,17.583332061767578
old_reserved,selected,5001,241,4,1,0.020849701017141342,0.03860463947057724,19.30000114440918,500.0,18.338542938232422
old_reserved,selected,5001,242,4,1,0.03860463947057724,0.05874105170369148,21.899999618530273,500.0,20.796875
old_reserved,selected,5001,243,4,1,0.05874105170369148,0.06636358052492142,28.200000762939453,500.0,29.859375
old_reserved,selected,5001,244,4,1,0.06636358052492142,0.0678989365696907,79.0,500.0,54.687496185302734
old_reserved,selected,5001,245,4,1,0.0678989365696907,0.048148348927497864,142.0,500.0,92.35417175292969
old_reserved,selected,5001,246,4,1,0.048148348927497864,0.03545941784977913,318.6000061035156,500.0,163.453125
old_reserved,selected,5001,247,4,1,0.03545941784977913,0.026611771434545517,500.0,307.3999938964844,265.4271240234375
old_reserved,selected,5001,248,4,1,0.026611771434545517,0.020406924188137054,500.0,210.90000915527344,347.6927490234375
old_reserved,selected,5001,249,4,1,0.020406924188137054,0.01631726697087288,500.0,14.0,464.203125
old_reserved,selected,5001,250,4,1,0.01631726697087288,0.013688206672668457,500.0,14.0,490.84893798828125
old_reserved,selected,5001,251,4,1,0.013688206672668457,0.011983279138803482,500.0,14.40000057220459,496.48956298828125
old_reserved,selected,5001,252,4,1,0.011983279138803482,0.01085412036627531,500.0,63.400001525878906,491.84375
old_reserved,selected,5001,253,4,1,0.01085412036627531,0.010060828179121017,500.0,14.5,498.63543701171875
old_reserved,selected,5001,254,4,1,0.010060828179121017,0.009504311718046665,500.0,161.60000610351562,498.2447814941406
old_reserved,selected,5001,255,4,1,0.009504311718046665,0.009103613905608654,500.0,306.5,499.98956298828125
old_reserved,selected,5001,256,4,1,0.009103613905608654,0.008814748376607895,500.0,208.3000030517578,499.640625
old_reserved,selected,5001,257,4,1,0.008814748376607895,0.0086035942658782,500.0,63.5,500.0
old_reserved,selected,5001,258,4,1,0.0086035942658782,0.008448555134236813,500.0,256.8999938964844,500.0
old_reserved,selected,5001,259,4,1,0.008448555134236813,0.008336973376572132,500.0,158.5,497.30206298828125
old_reserved,selected,5001,260,4,1,0.008336973376572132,0.008254910819232464,500.0,158.6999969482422,497.23956298828125
old_reserved,selected,5001,261,4,1,0.008254910819232464,0.008190881460905075,500.0,60.20000076293945,499.74481201171875
old_reserved,selected,5001,262,4,1,0.008190881460905075,0.008144073188304901,500.0,208.1999969482422,499.39581298828125
old_reserved,selected,5001,263,4,1,0.008144073188304901,0.008108923211693764,500.0,305.1000061035156,499.61456298828125
old_reserved,selected,5001,264,4,1,0.008108923211693764,0.008081554435193539,500.0,256.3999938964844,500.0
old_reserved,selected,5001,265,4,1,0.008081554435193539,0.008070875890552998,500.0,304.8000183105469,497.5208435058594
old_reserved,selected,5001,266,4,1,0.008070875890552998,0.008053560741245747,500.0,305.0,499.921875
old_reserved,selected,5001,267,4,1,0.008053560741245747,0.008068621158599854,500.0,402.8000183105469,494.8697814941406
old_reserved,selected,5001,268,4,1,0.008068621158599854,0.00805141031742096,500.0,500.0,500.0
old_reserved,selected,5001,269,4,1,0.00805141031742096,0.008038528263568878,500.0,305.20001220703125,500.0
old_reserved,selected,5001,270,4,1,0.008038528263568878,0.008050009608268738,500.0,353.8999938964844,497.5052185058594
old_reserved,selected,5001,271,4,1,0.008050009608268738,0.008037478663027287,500.0,60.29999923706055,500.0
old_reserved,selected,5001,272,4,1,0.008037478663027287,0.008058834820985794,500.0,11.300000190734863,496.66668701171875
old_reserved,selected,5001,273,4,1,0.008058834820985794,0.008044084534049034,500.0,11.199999809265137,500.0
old_reserved,selected,5001,274,4,1,0.008044084534049034,0.008058961480855942,500.0,10.300000190734863,497.76043701171875
old_reserved,selected,5001,275,4,1,0.008058961480855942,0.008064193651080132,500.0,10.199999809265137,498.515625
old_reserved,selected,5001,276,4,1,0.008064193651080132,0.008048097603023052,500.0,59.400001525878906,500.0
old_reserved,selected,5001,277,4,1,0.008048097603023052,0.008036375045776367,500.0,9.600000381469727,499.97918701171875
old_reserved,selected,5001,278,4,1,0.008036375045776367,0.00802928488701582,500.0,9.5,499.875
old_reserved,selected,5001,279,4,1,0.00802928488701582,0.008021952584385872,500.0,10.0,500.0
old_reserved,selected,5001,280,4,1,0.008021952584385872,0.008031019009649754,500.0,9.5,499.078125
old_reserved,selected,5001,281,4,1,0.008031019009649754,0.008068336173892021,500.0,9.90000057220459,496.609375
old_reserved,selected,5001,282,4,1,0.008068336173892021,0.008051195181906223,500.0,10.199999809265137,500.0
old_reserved,selected,5001,283,4,1,0.008051195181906223,0.008134281262755394,500.0,9.800000190734863,487.96356201171875
old_reserved,selected,5001,284,4,1,0.008134281262755394,0.008109630085527897,500.0,9.600000381469727,499.4166564941406
old_reserved,selected,5001,285,4,1,0.008109630085527897,0.008115057833492756,500.0,10.0,497.51043701171875
old_reserved,selected,5001,286,4,1,0.008115057833492756,0.008087367750704288,500.0,9.5,499.92706298828125
old_reserved,selected,5001,287,4,1,0.008087367750704288,0.008087352849543095,500.0,9.40000057220459,498.5677185058594
old_reserved,selected,5001,288,4,1,0.008087352849543095,0.008181559853255749,500.0,9.5,480.1510314941406
old_reserved,selected,5001,289,4,1,0.008181559853255749,0.008214142173528671,500.0,9.300000190734863,493.0052185058594
old_reserved,selected,5001,290,4,1,0.008214142173528671,0.008186453953385353,500.0,9.40000057220459,497.98956298828125
old_reserved,selected,5001,291,4,1,0.008186453953385353,0.008214655332267284,500.0,9.600000381469727,493.61981201171875
old_reserved,selected,5001,292,4,1,0.008214655332267284,0.00826361496001482,500.0,9.600000381469727,486.0
old_reserved,selected,5001,293,4,1,0.00826361496001482,0.008302419446408749,500.0,9.300000190734863,488.35418701171875
old_reserved,selected,5001,294,4,1,0.008302419446408749,0.008341411128640175,500.0,9.699999809265137,487.3958740234375
old_reserved,selected,5001,295,4,1,0.008341411128640175,0.008332868106663227,500.0,9.5,492.55731201171875
old_reserved,selected,5001,296,4,1,0.008332868106663227,0.00833570584654808,500.0,9.300000190734863,492.11456298828125
old_reserved,selected,5001,297,4,1,0.00833570584654808,0.008250479586422443,500.0,9.600000381469727,500.0
old_reserved,selected,5001,298,4,1,0.008250479586422443,0.008205744437873363,500.0,9.199999809265137,498.60418701171875
old_reserved,selected,5001,299,4,1,0.008205744437873363,0.008204062469303608,500.0,9.199999809265137,494.734375
old_reserved,selected,5001,300,4,1,0.008204062469303608,0.008184350095689297,500.0,9.600000381469727,497.4895935058594
old_reserved,selected,5001,301,4,1,0.008184350095689297,0.008186609484255314,500.0,9.699999809265137,496.09375
old_reserved,selected,5001,302,4,1,0.008186609484255314,0.008192787878215313,500.0,9.699999809265137,494.8229064941406
old_reserved,selected,5001,303,4,1,0.008192787878215313,0.008267528377473354,500.0,9.5,483.41668701171875
old_reserved,selected,5001,304,4,1,0.008267528377473354,0.008322278037667274,500.0,9.90000057220459,478.2083740234375
old_reserved,selected,5001,305,4,1,0.008322278037667274,0.008322710171341896,500.0,9.699999809265137,489.15625
old_reserved,selected,5001,306,4,1,0.008322710171341896,0.00837681069970131,500.0,9.5,481.3541564941406
old_reserved,selected,5001,307,4,1,0.00837681069970131,0.008397210389375687,500.0,9.5,474.08856201171875
old_reserved,selected,5001,308,4,1,0.008397210389375687,0.008368518203496933,500.0,9.40000057220459,490.91143798828125
old_reserved,selected,5001,309,4,1,0.008368518203496933,0.008321642875671387,500.0,9.0,494.9270935058594
old_reserved,selected,5001,310,4,1,0.008321642875671387,0.008331592194736004,500.0,9.300000190734863,483.06768798828125
old_reserved,selected,5001,311,4,1,0.008331592194736004,0.008285773918032646,500.0,9.40000057220459,496.05206298828125
old_reserved,selected,5001,312,4,1,0.008285773918032646,0.008284145966172218,500.0,9.40000057220459,492.1041564941406
old_reserved,selected,5001,313,4,1,0.008284145966172218,0.008320705965161324,500.0,9.199999809265137,484.8541564941406
old_reserved,selected,5001,314,4,1,0.008320705965161324,0.008323682472109795,500.0,9.5,489.734375
old_reserved,selected,5001,315,4,1,0.008323682472109795,0.00828216690570116,500.0,9.40000057220459,495.53125
old_reserved,selected,5001,316,4,1,0.00828216690570116,0.008279462344944477,500.0,9.199999809265137,490.29168701171875
old_reserved,selected,5001,317,4,1,0.008279462344944477,0.008309105411171913,500.0,9.5,487.9375
old_reserved,selected,5001,318,4,1,0.008309105411171913,0.00827718898653984,500.0,9.600000381469727,495.05206298828125
old_reserved,selected,5001,319,4,1,0.00827718898653984,0.008293090388178825,500.0,10.40000057220459,490.77606201171875
old_reserved,selected,5002,0,1,0,0.5,0.3405434489250183,9.199999809265137,9.40000057220459,12.885417938232422
old_reserved,selected,5002,1,1,0,0.3405434489250183,0.2513059377670288,9.199999809265137,9.100000381469727,17.463542938232422
old_reserved,selected,5002,2,1,0,0.2513059377670288,0.18509837985038757,9.699999809265137,9.5,22.46354103088379
old_reserved,selected,5002,3,1,0,0.18509837985038757,0.13557535409927368,10.0,11.699999809265137,36.739585876464844
old_reserved,selected,5002,4,1,0,0.13557535409927368,0.08727623522281647,9.300000190734863,9.40000057220459,54.16666793823242
old_reserved,selected,5002,5,1,0,0.08727623522281647,0.05707186087965965,9.199999809265137,9.199999809265137,86.515625
old_reserved,selected,5002,6,1,0,0.05707186087965965,0.04100305587053299,9.300000190734863,9.5,95.1875
old_reserved,selected,5002,7,1,0,0.04100305587053299,0.03081652708351612,12.800000190734863,19.80000114440918,144.0
old_reserved,selected,5002,8,1,0,0.03081652708351612,0.02413155883550644,10.800000190734863,67.30000305175781,200.03128051757812
old_reserved,selected,5002,9,1,0,0.02413155883550644,0.019537709653377533,13.40000057220459,47.5,241.74998474121094
old_reserved,selected,5002,10,1,0,0.019537709653377533,0.01619385927915573,24.600000381469727,167.10000610351562,314.84893798828125
old_reserved,selected,5002,11,1,0,0.01619385927915573,0.013672993518412113,500.0,448.20001220703125,424.08856201171875
old_reserved,selected,5002,12,1,0,0.013672993518412113,0.011970983818173409,500.0,406.0,483.30206298828125
old_reserved,selected,5002,13,1,0,0.011970983818173409,0.010838464833796024,500.0,457.6000061035156,469.97918701171875
old_reserved,selected,5002,14,1,0,0.010838464833796024,0.010050931014120579,500.0,500.0,487.71875
old_reserved,selected,5002,15,1,0,0.010050931014120579,0.009496194310486317,500.0,420.70001220703125,492.3333435058594
old_reserved,selected,5002,16,1,0,0.009496194310486317,0.009099781513214111,500.0,418.20001220703125,492.66143798828125
old_reserved,selected,5002,17,1,0,0.009099781513214111,0.008812147192656994,500.0,407.0,496.77081298828125
old_reserved,selected,5002,18,1,0,0.008812147192656994,0.008602200075984001,500.0,408.6000061035156,496.69793701171875
old_reserved,selected,5002,19,1,0,0.008602200075984001,0.008447527885437012,500.0,367.6000061035156,500.0
old_reserved,selected,5002,20,1,0,0.008447527885437012,0.008333432488143444,500.0,363.3000183105469,499.421875
old_reserved,selected,5002,21,1,0,0.008333432488143444,0.00824879202991724,500.0,409.8999938964844,500.0
old_reserved,selected,5002,22,1,0,0.00824879202991724,0.008186828345060349,500.0,357.70001220703125,496.78643798828125
old_reserved,selected,5002,23,1,0,0.008186828345060349,0.008141638711094856,500.0,320.70001220703125,496.546875
old_reserved,selected,5002,24,1,0,0.008141638711094856,0.008110535331070423,500.0,403.3000183105469,493.8125
old_reserved,selected,5002,25,1,0,0.008110535331070423,0.008085910230875015,500.0,191.1999969482422,498.046875
old_reserved,selected,5002,26,1,0,0.008085910230875015,0.008073357865214348,500.0,178.10000610351562,495.75
old_reserved,selected,5002,27,1,0,0.008073357865214348,0.008084811270236969,500.0,244.60000610351562,478.94793701171875
old_reserved,selected,5002,28,1,0,0.008084811270236969,0.008065320551395416,500.0,471.1000061035156,499.58331298828125
old_reserved,selected,5002,29,1,0,0.008065320551395416,0.008086562156677246,500.0,475.0,486.47918701171875
old_reserved,selected,5002,30,1,0,0.008086562156677246,0.008082976564764977,500.0,347.0,496.6770935058594
old_reserved,selected,5002,31,1,0,0.008082976564764977,0.008062152191996574,500.0,433.6000061035156,500.0
old_reserved,selected,5002,32,1,0,0.008062152191996574,0.008095057681202888,500.0,292.70001220703125,487.83856201171875
old_reserved,selected,5002,33,1,0,0.008095057681202888,0.008086450397968292,500.0,292.5,497.9270935058594
old_reserved,selected,5002,34,1,0,0.008086450397968292,0.008084086701273918,500.0,242.60000610351562,497.4375
old_reserved,selected,5002,35,1,0,0.008084086701273918,0.008077933453023434,500.0,184.40000915527344,498.2864685058594
old_reserved,selected,5002,36,1,0,0.008077933453023434,0.008111432194709778,500.0,220.0,490.03125
old_reserved,selected,5002,37,1,0,0.008111432194709778,0.008118257857859135,500.0,171.0,495.78125
old_reserved,selected,5002,38,1,0,0.008118257857859135,0.008151369169354439,500.0,176.3000030517578,489.03125
old_reserved,selected,5002,39,1,0,0.008151369169354439,0.008113258518278599,500.0,316.5,500.0
old_reserved,selected,5002,40,1,0,0.008113258518278599,0.00811687670648098,500.0,258.3000183105469,496.546875
old_reserved,selected,5002,41,1,0,0.00811687670648098,0.008129255846142769,500.0,242.3000030517578,495.8177185058594
old_reserved,selected,5002,42,1,0,0.008129255846142769,0.008141141384840012,500.0,284.0,495.6302185058594
old_reserved,selected,5002,43,1,0,0.008141141384840012,0.008184022270143032,500.0,207.10000610351562,490.3333435058594
old_reserved,selected,5002,44,1,0,0.008184022270143032,0.008195471949875355,500.0,345.3999938964844,494.26043701171875
old_reserved,selected,5002,45,1,0,0.008195471949875355,0.008207552134990692,500.0,409.20001220703125,494.515625
old_reserved,selected,5002,46,1,0,0.008207552134990692,0.008248544298112392,500.0,297.8000183105469,489.8802185058594
old_reserved,selected,5002,47,1,0,0.008248544298112392,0.008203326724469662,500.0,294.6000061035156,498.74481201171875
old_reserved,selected,5002,48,1,0,0.008203326724469662,0.0081973597407341,500.0,268.70001220703125,496.3333435058594
old_reserved,selected,5002,49,1,0,0.0081973597407341,0.008213295601308346,500.0,196.0,494.34375
old_reserved,selected,5002,50,1,0,0.008213295601308346,0.008213303983211517,500.0,211.1999969482422,495.96875
old_reserved,selected,5002,51,1,0,0.008213303983211517,0.008236509747803211,500.0,209.1999969482422,492.265625
old_reserved,selected,5002,52,1,0,0.008236509747803211,0.008291437290608883,500.0,203.0,485.4635314941406
old_reserved,selected,5002,53,1,0,0.008291437290608883,0.008246884681284428,500.0,186.90000915527344,497.84375
old_reserved,selected,5002,54,1,0,0.008246884681284428,0.008194170892238617,500.0,204.10000610351562,499.33331298828125
old_reserved,selected,5002,55,1,0,0.008194170892238617,0.008191198110580444,500.0,186.1999969482422,496.20831298828125
old_reserved,selected,5002,56,1,0,0.008191198110580444,0.008212230168282986,500.0,171.3000030517578,494.1302185058594
old_reserved,selected,5002,57,1,0,0.008212230168282986,0.00819543655961752,500.0,191.60000610351562,497.18231201171875
old_reserved,selected,5002,58,1,0,0.00819543655961752,0.0081461351364851,500.0,203.1999969482422,500.0
old_reserved,selected,5002,59,1,0,0.0081461351364851,0.008206609636545181,500.0,211.0,488.05206298828125
old_reserved,selected,5002,60,1,0,0.008206609636545181,0.008157800883054733,500.0,154.90000915527344,499.7760314941406
old_reserved,selected,5002,61,1,0,0.008157800883054733,0.00814706739038229,500.0,185.3000030517578,497.65106201171875
old_reserved,selected,5002,62,1,0,0.00814706739038229,0.00814755354076624,500.0,179.5,497.03643798828125
old_reserved,selected,5002,63,1,0,0.00814755354076624,0.00817894283682108,500.0,167.6999969482422,493.40106201171875
old_reserved,selected,5002,64,1,0,0.00817894283682108,0.008134335279464722,500.0,170.10000610351562,499.96875
old_reserved,selected,5002,65,1,0,0.008134335279464722,0.008157551288604736,500.0,172.3000030517578,492.484375
old_reserved,selected,5002,66,1,0,0.008157551288604736,0.008229467086493969,500.0,192.5,482.3125
old_reserved,selected,5002,67,1,0,0.008229467086493969,0.008229898288846016,500.0,173.3000030517578,494.84375
old_reserved,selected,5002,68,1,0,0.008229898288846016,0.00826408714056015,500.0,192.1999969482422,489.3125
old_reserved,selected,5002,69,1,0,0.00826408714056015,0.008304787799715996,500.0,166.8000030517578,487.3177185058594
old_reserved,selected,5002,70,1,0,0.008304787799715996,0.008314721286296844,500.0,150.60000610351562,490.4166564941406
old_reserved,selected,5002,71,1,0,0.008314721286296844,0.008348474279046059,500.0,200.10000610351562,476.41143798828125
old_reserved,selected,5002,72,1,0,0.008348474279046059,0.008316771127283573,500.0,189.10000610351562,491.8385314941406
old_reserved,selected,5002,73,1,0,0.008316771127283573,0.008275159634649754,500.0,197.0,496.609375
old_reserved,selected,5002,74,1,0,0.008275159634649754,0.00822404958307743,500.0,197.0,498.46356201171875
old_reserved,selected,5002,75,1,0,0.00822404958307743,0.008219784125685692,500.0,161.90000915527344,495.00518798828125
old_reserved,selected,5002,76,1,0,0.008219784125685692,0.008220359683036804,500.0,200.3000030517578,494.875
old_reserved,selected,5002,77,1,0,0.008220359683036804,0.00820094533264637,500.0,188.1999969482422,496.796875
old_reserved,selected,5002,78,1,0,0.00820094533264637,0.008179796859622002,500.0,175.60000610351562,497.68231201171875
old_reserved,selected,5002,79,1,0,0.008179796859622002,0.008187421597540379,500.0,186.40000915527344,495.90625
old_reserved,selected,5002,80,2,1,0.008187421597540379,0.01847018674015999,174.6999969482422,500.0,155.91665649414062
old_reserved,selected,5002,81,2,1,0.01847018674015999,0.02693343535065651,179.10000610351562,500.0,177.60418701171875
old_reserved,selected,5002,82,2,1,0.02693343535065651,0.031102202832698822,204.60000610351562,500.0,168.15103149414062
old_reserved,selected,5002,83,2,1,0.031102202832698822,0.02746341936290264,192.6999969482422,500.0,175.96356201171875
old_reserved,selected,5002,84,2,1,0.02746341936290264,0.026767786592245102,202.10000610351562,500.0,185.609375
old_reserved,selected,5002,85,2,1,0.026767786592245102,0.02249034494161606,212.3000030517578,500.0,196.5572967529297
old_reserved,selected,5002,86,2,1,0.02249034494161606,0.01930580660700798,195.90000915527344,500.0,218.88021850585938
old_reserved,selected,5002,87,2,1,0.01930580660700798,0.016977299004793167,305.3999938964844,500.0,258.8697509765625
old_reserved,selected,5002,88,2,1,0.016977299004793167,0.014941313304007053,348.8999938964844,500.0,311.6197509765625
old_reserved,selected,5002,89,2,1,0.014941313304007053,0.013166217133402824,496.70001220703125,500.0,375.46875
old_reserved,selected,5002,90,2,1,0.013166217133402824,0.011809596791863441,500.0,500.0,417.56768798828125
old_reserved,selected,5002,91,2,1,0.011809596791863441,0.010771548375487328,500.0,500.0,455.0625
old_reserved,selected,5002,92,2,1,0.010771548375487328,0.010035865008831024,500.0,500.0,473.6927185058594
old_reserved,selected,5002,93,2,1,0.010035865008831024,0.009504551999270916,500.0,500.0,481.2239685058594
old_reserved,selected,5002,94,2,1,0.009504551999270916,0.009118667803704739,500.0,500.0,484.421875
old_reserved,selected,5002,95,2,1,0.009118667803704739,0.00883458461612463,500.0,500.0,487.5
old_reserved,selected,5002,96,2,1,0.00883458461612463,0.008631446398794651,500.0,500.0,478.94268798828125
old_reserved,selected,5002,97,2,1,0.008631446398794651,0.008472830057144165,500.0,500.0,495.625
old_reserved,selected,5002,98,2,1,0.008472830057144165,0.008361234329640865,500.0,500.0,485.2239685058594
old_reserved,selected,5002,99,2,1,0.008361234329640865,0.008280745707452297,500.0,500.0,480.84375
old_reserved,selected,5002,100,2,1,0.008280745707452297,0.008216127753257751,500.0,500.0,491.5833435058594
old_reserved,selected,5002,101,2,1,0.008216127753257751,0.008167924359440804,500.0,500.0,493.25518798828125
old_reserved,selected,5002,102,2,1,0.008167924359440804,0.0081267599016428,500.0,500.0,499.19793701171875
old_reserved,selected,5002,103,2,1,0.0081267599016428,0.008113525807857513,500.0,500.0,487.88543701171875
old_reserved,selected,5002,104,2,1,0.008113525807857513,0.008090912364423275,500.0,500.0,497.41143798828125
old_reserved,selected,5002,105,2,1,0.008090912364423275,0.008081947453320026,500.0,500.0,493.25
old_reserved,selected,5002,106,2,1,0.008081947453320026,0.00807730108499527,500.0,500.0,495.71356201171875
old_reserved,selected,5002,107,2,1,0.00807730108499527,0.008087429217994213,500.0,500.0,493.0
old_reserved,selected,5002,108,2,1,0.008087429217994213,0.008121456019580364,500.0,500.0,483.75
old_reserved,selected,5002,109,2,1,0.008121456019580364,0.008160313591361046,500.0,500.0,487.453125
old_reserved,selected,5002,110,2,1,0.008160313591361046,0.008198630064725876,500.0,500.0,479.3645935058594
old_reserved,selected,5002,111,2,1,0.008198630064725876,0.00815507024526596,500.0,500.0,499.2395935058594
old_reserved,selected,5002,112,2,1,0.00815507024526596,0.008116020821034908,500.0,500.0,500.0
old_reserved,selected,5002,113,2,1,0.008116020821034908,0.008127301931381226,500.0,500.0,494.40106201171875
old_reserved,selected,5002,114,2,1,0.008127301931381226,0.008122459053993225,500.0,500.0,496.72393798828125
old_reserved,selected,5002,115,2,1,0.008122459053993225,0.00813513807952404,500.0,500.0,492.41143798828125
old_reserved,selected,5002,116,2,1,0.00813513807952404,0.00812087208032608,500.0,500.0,498.05206298828125
old_reserved,selected,5002,117,2,1,0.00812087208032608,0.008156174793839455,500.0,500.0,493.375
old_reserved,selected,5002,118,2,1,0.008156174793839455,0.00818862859159708,500.0,500.0,492.5
old_reserved,selected,5002,119,2,1,0.00818862859159708,0.008240402676165104,500.0,500.0,483.08331298828125
old_reserved,selected,5002,120,2,1,0.008240402676165104,0.00822671689093113,500.0,500.0,495.52081298828125
old_reserved,selected,5002,121,2,1,0.00822671689093113,0.008244769647717476,500.0,500.0,490.90625
old_reserved,selected,5002,122,2,1,0.008244769647717476,0.008279292844235897,500.0,500.0,489.875
old_reserved,selected,5002,123,2,1,0.008279292844235897,0.008240988478064537,500.0,500.0,497.25
old_reserved,selected,5002,124,2,1,0.008240988478064537,0.008188648149371147,500.0,500.0,499.375
old_reserved,selected,5002,125,2,1,0.008188648149371147,0.00824741180986166,500.0,500.0,465.921875
old_reserved,selected,5002,126,2,1,0.00824741180986166,0.008260888047516346,500.0,500.0,485.86456298828125
old_reserved,selected,5002,127,2,1,0.008260888047516346,0.008286137133836746,500.0,500.0,489.06768798828125
old_reserved,selected,5002,128,2,1,0.008286137133836746,0.008330472745001316,500.0,500.0,477.28125
old_reserved,selected,5002,129,2,1,0.008330472745001316,0.008332649245858192,500.0,500.0,488.390625
old_reserved,selected,5002,130,2,1,0.008332649245858192,0.00829579122364521,500.0,500.0,494.953125
old_reserved,selected,5002,131,2,1,0.00829579122364521,0.00827046949416399,500.0,500.0,494.61981201171875
old_reserved,selected,5002,132,2,1,0.00827046949416399,0.0082705644890666,500.0,500.0,492.41143798828125
old_reserved,selected,5002,133,2,1,0.0082705644890666,0.008275467902421951,500.0,500.0,492.65625
old_reserved,selected,5002,134,2,1,0.008275467902421951,0.008232049643993378,500.0,500.0,497.859375
old_reserved,selected,5002,135,2,1,0.008232049643993378,0.008273609913885593,500.0,500.0,485.65106201171875
old_reserved,selected,5002,136,2,1,0.008273609913885593,0.008278545923531055,500.0,500.0,491.5416564941406
old_reserved,selected,5002,137,2,1,0.008278545923531055,0.00830181036144495,500.0,500.0,488.984375
old_reserved,selected,5002,138,2,1,0.00830181036144495,0.00835648737847805,500.0,500.0,472.81768798828125
old_reserved,selected,5002,139,2,1,0.00835648737847805,0.00836874172091484,500.0,500.0,486.03125
old_reserved,selected,5002,140,2,1,0.00836874172091484,0.008317211642861366,500.0,500.0,495.21875
old_reserved,selected,5002,141,2,1,0.008317211642861366,0.008332470431923866,500.0,500.0,480.13018798828125
old_reserved,selected,5002,142,2,1,0.008332470431923866,0.00835010688751936,500.0,500.0,486.16668701171875
old_reserved,selected,5002,143,2,1,0.00835010688751936,0.008323920890688896,500.0,500.0,493.1666564941406
old_reserved,selected,5002,144,2,1,0.008323920890688896,0.008318385109305382,500.0,500.0,489.8177185058594
old_reserved,selected,5002,145,2,1,0.008318385109305382,0.00826891977339983,500.0,500.0,497.296875
old_reserved,selected,5002,146,2,1,0.00826891977339983,0.00828876905143261,500.0,500.0,491.32293701171875
old_reserved,selected,5002,147,2,1,0.00828876905143261,0.008261309936642647,500.0,500.0,495.7552185058594
old_reserved,selected,5002,148,2,1,0.008261309936642647,0.008245410397648811,500.0,500.0,495.24481201171875
old_reserved,selected,5002,149,2,1,0.008245410397648811,0.00824358593672514,500.0,500.0,494.3125
old_reserved,selected,5002,150,2,1,0.00824358593672514,0.008267449215054512,500.0,500.0,491.86981201171875
old_reserved,selected,5002,151,2,1,0.008267449215054512,0.008286642841994762,500.0,500.0,492.375
old_reserved,selected,5002,152,2,1,0.008286642841994762,0.008279900066554546,500.0,500.0,494.703125
old_reserved,selected,5002,153,2,1,0.008279900066554546,0.008231676183640957,500.0,500.0,498.44268798828125
old_reserved,selected,5002,154,2,1,0.008231676183640957,0.008189510554075241,500.0,500.0,498.890625
old_reserved,selected,5002,155,2,1,0.008189510554075241,0.008216578513383865,500.0,500.0,493.60418701171875
old_reserved,selected,5002,156,2,1,0.008216578513383865,0.008308213204145432,500.0,500.0,482.9271240234375
old_reserved,selected,5002,157,2,1,0.008308213204145432,0.008275148458778858,500.0,500.0,496.1614685058594
old_reserved,selected,5002,158,2,1,0.008275148458778858,0.008242732845246792,500.0,500.0,496.74481201171875
old_reserved,selected,5002,159,2,1,0.008242732845246792,0.008200287818908691,500.0,500.0,498.625
old_reserved,selected,5002,160,3,0,0.008200287818908691,0.011359605006873608,500.0,500.0,388.57293701171875
old_reserved,selected,5002,161,3,0,0.011359605006873608,0.010517515242099762,500.0,500.0,485.3125
old_reserved,selected,5002,162,3,0,0.010517515242099762,0.009835588745772839,500.0,500.0,498.8697814941406
old_reserved,selected,5002,163,3,0,0.009835588745772839,0.009363777004182339,500.0,500.0,497.3541564941406
old_reserved,selected,5002,164,3,0,0.009363777004182339,0.009054274298250675,500.0,500.0,492.984375
old_reserved,selected,5002,165,3,0,0.009054274298250675,0.008859951980412006,500.0,500.0,485.04168701171875
old_reserved,selected,5002,166,3,0,0.008859951980412006,0.008637716993689537,500.0,500.0,499.90625
old_reserved,selected,5002,167,3,0,0.008637716993689537,0.008524279110133648,500.0,500.0,492.4947814941406
old_reserved,selected,5002,168,3,0,0.008524279110133648,0.008427579887211323,500.0,500.0,495.828125
old_reserved,selected,5002,169,3,0,0.008427579887211323,0.008324583992362022,500.0,500.0,499.453125
old_reserved,selected,5002,170,3,0,0.008324583992362022,0.008242222480475903,500.0,500.0,500.0
old_reserved,selected,5002,171,3,0,0.008242222480475903,0.008216248825192451,500.0,500.0,495.81768798828125
old_reserved,selected,5002,172,3,0,0.008216248825192451,0.00817234255373478,500.0,500.0,499.07293701171875
old_reserved,selected,5002,173,3,0,0.00817234255373478,0.008128910325467587,500.0,500.0,500.0
old_reserved,selected,5002,174,3,0,0.008128910325467587,0.008123164065182209,500.0,500.0,497.51043701171875
old_reserved,selected,5002,175,3,0,0.008123164065182209,0.00815921276807785,500.0,500.0,490.5
old_reserved,selected,5002,176,3,0,0.00815921276807785,0.008224602788686752,500.0,500.0,481.5416564941406
old_reserved,selected,5002,177,3,0,0.008224602788686752,0.008206883445382118,500.0,500.0,495.91143798828125
old_reserved,selected,5002,178,3,0,0.008206883445382118,0.008233945816755295,500.0,500.0,488.8072814941406
old_reserved,selected,5002,179,3,0,0.008233945816755295,0.008233372122049332,500.0,500.0,494.125
old_reserved,selected,5002,180,3,0,0.008233372122049332,0.00819212757050991,500.0,500.0,498.5989685058594
old_reserved,selected,5002,181,3,0,0.00819212757050991,0.008143668994307518,500.0,500.0,500.0
old_reserved,selected,5002,182,3,0,0.008143668994307518,0.008107511326670647,500.0,500.0,500.0
old_reserved,selected,5002,183,3,0,0.008107511326670647,0.00814760010689497,500.0,500.0,490.1458435058594
old_reserved,selected,5002,184,3,0,0.00814760010689497,0.008199408650398254,500.0,500.0,486.7135314941406
old_reserved,selected,5002,185,3,0,0.008199408650398254,0.008199826814234257,500.0,500.0,494.125
old_reserved,selected,5002,186,3,0,0.008199826814234257,0.008184966631233692,500.0,500.0,496.8697814941406
old_reserved,selected,5002,187,3,0,0.008184966631233692,0.008138327859342098,500.0,500.0,500.0
old_reserved,selected,5002,188,3,0,0.008138327859342098,0.008103522472083569,500.0,500.0,500.0
old_reserved,selected,5002,189,3,0,0.008103522472083569,0.008128379471600056,500.0,500.0,494.578125
old_reserved,selected,5002,190,3,0,0.008128379471600056,0.008104821667075157,500.0,500.0,499.3802185058594
old_reserved,selected,5002,191,3,0,0.008104821667075157,0.008148450404405594,500.0,500.0,492.70831298828125
old_reserved,selected,5002,192,3,0,0.008148450404405594,0.008202732540667057,500.0,500.0,488.6614685058594
old_reserved,selected,5002,193,3,0,0.008202732540667057,0.008198633790016174,500.0,500.0,495.4427185058594
old_reserved,selected,5002,194,3,0,0.008198633790016174,0.008188269101083279,500.0,500.0,496.40625
old_reserved,selected,5002,195,3,0,0.008188269101083279,0.008197055198252201,500.0,500.0,493.42706298828125
old_reserved,selected,5002,196,3,0,0.008197055198252201,0.008178388699889183,500.0,500.0,497.57293701171875
old_reserved,selected,5002,197,3,0,0.008178388699889183,0.00816856324672699,500.0,500.0,497.1875
old_reserved,selected,5002,198,3,0,0.00816856324672699,0.008177550509572029,500.0,500.0,495.9895935058594
old_reserved,selected,5002,199,3,0,0.008177550509572029,0.008132795803248882,500.0,500.0,500.0
old_reserved,selected,5002,200,3,0,0.008132795803248882,0.008169525302946568,500.0,500.0,493.52081298828125
old_reserved,selected,5002,201,3,0,0.008169525302946568,0.0082010542973876,500.0,500.0,492.0260314941406
old_reserved,selected,5002,202,3,0,0.0082010542973876,0.008220002986490726,500.0,500.0,493.18231201171875
old_reserved,selected,5002,203,3,0,0.008220002986490726,0.008252116851508617,500.0,500.0,492.3489685058594
old_reserved,selected,5002,204,3,0,0.008252116851508617,0.008205443620681763,500.0,500.0,498.84375
old_reserved,selected,5002,205,3,0,0.008205443620681763,0.008227799087762833,500.0,500.0,493.375
old_reserved,selected,5002,206,3,0,0.008227799087762833,0.008237283676862717,500.0,500.0,494.140625
old_reserved,selected,5002,207,3,0,0.008237283676862717,0.008266313932836056,500.0,500.0,490.69793701171875
old_reserved,selected,5002,208,3,0,0.008266313932836056,0.008283928968012333,500.0,500.0,491.11981201171875
old_reserved,selected,5002,209,3,0,0.008283928968012333,0.008280377835035324,500.0,500.0,493.30206298828125
old_reserved,selected,5002,210,3,0,0.008280377835035324,0.008209376595914364,500.0,500.0,500.0
old_reserved,selected,5002,211,3,0,0.008209376595914364,0.008182344026863575,500.0,500.0,498.234375
old_reserved,selected,5002,212,3,0,0.008182344026863575,0.008228662423789501,500.0,500.0,489.46356201171875
old_reserved,selected,5002,213,3,0,0.008228662423789501,0.008231550455093384,500.0,500.0,494.19793701171875
old_reserved,selected,5002,214,3,0,0.008231550455093384,0.00823878776282072,500.0,500.0,494.41668701171875
old_reserved,selected,5002,215,3,0,0.00823878776282072,0.008238929323852062,500.0,500.0,495.46875
old_reserved,selected,5002,216,3,0,0.008238929323852062,0.00825648196041584,500.0,500.0,493.19793701171875
old_reserved,selected,5002,217,3,0,0.00825648196041584,0.0082539739087224,500.0,500.0,495.21356201171875
old_reserved,selected,5002,218,3,0,0.0082539739087224,0.008238171227276325,500.0,500.0,496.09893798828125
old_reserved,selected,5002,219,3,0,0.008238171227276325,0.008177971467375755,500.0,500.0,500.0
old_reserved,selected,5002,220,3,0,0.008177971467375755,0.008133109658956528,500.0,500.0,500.0
old_reserved,selected,5002,221,3,0,0.008133109658956528,0.008134820498526096,500.0,500.0,497.38543701171875
old_reserved,selected,5002,222,3,0,0.008134820498526096,0.00810090359300375,500.0,500.0,500.0
old_reserved,selected,5002,223,3,0,0.00810090359300375,0.008075556717813015,500.0,500.0,500.0
old_reserved,selected,5002,224,3,0,0.008075556717813015,0.008087522350251675,500.0,500.0,497.828125
old_reserved,selected,5002,225,3,0,0.008087522350251675,0.008065551519393921,500.0,500.0,500.0
old_reserved,selected,5002,226,3,0,0.008065551519393921,0.008049114607274532,500.0,500.0,500.0
old_reserved,selected,5002,227,3,0,0.008049114607274532,0.008036808110773563,500.0,500.0,500.0
old_reserved,selected,5002,228,3,0,0.008036808110773563,0.008027588948607445,500.0,500.0,500.0
old_reserved,selected,5002,229,3,0,0.008027588948607445,0.008020682260394096,500.0,500.0,500.0
old_reserved,selected,5002,230,3,0,0.008020682260394096,0.008015505969524384,500.0,500.0,500.0
old_reserved,selected,5002,231,3,0,0.008015505969524384,0.008033087477087975,500.0,500.0,498.6822814941406
old_reserved,selected,5002,232,3,0,0.008033087477087975,0.008024802431464195,500.0,500.0,500.0
old_reserved,selected,5002,233,3,0,0.008024802431464195,0.008075406774878502,500.0,500.0,494.6875
old_reserved,selected,5002,234,3,0,0.008075406774878502,0.008056487888097763,500.0,500.0,500.0
old_reserved,selected,5002,235,3,0,0.008056487888097763,0.00804232805967331,500.0,500.0,500.0
old_reserved,selected,5002,236,3,0,0.00804232805967331,0.008088760077953339,500.0,498.20001220703125,495.796875
old_reserved,selected,5002,237,3,0,0.008088760077953339,0.008066478185355663,500.0,500.0,500.0
old_reserved,selected,5002,238,3,0,0.008066478185355663,0.008049805648624897,500.0,496.8000183105469,500.0
old_reserved,selected,5002,239,3,0,0.008049805648624897,0.008063951507210732,500.0,500.0,498.36981201171875
old_reserved,selected,5002,240,4,1,0.008063951507210732,0.008307741954922676,500.0,500.0,454.0052185058594
old_reserved,selected,5002,241,4,1,0.008307741954922676,0.008307374082505703,500.0,500.0,493.2239685058594
old_reserved,selected,5002,242,4,1,0.008307374082505703,0.00824909470975399,500.0,500.0,498.5677185058594
old_reserved,selected,5002,243,4,1,0.00824909470975399,0.008186101913452148,500.0,500.0,500.0
old_reserved,selected,5002,244,4,1,0.008186101913452148,0.008139173500239849,500.0,500.0,500.0
old_reserved,selected,5002,245,4,1,0.008139173500239849,0.008104156702756882,500.0,500.0,500.0
old_reserved,selected,5002,246,4,1,0.008104156702756882,0.00807799119502306,500.0,500.0,500.0
old_reserved,selected,5002,247,4,1,0.00807799119502306,0.008058424107730389,500.0,500.0,500.0
old_reserved,selected,5002,248,4,1,0.008058424107730389,0.008043778128921986,500.0,500.0,500.0
old_reserved,selected,5002,249,4,1,0.008043778128921986,0.008032811805605888,500.0,500.0,500.0
old_reserved,selected,5002,250,4,1,0.008032811805605888,0.00802459567785263,500.0,500.0,500.0
old_reserved,selected,5002,251,4,1,0.00802459567785263,0.008018437772989273,500.0,500.0,500.0
old_reserved,selected,5002,252,4,1,0.008018437772989273,0.008013824000954628,500.0,500.0,500.0
old_reserved,selected,5002,253,4,1,0.008013824000954628,0.008010366931557655,500.0,500.0,500.0
old_reserved,selected,5002,254,4,1,0.008010366931557655,0.00804116576910019,500.0,500.0,497.70831298828125
old_reserved,selected,5002,255,4,1,0.00804116576910019,0.008039399050176144,500.0,500.0,499.48956298828125
old_reserved,selected,5002,256,4,1,0.008039399050176144,0.008029529824852943,500.0,500.0,500.0
old_reserved,selected,5002,257,4,1,0.008029529824852943,0.008022136054933071,500.0,500.0,500.0
old_reserved,selected,5002,258,4,1,0.008022136054933071,0.008016594685614109,500.0,500.0,500.0
old_reserved,selected,5002,259,4,1,0.008016594685614109,0.008012444712221622,500.0,500.0,500.0
old_reserved,selected,5002,260,4,1,0.008012444712221622,0.00802456121891737,500.0,500.0,499.11456298828125
old_reserved,selected,5002,261,4,1,0.00802456121891737,0.00802353210747242,500.0,500.0,499.7239685058594
old_reserved,selected,5002,262,4,1,0.00802353210747242,0.008017642423510551,500.0,500.0,500.0
old_reserved,selected,5002,263,4,1,0.008017642423510551,0.008013227954506874,500.0,500.0,500.0
old_reserved,selected,5002,264,4,1,0.008013227954506874,0.00800991989672184,500.0,500.0,500.0
old_reserved,selected,5002,265,4,1,0.00800991989672184,0.00800743792206049,500.0,500.0,500.0
old_reserved,selected,5002,266,4,1,0.00800743792206049,0.008064959198236465,500.0,500.0,494.5833435058594
old_reserved,selected,5002,267,4,1,0.008064959198236465,0.00812301691621542,500.0,500.0,492.8020935058594
old_reserved,selected,5002,268,4,1,0.00812301691621542,0.00809208583086729,500.0,500.0,500.0
old_reserved,selected,5002,269,4,1,0.00809208583086729,0.008083023130893707,500.0,500.0,499.15106201171875
old_reserved,selected,5002,270,4,1,0.008083023130893707,0.008062186650931835,500.0,500.0,500.0
old_reserved,selected,5002,271,4,1,0.008062186650931835,0.008090673014521599,500.0,500.0,497.0625
old_reserved,selected,5002,272,4,1,0.008090673014521599,0.0081319035962224,500.0,500.0,495.2708435058594
old_reserved,selected,5002,273,4,1,0.0081319035962224,0.008098725229501724,500.0,500.0,500.0
old_reserved,selected,5002,274,4,1,0.008098725229501724,0.008073931559920311,500.0,500.0,500.0
old_reserved,selected,5002,275,4,1,0.008073931559920311,0.008090534247457981,500.0,500.0,497.49481201171875
old_reserved,selected,5002,276,4,1,0.008090534247457981,0.00806780532002449,500.0,500.0,500.0
old_reserved,selected,5002,277,4,1,0.00806780532002449,0.008050800301134586,500.0,500.0,500.0
old_reserved,selected,5002,278,4,1,0.008050800301134586,0.008038069121539593,500.0,500.0,500.0
old_reserved,selected,5002,279,4,1,0.008038069121539593,0.00802853424102068,500.0,500.0,500.0
old_reserved,selected,5002,280,4,1,0.00802853424102068,0.008057220838963985,500.0,500.0,497.48956298828125
old_reserved,selected,5002,281,4,1,0.008057220838963985,0.008137174881994724,500.0,500.0,489.94793701171875
old_reserved,selected,5002,282,4,1,0.008137174881994724,0.00810266099870205,500.0,500.0,500.0
old_reserved,selected,5002,283,4,1,0.00810266099870205,0.008076873607933521,500.0,500.0,500.0
old_reserved,selected,5002,284,4,1,0.008076873607933521,0.008057585917413235,500.0,500.0,500.0
old_reserved,selected,5002,285,4,1,0.008057585917413235,0.008043152280151844,500.0,500.0,500.0
old_reserved,selected,5002,286,4,1,0.008043152280151844,0.008032344281673431,500.0,500.0,500.0
old_reserved,selected,5002,287,4,1,0.008032344281673431,0.008024243637919426,500.0,500.0,500.0
old_reserved,selected,5002,288,4,1,0.008024243637919426,0.008018177933990955,500.0,500.0,500.0
old_reserved,selected,5002,289,4,1,0.008018177933990955,0.008013629354536533,500.0,500.0,500.0
old_reserved,selected,5002,290,4,1,0.008013629354536533,0.008095605298876762,500.0,500.0,489.921875
old_reserved,selected,5002,291,4,1,0.008095605298876762,0.008071599528193474,500.0,500.0,500.0
old_reserved,selected,5002,292,4,1,0.008071599528193474,0.008087888360023499,500.0,500.0,497.4947814941406
old_reserved,selected,5002,293,4,1,0.008087888360023499,0.008065828122198582,500.0,500.0,500.0
old_reserved,selected,5002,294,4,1,0.008065828122198582,0.008049322292208672,500.0,500.0,500.0
old_reserved,selected,5002,295,4,1,0.008049322292208672,0.008036964572966099,500.0,500.0,500.0
old_reserved,selected,5002,296,4,1,0.008036964572966099,0.008027707226574421,500.0,500.0,500.0
old_reserved,selected,5002,297,4,1,0.008027707226574421,0.008055058307945728,500.0,500.0,497.578125
old_reserved,selected,5002,298,4,1,0.008055058307945728,0.008041257970035076,500.0,500.0,500.0
old_reserved,selected,5002,299,4,1,0.008041257970035076,0.008030924014747143,500.0,500.0,500.0
old_reserved,selected,5002,300,4,1,0.008030924014747143,0.008055649697780609,500.0,500.0,497.796875
old_reserved,selected,5002,301,4,1,0.008055649697780609,0.008041703142225742,500.0,500.0,500.0
old_reserved,selected,5002,302,4,1,0.008041703142225742,0.00803125649690628,500.0,500.0,500.0
old_reserved,selected,5002,303,4,1,0.00803125649690628,0.008051794022321701,500.0,500.0,498.17706298828125
old_reserved,selected,5002,304,4,1,0.008051794022321701,0.008038812316954136,500.0,500.0,500.0
old_reserved,selected,5002,305,4,1,0.008038812316954136,0.00802908930927515,500.0,500.0,500.0
old_reserved,selected,5002,306,4,1,0.00802908930927515,0.008123540319502354,500.0,500.0,487.25
old_reserved,selected,5002,307,4,1,0.008123540319502354,0.008148707449436188,500.0,500.0,495.66668701171875
old_reserved,selected,5002,308,4,1,0.008148707449436188,0.008172806352376938,500.0,500.0,492.6666564941406
old_reserved,selected,5002,309,4,1,0.008172806352376938,0.008129259571433067,500.0,500.0,500.0
old_reserved,selected,5002,310,4,1,0.008129259571433067,0.008096748031675816,500.0,500.0,500.0
old_reserved,selected,5002,311,4,1,0.008096748031675816,0.008115444332361221,500.0,500.0,496.76043701171875
old_reserved,selected,5002,312,4,1,0.008115444332361221,0.008086427114903927,500.0,500.0,500.0
old_reserved,selected,5002,313,4,1,0.008086427114903927,0.00806473195552826,500.0,500.0,500.0
old_reserved,selected,5002,314,4,1,0.00806473195552826,0.00804850086569786,500.0,500.0,500.0
old_reserved,selected,5002,315,4,1,0.00804850086569786,0.008115815930068493,500.0,500.0,491.90625
old_reserved,selected,5002,316,4,1,0.008115815930068493,0.008086704649031162,500.0,500.0,500.0
old_reserved,selected,5002,317,4,1,0.008086704649031162,0.008087691850960255,500.0,500.0,498.4427185058594
old_reserved,selected,5002,318,4,1,0.008087691850960255,0.008085058070719242,500.0,500.0,498.7395935058594
old_reserved,selected,5002,319,4,1,0.008085058070719242,0.008119435049593449,500.0,500.0,494.28643798828125
old_reserved,selected,5003,0,1,0,0.5,0.3387870192527771,9.0,9.100000381469727,11.333333969116211
old_reserved,selected,5003,1,1,0,0.3387870192527771,0.23395156860351562,9.300000190734863,8.699999809265137,15.526041030883789
old_reserved,selected,5003,2,1,0,0.23395156860351562,0.18102842569351196,9.199999809265137,9.699999809265137,15.895833969116211
old_reserved,selected,5003,3,1,0,0.18102842569351196,0.15041939914226532,9.600000381469727,9.300000190734863,20.286457061767578
old_reserved,selected,5003,4,1,0,0.15041939914226532,0.12297611683607101,11.5,10.199999809265137,30.79166603088379
old_reserved,selected,5003,5,1,0,0.12297611683607101,0.10880699008703232,9.300000190734863,9.5,41.31250762939453
old_reserved,selected,5003,6,1,0,0.10880699008703232,0.09164488315582275,34.29999923706055,9.800000190734863,55.24999237060547
old_reserved,selected,5003,7,1,0,0.09164488315582275,0.08047336339950562,34.0,20.80000114440918,67.21353149414062
old_reserved,selected,5003,8,1,0,0.08047336339950562,0.07262763381004333,23.200000762939453,28.200000762939453,76.09375
old_reserved,selected,5003,9,1,0,0.07262763381004333,0.059577759355306625,19.5,32.10000228881836,91.72395324707031
old_reserved,selected,5003,10,1,0,0.059577759355306625,0.04212071746587753,22.30000114440918,69.70000457763672,110.84895324707031
old_reserved,selected,5003,11,1,0,0.04212071746587753,0.03526332601904869,19.5,17.600000381469727,114.46354675292969
old_reserved,selected,5003,12,1,0,0.03526332601904869,0.027669547125697136,23.0,20.600000381469727,147.45834350585938
old_reserved,selected,5003,13,1,0,0.027669547125697136,0.022658100351691246,32.60000228881836,32.5,176.94271850585938
old_reserved,selected,5003,14,1,0,0.022658100351691246,0.01909778267145157,38.29999923706055,58.0,216.75001525878906
old_reserved,selected,5003,15,1,0,0.01909778267145157,0.016475966200232506,26.899999618530273,11.199999809265137,236.20314025878906
old_reserved,selected,5003,16,1,0,0.016475966200232506,0.014680358581244946,12.600000381469727,9.40000057220459,254.88546752929688
old_reserved,selected,5003,17,1,0,0.014680358581244946,0.013257806189358234,13.699999809265137,12.0,278.98956298828125
old_reserved,selected,5003,18,1,0,0.013257806189358234,0.01219814084470272,298.8000183105469,244.5,299.7760314941406
old_reserved,selected,5003,19,1,0,0.01219814084470272,0.011234372854232788,391.8000183105469,109.0999984741211,351.40106201171875
old_reserved,selected,5003,20,1,0,0.011234372854232788,0.010438783094286919,106.0999984741211,107.0,389.3906555175781
old_reserved,selected,5003,21,1,0,0.010438783094286919,0.009809276089072227,110.0999984741211,117.70000457763672,432.0625
old_reserved,selected,5003,22,1,0,0.009809276089072227,0.009331835433840752,118.0999984741211,126.70000457763672,463.2396240234375
old_reserved,selected,5003,23,1,0,0.009331835433840752,0.00899092759937048,106.0999984741211,120.20000457763672,456.68231201171875
old_reserved,selected,5003,24,1,0,0.00899092759937048,0.008736643940210342,391.3000183105469,116.9000015258789,469.94793701171875
old_reserved,selected,5003,25,1,0,0.008736643940210342,0.008547170087695122,475.70001220703125,149.10000610351562,479.41668701171875
old_reserved,selected,5003,26,1,0,0.008547170087695122,0.008413122035562992,500.0,118.5,463.5260314941406
old_reserved,selected,5003,27,1,0,0.008413122035562992,0.008309010416269302,500.0,120.5,477.72918701171875
old_reserved,selected,5003,28,1,0,0.008309010416269302,0.008230750449001789,500.0,114.70000457763672,485.1614685058594
old_reserved,selected,5003,29,1,0,0.008230750449001789,0.008172237314283848,500.0,114.70000457763672,490.00518798828125
old_reserved,selected,5003,30,1,0,0.008172237314283848,0.00812949612736702,500.0,120.20000457763672,487.4635314941406
old_reserved,selected,5003,31,1,0,0.00812949612736702,0.008097975514829159,500.0,116.20000457763672,491.5364685058594
old_reserved,selected,5003,32,1,0,0.008097975514829159,0.008075202815234661,500.0,113.5999984741211,493.97918701171875
old_reserved,selected,5003,33,1,0,0.008075202815234661,0.00806050281971693,500.0,111.4000015258789,491.8802490234375
old_reserved,selected,5003,34,1,0,0.00806050281971693,0.008051375858485699,500.0,113.0,493.3333435058594
old_reserved,selected,5003,35,1,0,0.008051375858485699,0.008061395026743412,500.0,120.80000305175781,486.54168701171875
old_reserved,selected,5003,36,1,0,0.008061395026743412,0.008046267554163933,500.0,107.5,499.90625
old_reserved,selected,5003,37,1,0,0.008046267554163933,0.008040775544941425,500.0,112.0999984741211,497.91668701171875
old_reserved,selected,5003,38,1,0,0.008040775544941425,0.008039153181016445,500.0,111.70000457763672,497.625
old_reserved,selected,5003,39,1,0,0.008039153181016445,0.008071857504546642,500.0,112.0,489.078125
old_reserved,selected,5003,40,1,0,0.008071857504546642,0.008066247217357159,500.0,120.5999984741211,497.828125
old_reserved,selected,5003,41,1,0,0.008066247217357159,0.008068986237049103,500.0,120.0999984741211,496.96875
old_reserved,selected,5003,42,1,0,0.008068986237049103,0.008106781169772148,500.0,104.30000305175781,490.59375
old_reserved,selected,5003,43,1,0,0.008106781169772148,0.008088667877018452,500.0,116.4000015258789,499.046875
old_reserved,selected,5003,44,1,0,0.008088667877018452,0.008112434297800064,500.0,106.70000457763672,494.52606201171875
old_reserved,selected,5003,45,1,0,0.008112434297800064,0.008113548159599304,500.0,109.80000305175781,496.8958435058594
old_reserved,selected,5003,46,1,0,0.008113548159599304,0.008139064535498619,500.0,117.0999984741211,494.484375
old_reserved,selected,5003,47,1,0,0.008139064535498619,0.008139243349432945,500.0,118.4000015258789,496.796875
old_reserved,selected,5003,48,1,0,0.008139243349432945,0.008118115365505219,500.0,103.70000457763672,498.90625
old_reserved,selected,5003,49,1,0,0.008118115365505219,0.008178860880434513,500.0,104.30000305175781,490.80731201171875
old_reserved,selected,5003,50,1,0,0.008178860880434513,0.008146679028868675,500.0,119.5999984741211,499.01043701171875
old_reserved,selected,5003,51,1,0,0.008146679028868675,0.00813380442559719,500.0,117.5999984741211,498.09893798828125
old_reserved,selected,5003,52,1,0,0.00813380442559719,0.00814360287040472,500.0,109.4000015258789,495.859375
old_reserved,selected,5003,53,1,0,0.00814360287040472,0.008124376647174358,500.0,119.0999984741211,498.82293701171875
old_reserved,selected,5003,54,1,0,0.008124376647174358,0.008185586892068386,500.0,115.5999984741211,488.3333435058594
old_reserved,selected,5003,55,1,0,0.008185586892068386,0.008205337449908257,500.0,117.80000305175781,493.859375
old_reserved,selected,5003,56,1,0,0.008205337449908257,0.00825774110853672,500.0,115.5,488.0833435058594
old_reserved,selected,5003,57,1,0,0.00825774110853672,0.008285058662295341,500.0,121.4000015258789,490.76043701171875
old_reserved,selected,5003,58,1,0,0.008285058662295341,0.008237719535827637,500.0,107.5,498.19793701171875
old_reserved,selected,5003,59,1,0,0.008237719535827637,0.008201899006962776,500.0,118.0999984741211,498.0677185058594
old_reserved,selected,5003,60,1,0,0.008201899006962776,0.008191322907805443,500.0,110.0999984741211,496.7708435058594
old_reserved,selected,5003,61,1,0,0.008191322907805443,0.008169817738234997,500.0,106.9000015258789,497.92706298828125
old_reserved,selected,5003,62,1,0,0.008169817738234997,0.008214819245040417,500.0,117.4000015258789,490.3072814941406
old_reserved,selected,5003,63,1,0,0.008214819245040417,0.008226406760513783,500.0,108.30000305175781,493.83331298828125
old_reserved,selected,5003,64,1,0,0.008226406760513783,0.008202810771763325,500.0,103.80000305175781,497.5052185058594
old_reserved,selected,5003,65,1,0,0.008202810771763325,0.008256222121417522,500.0,117.70000457763672,489.234375
old_reserved,selected,5003,66,1,0,0.008256222121417522,0.008222085423767567,500.0,109.30000305175781,497.5833435058594
old_reserved,selected,5003,67,1,0,0.008222085423767567,0.008212732151150703,500.0,120.5999984741211,496.453125
old_reserved,selected,5003,68,1,0,0.008212732151150703,0.008250739425420761,500.0,109.5,490.453125
old_reserved,selected,5003,69,1,0,0.008250739425420761,0.008274434134364128,500.0,105.0,491.88543701171875
old_reserved,selected,5003,70,1,0,0.008274434134364128,0.008248438127338886,500.0,100.70000457763672,496.70831298828125
old_reserved,selected,5003,71,1,0,0.008248438127338886,0.00826318096369505,500.0,95.20000457763672,492.8072814941406
old_reserved,selected,5003,72,1,0,0.00826318096369505,0.008292200043797493,500.0,96.5,491.66668701171875
old_reserved,selected,5003,73,1,0,0.008292200043797493,0.008298240602016449,500.0,79.9000015258789,492.7239685058594
old_reserved,selected,5003,74,1,0,0.008298240602016449,0.008339335210621357,500.0,89.30000305175781,487.52606201171875
old_reserved,selected,5003,75,1,0,0.008339335210621357,0.008344538509845734,500.0,91.30000305175781,489.609375
old_reserved,selected,5003,76,1,0,0.008344538509845734,0.00836105551570654,500.0,106.5,489.7916564941406
old_reserved,selected,5003,77,1,0,0.00836105551570654,0.008402993902564049,500.0,101.5999984741211,485.3125
old_reserved,selected,5003,78,1,0,0.008402993902564049,0.008409475907683372,500.0,100.4000015258789,489.3125
old_reserved,selected,5003,79,1,0,0.008409475907683372,0.008450428955256939,500.0,106.5,482.65106201171875
old_reserved,selected,5003,80,2,1,0.008450428955256939,0.01765226013958454,118.80000305175781,500.0,108.41146850585938
old_reserved,selected,5003,81,2,1,0.01765226013958454,0.024913454428315163,432.1000061035156,500.0,151.02603149414062
old_reserved,selected,5003,82,2,1,0.024913454428315163,0.024497102946043015,370.20001220703125,500.0,189.66143798828125
old_reserved,selected,5003,83,2,1,0.024497102946043015,0.02107444778084755,248.0,500.0,212.1875
old_reserved,selected,5003,84,2,1,0.02107444778084755,0.01840169169008732,391.8999938964844,500.0,220.59896850585938
old_reserved,selected,5003,85,2,1,0.01840169169008732,0.016231229528784752,313.0,500.0,234.20834350585938
old_reserved,selected,5003,86,2,1,0.016231229528784752,0.01502760499715805,332.5,500.0,231.47915649414062
old_reserved,selected,5003,87,2,1,0.01502760499715805,0.013990719802677631,412.20001220703125,500.0,250.26564025878906
old_reserved,selected,5003,88,2,1,0.013990719802677631,0.013288242742419243,366.6000061035156,500.0,251.09378051757812
old_reserved,selected,5003,89,2,1,0.013288242742419243,0.012626219540834427,388.1000061035156,500.0,263.296875
old_reserved,selected,5003,90,2,1,0.012626219540834427,0.012261642143130302,374.5,500.0,278.53125
old_reserved,selected,5003,91,2,1,0.012261642143130302,0.011788987554609776,333.8999938964844,500.0,292.39581298828125
old_reserved,selected,5003,92,2,1,0.011788987554609776,0.01141284592449665,420.5,500.0,307.0000305175781
old_reserved,selected,5003,93,2,1,0.01141284592449665,0.010979619808495045,411.20001220703125,500.0,325.703125
old_reserved,selected,5003,94,2,1,0.010979619808495045,0.010474074631929398,411.5,500.0,337.59893798828125
old_reserved,selected,5003,95,2,1,0.010474074631929398,0.010159607976675034,437.8999938964844,500.0,337.8854064941406
old_reserved,selected,5003,96,2,1,0.010159607976675034,0.009915424510836601,405.6000061035156,500.0,341.9271240234375
old_reserved,selected,5003,97,2,1,0.009915424510836601,0.00959227979183197,378.5,500.0,383.515625
old_reserved,selected,5003,98,2,1,0.00959227979183197,0.00933037605136633,404.8999938964844,500.0,373.4427490234375
old_reserved,selected,5003,99,2,1,0.00933037605136633,0.00922349002212286,466.8999938964844,500.0,344.02606201171875
old_reserved,selected,5003,100,2,1,0.00922349002212286,0.009092790074646473,486.8999938964844,500.0,390.36981201171875
old_reserved,selected,5003,101,2,1,0.009092790074646473,0.009055561386048794,500.0,500.0,364.83856201171875
old_reserved,selected,5003,102,2,1,0.009055561386048794,0.00894472748041153,469.1000061035156,500.0,388.85418701171875
old_reserved,selected,5003,103,2,1,0.00894472748041153,0.008913489058613777,438.70001220703125,500.0,379.09893798828125
old_reserved,selected,5003,104,2,1,0.008913489058613777,0.00893049780279398,467.0,500.0,373.26043701171875
old_reserved,selected,5003,105,2,1,0.00893049780279398,0.00896861869841814,432.5,500.0,376.9166564941406
old_reserved,selected,5003,106,2,1,0.00896861869841814,0.008900034241378307,500.0,500.0,406.203125
old_reserved,selected,5003,107,2,1,0.008900034241378307,0.008850401267409325,500.0,500.0,399.22918701171875
old_reserved,selected,5003,108,2,1,0.008850401267409325,0.008744275197386742,467.8000183105469,500.0,415.9114685058594
old_reserved,selected,5003,109,2,1,0.008744275197386742,0.008724221959710121,489.20001220703125,500.0,410.5625305175781
old_reserved,selected,5003,110,2,1,0.008724221959710121,0.008658517152071,478.6000061035156,500.0,409.7135314941406
old_reserved,selected,5003,111,2,1,0.008658517152071,0.008667935617268085,500.0,500.0,391.77081298828125
old_reserved,selected,5003,112,2,1,0.008667935617268085,0.008671557530760765,500.0,500.0,414.0
old_reserved,selected,5003,113,2,1,0.008671557530760765,0.008648964576423168,474.8999938964844,500.0,420.36981201171875
old_reserved,selected,5003,114,2,1,0.008648964576423168,0.008620455861091614,500.0,500.0,422.9375
old_reserved,selected,5003,115,2,1,0.008620455861091614,0.008562573231756687,500.0,500.0,442.7760314941406
old_reserved,selected,5003,116,2,1,0.008562573231756687,0.008608166128396988,500.0,500.0,419.6562194824219
old_reserved,selected,5003,117,2,1,0.008608166128396988,0.008638903498649597,500.0,500.0,418.54168701171875
old_reserved,selected,5003,118,2,1,0.008638903498649597,0.008616703562438488,500.0,500.0,446.984375
old_reserved,selected,5003,119,2,1,0.008616703562438488,0.008624337613582611,500.0,500.0,429.4427185058594
old_reserved,selected,5003,120,2,1,0.008624337613582611,0.008581690490245819,469.1000061035156,500.0,458.9010314941406
old_reserved,selected,5003,121,2,1,0.008581690490245819,0.008624620735645294,500.0,500.0,431.8229064941406
old_reserved,selected,5003,122,2,1,0.008624620735645294,0.00865335762500763,500.0,500.0,434.8645935058594
old_reserved,selected,5003,123,2,1,0.00865335762500763,0.008645628578960896,500.0,500.0,439.78125
old_reserved,selected,5003,124,2,1,0.008645628578960896,0.008693243376910686,500.0,500.0,431.1145935058594
old_reserved,selected,5003,125,2,1,0.008693243376910686,0.008681428618729115,500.0,500.0,450.6354064941406
old_reserved,selected,5003,126,2,1,0.008681428618729115,0.008680571801960468,500.0,500.0,449.7447814941406
old_reserved,selected,5003,127,2,1,0.008680571801960468,0.008669576607644558,500.0,500.0,451.7135314941406
old_reserved,selected,5003,128,2,1,0.008669576607644558,0.008672690019011497,500.0,500.0,437.8489685058594
old_reserved,selected,5003,129,2,1,0.008672690019011497,0.008685176260769367,500.0,500.0,445.6875
old_reserved,selected,5003,130,2,1,0.008685176260769367,0.008669944480061531,500.0,500.0,455.078125
old_reserved,selected,5003,131,2,1,0.008669944480061531,0.008665402419865131,500.0,500.0,453.19793701171875
old_reserved,selected,5003,132,2,1,0.008665402419865131,0.008698521181941032,500.0,500.0,442.18231201171875
old_reserved,selected,5003,133,2,1,0.008698521181941032,0.008681179955601692,500.0,500.0,461.84893798828125
old_reserved,selected,5003,134,2,1,0.008681179955601692,0.008709893561899662,500.0,500.0,447.00518798828125
old_reserved,selected,5003,135,2,1,0.008709893561899662,0.008703582920134068,500.0,500.0,456.41143798828125
old_reserved,selected,5003,136,2,1,0.008703582920134068,0.008678287267684937,500.0,500.0,456.8125
old_reserved,selected,5003,137,2,1,0.008678287267684937,0.008684488013386726,500.0,500.0,464.16143798828125
old_reserved,selected,5003,138,2,1,0.008684488013386726,0.008673587813973427,500.0,500.0,466.1875
old_reserved,selected,5003,139,2,1,0.008673587813973427,0.00868120975792408,500.0,500.0,451.10418701171875
old_reserved,selected,5003,140,2,1,0.00868120975792408,0.008691547438502312,500.0,500.0,454.71875
old_reserved,selected,5003,141,2,1,0.008691547438502312,0.008721360005438328,500.0,500.0,458.8228759765625
old_reserved,selected,5003,142,2,1,0.008721360005438328,0.008705239742994308,500.0,500.0,466.421875
old_reserved,selected,5003,143,2,1,0.008705239742994308,0.008739301934838295,500.0,500.0,462.11981201171875
old_reserved,selected,5003,144,2,1,0.008739301934838295,0.00869787484407425,500.0,500.0,471.3072509765625
old_reserved,selected,5003,145,2,1,0.00869787484407425,0.008648449555039406,500.0,500.0,475.60418701171875
old_reserved,selected,5003,146,2,1,0.008648449555039406,0.008626208640635014,500.0,500.0,469.671875
old_reserved,selected,5003,147,2,1,0.008626208640635014,0.008613578043878078,500.0,500.0,473.5625
old_reserved,selected,5003,148,2,1,0.008613578043878078,0.00862380675971508,500.0,500.0,442.7708435058594
old_reserved,selected,5003,149,2,1,0.00862380675971508,0.00857353862375021,500.0,500.0,476.4374694824219
old_reserved,selected,5003,150,2,1,0.00857353862375021,0.008533202111721039,500.0,500.0,477.375
old_reserved,selected,5003,151,2,1,0.008533202111721039,0.00851031206548214,500.0,500.0,471.72393798828125
old_reserved,selected,5003,152,2,1,0.00851031206548214,0.008525844663381577,500.0,500.0,457.1458740234375
old_reserved,selected,5003,153,2,1,0.008525844663381577,0.0085286945104599,500.0,500.0,467.09893798828125
old_reserved,selected,5003,154,2,1,0.0085286945104599,0.008496833965182304,500.0,500.0,480.22918701171875
old_reserved,selected,5003,155,2,1,0.008496833965182304,0.00845120195299387,500.0,500.0,486.19793701171875
old_reserved,selected,5003,156,2,1,0.00845120195299387,0.00843905657529831,500.0,500.0,478.6770935058594
old_reserved,selected,5003,157,2,1,0.00843905657529831,0.008465803228318691,500.0,500.0,460.9375
old_reserved,selected,5003,158,2,1,0.008465803228318691,0.008496185764670372,500.0,500.0,467.36456298828125
old_reserved,selected,5003,159,2,1,0.008496185764670372,0.008437174372375011,500.0,500.0,488.3072814941406
old_reserved,selected,5003,160,3,0,0.008437174372375011,0.00842287577688694,500.0,500.0,452.390625
old_reserved,selected,5003,161,3,0,0.00842287577688694,0.008331469260156155,500.0,500.0,497.52606201171875
old_reserved,selected,5003,162,3,0,0.008331469260156155,0.00824733730405569,500.0,500.0,500.0
old_reserved,selected,5003,163,3,0,0.00824733730405569,0.008228614926338196,500.0,500.0,489.03125
old_reserved,selected,5003,164,3,0,0.008228614926338196,0.008200569078326225,500.0,500.0,493.6302185058594
old_reserved,selected,5003,165,3,0,0.008200569078326225,0.008172135800123215,500.0,500.0,496.25
old_reserved,selected,5003,166,3,0,0.008172135800123215,0.008151889778673649,500.0,500.0,496.2135314941406
old_reserved,selected,5003,167,3,0,0.008151889778673649,0.008149169385433197,500.0,500.0,493.55731201171875
old_reserved,selected,5003,168,3,0,0.008149169385433197,0.008128151297569275,500.0,500.0,497.7395935058594
old_reserved,selected,5003,169,3,0,0.008128151297569275,0.008095921948552132,500.0,500.0,500.0
old_reserved,selected,5003,170,3,0,0.008095921948552132,0.00810039322823286,500.0,500.0,496.421875
old_reserved,selected,5003,171,3,0,0.00810039322823286,0.008075179532170296,500.0,239.0,500.0
old_reserved,selected,5003,172,3,0,0.008075179532170296,0.008109518326818943,500.0,181.60000610351562,493.71875
old_reserved,selected,5003,173,3,0,0.008109518326818943,0.008159169927239418,500.0,162.60000610351562,490.46875
old_reserved,selected,5003,174,3,0,0.008159169927239418,0.008166113868355751,500.0,276.1000061035156,494.859375
old_reserved,selected,5003,175,3,0,0.008166113868355751,0.008170261979103088,500.0,391.3000183105469,495.75518798828125
old_reserved,selected,5003,176,3,0,0.008170261979103088,0.008143335580825806,500.0,403.8999938964844,498.7291564941406
old_reserved,selected,5003,177,3,0,0.008143335580825806,0.008107264526188374,500.0,247.10000610351562,500.0
old_reserved,selected,5003,178,3,0,0.008107264526188374,0.008157314732670784,500.0,224.6999969482422,491.1979064941406
old_reserved,selected,5003,179,3,0,0.008157314732670784,0.008187323808670044,500.0,248.1999969482422,492.328125
old_reserved,selected,5003,180,3,0,0.008187323808670044,0.008140085265040398,500.0,170.8000030517578,500.0
old_reserved,selected,5003,181,3,0,0.008140085265040398,0.008104836568236351,500.0,196.90000915527344,500.0
old_reserved,selected,5003,182,3,0,0.008104836568236351,0.008092946372926235,500.0,219.5,498.91668701171875
old_reserved,selected,5003,183,3,0,0.008092946372926235,0.008119314908981323,500.0,214.8000030517578,495.72393798828125
old_reserved,selected,5003,184,3,0,0.008119314908981323,0.008166133426129818,500.0,245.10000610351562,487.0416564941406
old_reserved,selected,5003,185,3,0,0.008166133426129818,0.008182301186025143,500.0,237.0,493.4635314941406
old_reserved,selected,5003,186,3,0,0.008182301186025143,0.008228772319853306,500.0,286.70001220703125,490.140625
old_reserved,selected,5003,187,3,0,0.008228772319853306,0.008222696371376514,500.0,227.40000915527344,494.3645935058594
old_reserved,selected,5003,188,3,0,0.008222696371376514,0.008257406763732433,500.0,269.3999938964844,491.4583435058594
old_reserved,selected,5003,189,3,0,0.008257406763732433,0.00833002757281065,500.0,249.10000610351562,480.78643798828125
old_reserved,selected,5003,190,3,0,0.00833002757281065,0.008267772383987904,500.0,252.10000610351562,498.27081298828125
old_reserved,selected,5003,191,3,0,0.008267772383987904,0.008245693519711494,500.0,227.6999969482422,494.94268798828125
old_reserved,selected,5003,192,3,0,0.008245693519711494,0.008250555023550987,500.0,230.60000610351562,492.21875
old_reserved,selected,5003,193,3,0,0.008250555023550987,0.008187191560864449,500.0,304.8999938964844,500.0
old_reserved,selected,5003,194,3,0,0.008187191560864449,0.008166588842868805,500.0,251.3000030517578,497.80731201171875
old_reserved,selected,5003,195,3,0,0.008166588842868805,0.008151626214385033,500.0,359.1000061035156,497.88543701171875
old_reserved,selected,5003,196,3,0,0.008151626214385033,0.00817934051156044,500.0,381.5,492.3333435058594
old_reserved,selected,5003,197,3,0,0.00817934051156044,0.00822559092193842,500.0,407.20001220703125,490.546875
old_reserved,selected,5003,198,3,0,0.00822559092193842,0.008168602362275124,500.0,491.8999938964844,500.0
old_reserved,selected,5003,199,3,0,0.008168602362275124,0.008170519024133682,500.0,480.0,495.69268798828125
old_reserved,selected,5003,200,3,0,0.008170519024133682,0.008242988958954811,500.0,212.8000030517578,475.6979064941406
old_reserved,selected,5003,201,3,0,0.008242988958954811,0.00830566231161356,500.0,190.5,483.171875
old_reserved,selected,5003,202,3,0,0.00830566231161356,0.008252057246863842,500.0,210.3000030517578,497.796875
old_reserved,selected,5003,203,3,0,0.008252057246863842,0.008188308216631413,500.0,234.6999969482422,500.0
old_reserved,selected,5003,204,3,0,0.008188308216631413,0.008185485377907753,500.0,210.1999969482422,495.43231201171875
old_reserved,selected,5003,205,3,0,0.008185485377907753,0.008201523683965206,500.0,229.0,492.328125
old_reserved,selected,5003,206,3,0,0.008201523683965206,0.008205149322748184,500.0,226.90000915527344,492.41668701171875
old_reserved,selected,5003,207,3,0,0.008205149322748184,0.008267736993730068,500.0,273.20001220703125,483.97918701171875
old_reserved,selected,5003,208,3,0,0.008267736993730068,0.008260435424745083,500.0,197.60000610351562,493.42706298828125
old_reserved,selected,5003,209,3,0,0.008260435424745083,0.008234557695686817,500.0,196.3000030517578,496.5885314941406
old_reserved,selected,5003,210,3,0,0.008234557695686817,0.008240673691034317,500.0,181.6999969482422,491.8125
old_reserved,selected,5003,211,3,0,0.008240673691034317,0.008214513771235943,500.0,189.60000610351562,496.96875
old_reserved,selected,5003,212,3,0,0.008214513771235943,0.00819780956953764,500.0,188.90000915527344,497.140625
old_reserved,selected,5003,213,3,0,0.00819780956953764,0.008175483904778957,500.0,196.5,497.8125
old_reserved,selected,5003,214,3,0,0.008175483904778957,0.008198677562177181,500.0,181.90000915527344,493.0885314941406
old_reserved,selected,5003,215,3,0,0.008198677562177181,0.008198270574212074,500.0,494.1000061035156,495.9479064941406
old_reserved,selected,5003,216,3,0,0.008198270574212074,0.008209454827010632,500.0,245.0,494.82293701171875
old_reserved,selected,5003,217,3,0,0.008209454827010632,0.00821775384247303,500.0,354.5,494.515625
old_reserved,selected,5003,218,3,0,0.00821775384247303,0.008240602910518646,500.0,222.1999969482422,490.703125
old_reserved,selected,5003,219,3,0,0.008240602910518646,0.008249067701399326,500.0,176.90000915527344,492.71875
old_reserved,selected,5003,220,3,0,0.008249067701399326,0.008269436657428741,500.0,175.8000030517578,491.4791564941406
old_reserved,selected,5003,221,3,0,0.008269436657428741,0.008274157531559467,500.0,178.60000610351562,491.734375
old_reserved,selected,5003,222,3,0,0.008274157531559467,0.008242925629019737,500.0,183.5,497.3333435058594
old_reserved,selected,5003,223,3,0,0.008242925629019737,0.00818150956183672,500.0,253.5,500.0
old_reserved,selected,5003,224,3,0,0.00818150956183672,0.008135750889778137,500.0,181.0,500.0
old_reserved,selected,5003,225,3,0,0.008135750889778137,0.008153176866471767,500.0,185.8000030517578,494.796875
old_reserved,selected,5003,226,3,0,0.008153176866471767,0.008235971443355083,500.0,89.30000305175781,486.08331298828125
old_reserved,selected,5003,227,3,0,0.008235971443355083,0.008229062892496586,500.0,127.4000015258789,495.51043701171875
old_reserved,selected,5003,228,3,0,0.008229062892496586,0.008229392580688,500.0,239.5,492.9947814941406
old_reserved,selected,5003,229,3,0,0.008229392580688,0.008245952427387238,500.0,369.20001220703125,490.65106201171875
old_reserved,selected,5003,230,3,0,0.008245952427387238,0.00825519859790802,500.0,295.3000183105469,492.515625
old_reserved,selected,5003,231,3,0,0.00825519859790802,0.008220701478421688,500.0,197.5,497.74481201171875
old_reserved,selected,5003,232,3,0,0.008220701478421688,0.00825872179120779,500.0,212.0,491.47393798828125
old_reserved,selected,5003,233,3,0,0.00825872179120779,0.00830591656267643,500.0,167.0,488.9114685058594
old_reserved,selected,5003,234,3,0,0.00830591656267643,0.008228356018662453,500.0,158.90000915527344,500.0
old_reserved,selected,5003,235,3,0,0.008228356018662453,0.008223829790949821,500.0,161.0,495.48956298828125
old_reserved,selected,5003,236,3,0,0.008223829790949821,0.008294165134429932,500.0,167.8000030517578,486.47918701171875
old_reserved,selected,5003,237,3,0,0.008294165134429932,0.008219626732170582,500.0,187.60000610351562,500.0
old_reserved,selected,5003,238,3,0,0.008219626732170582,0.00826060026884079,500.0,167.90000915527344,490.00518798828125
old_reserved,selected,5003,239,3,0,0.00826060026884079,0.008303793147206306,500.0,169.1999969482422,486.34375
old_reserved,selected,5003,240,4,1,0.008303793147206306,0.01628510095179081,179.1999969482422,500.0,179.6927032470703
old_reserved,selected,5003,241,4,1,0.01628510095179081,0.02049834094941616,185.60000610351562,500.0,221.70834350585938
old_reserved,selected,5003,242,4,1,0.02049834094941616,0.01789376325905323,208.3000030517578,500.0,260.8177185058594
old_reserved,selected,5003,243,4,1,0.01789376325905323,0.015598483383655548,302.1000061035156,500.0,320.55206298828125
old_reserved,selected,5003,244,4,1,0.015598483383655548,0.013772165402770042,500.0,500.0,351.22918701171875
old_reserved,selected,5003,245,4,1,0.013772165402770042,0.01226622611284256,500.0,500.0,422.3802490234375
old_reserved,selected,5003,246,4,1,0.01226622611284256,0.011148839257657528,500.0,500.0,458.953125
old_reserved,selected,5003,247,4,1,0.011148839257657528,0.010350724682211876,500.0,500.0,464.7760009765625
old_reserved,selected,5003,248,4,1,0.010350724682211876,0.009754069149494171,500.0,500.0,474.1041564941406
old_reserved,selected,5003,249,4,1,0.009754069149494171,0.009321575053036213,500.0,500.0,481.859375
old_reserved,selected,5003,250,4,1,0.009321575053036213,0.00899124052375555,500.0,500.0,490.2083435058594
old_reserved,selected,5003,251,4,1,0.00899124052375555,0.008775871247053146,500.0,500.0,466.859375
old_reserved,selected,5003,252,4,1,0.008775871247053146,0.008607110939919949,500.0,500.0,475.890625
old_reserved,selected,5003,253,4,1,0.008607110939919949,0.008479935117065907,500.0,500.0,476.9739685058594
old_reserved,selected,5003,254,4,1,0.008479935117065907,0.008403378538787365,500.0,500.0,471.13543701171875
old_reserved,selected,5003,255,4,1,0.008403378538787365,0.008320190012454987,500.0,500.0,489.859375
old_reserved,selected,5003,256,4,1,0.008320190012454987,0.008257249370217323,500.0,500.0,488.203125
old_reserved,selected,5003,257,4,1,0.008257249370217323,0.00821574404835701,500.0,500.0,489.47918701171875
old_reserved,selected,5003,258,4,1,0.00821574404835701,0.008177527226507664,500.0,500.0,492.51043701171875
old_reserved,selected,5003,259,4,1,0.008177527226507664,0.0081642996519804,500.0,500.0,486.171875
old_reserved,selected,5003,260,4,1,0.0081642996519804,0.008141793310642242,500.0,500.0,494.109375
old_reserved,selected,5003,261,4,1,0.008141793310642242,0.008106112480163574,500.0,500.0,500.0
old_reserved,selected,5003,262,4,1,0.008106112480163574,0.008135456591844559,500.0,500.0,483.57293701171875
old_reserved,selected,5003,263,4,1,0.008135456591844559,0.008119632489979267,500.0,500.0,496.4270935058594
old_reserved,selected,5003,264,4,1,0.008119632489979267,0.008151696063578129,500.0,500.0,486.50518798828125
old_reserved,selected,5003,265,4,1,0.008151696063578129,0.00818021409213543,500.0,500.0,489.32293701171875
old_reserved,selected,5003,266,4,1,0.00818021409213543,0.008220563642680645,500.0,500.0,480.71875
old_reserved,selected,5003,267,4,1,0.008220563642680645,0.008196890354156494,500.0,500.0,495.984375
old_reserved,selected,5003,268,4,1,0.008196890354156494,0.008205682039260864,500.0,500.0,491.67706298828125
old_reserved,selected,5003,269,4,1,0.008205682039260864,0.008195635862648487,500.0,500.0,495.01043701171875
old_reserved,selected,5003,270,4,1,0.008195635862648487,0.008202364668250084,500.0,500.0,493.4583435058594
old_reserved,selected,5003,271,4,1,0.008202364668250084,0.008192287757992744,500.0,500.0,494.953125
old_reserved,selected,5003,272,4,1,0.008192287757992744,0.008232398889958858,500.0,500.0,489.8645935058594
old_reserved,selected,5003,273,4,1,0.008232398889958858,0.008178911171853542,500.0,500.0,499.5885314941406
old_reserved,selected,5003,274,4,1,0.008178911171853542,0.008172868750989437,500.0,500.0,495.5729064941406
old_reserved,selected,5003,275,4,1,0.008172868750989437,0.00813470408320427,500.0,500.0,499.5885314941406
old_reserved,selected,5003,276,4,1,0.00813470408320427,0.008153367787599564,500.0,500.0,495.359375
old_reserved,selected,5003,277,4,1,0.008153367787599564,0.008202501572668552,500.0,500.0,489.671875
old_reserved,selected,5003,278,4,1,0.008202501572668552,0.008179024793207645,500.0,500.0,497.765625
old_reserved,selected,5003,279,4,1,0.008179024793207645,0.008183334954082966,500.0,500.0,495.8489685058594
old_reserved,selected,5003,280,4,1,0.008183334954082966,0.008183748461306095,500.0,500.0,496.32293701171875
old_reserved,selected,5003,281,4,1,0.008183748461306095,0.008137419819831848,500.0,500.0,500.0
old_reserved,selected,5003,282,4,1,0.008137419819831848,0.0081028426066041,500.0,500.0,500.0
old_reserved,selected,5003,283,4,1,0.0081028426066041,0.008098570629954338,500.0,500.0,498.40625
old_reserved,selected,5003,284,4,1,0.008098570629954338,0.008114643394947052,500.0,500.0,497.0
old_reserved,selected,5003,285,4,1,0.008114643394947052,0.008096740581095219,500.0,500.0,499.3125
old_reserved,selected,5003,286,4,1,0.008096740581095219,0.008112001232802868,500.0,500.0,497.1510314941406
old_reserved,selected,5003,287,4,1,0.008112001232802868,0.008116950280964375,500.0,500.0,497.8229064941406
old_reserved,selected,5003,288,4,1,0.008116950280964375,0.008122758008539677,500.0,500.0,497.7239685058594
old_reserved,selected,5003,289,4,1,0.008122758008539677,0.008114036172628403,500.0,500.0,498.6145935058594
old_reserved,selected,5003,290,4,1,0.008114036172628403,0.008140772581100464,500.0,500.0,495.2760314941406
old_reserved,selected,5003,291,4,1,0.008140772581100464,0.00810534693300724,500.0,500.0,500.0
old_reserved,selected,5003,292,4,1,0.00810534693300724,0.008177090436220169,500.0,500.0,492.09893798828125
old_reserved,selected,5003,293,4,1,0.008177090436220169,0.008149557746946812,500.0,500.0,498.90106201171875
old_reserved,selected,5003,294,4,1,0.008149557746946812,0.00814106035977602,500.0,500.0,497.984375
old_reserved,selected,5003,295,4,1,0.00814106035977602,0.008105562999844551,500.0,500.0,500.0
old_reserved,selected,5003,296,4,1,0.008105562999844551,0.008151878602802753,500.0,500.0,491.5
old_reserved,selected,5003,297,4,1,0.008151878602802753,0.008121638558804989,500.0,500.0,499.50518798828125
old_reserved,selected,5003,298,4,1,0.008121638558804989,0.008147211745381355,500.0,500.0,495.515625
old_reserved,selected,5003,299,4,1,0.008147211745381355,0.008156085386872292,500.0,500.0,496.703125
old_reserved,selected,5003,300,4,1,0.008156085386872292,0.008216610178351402,500.0,500.0,488.578125
old_reserved,selected,5003,301,4,1,0.008216610178351402,0.008161913603544235,500.0,500.0,500.0
old_reserved,selected,5003,302,4,1,0.008161913603544235,0.008159010671079159,500.0,500.0,497.2135314941406
old_reserved,selected,5003,303,4,1,0.008159010671079159,0.008166912011802197,500.0,500.0,496.46875
old_reserved,selected,5003,304,4,1,0.008166912011802197,0.008128965273499489,500.0,500.0,499.7552185058594
old_reserved,selected,5003,305,4,1,0.008128965273499489,0.008107917383313179,500.0,500.0,499.3020935058594
old_reserved,selected,5003,306,4,1,0.008107917383313179,0.008157598786056042,500.0,500.0,493.265625
old_reserved,selected,5003,307,4,1,0.008157598786056042,0.0081972386687994,500.0,500.0,492.3125
old_reserved,selected,5003,308,4,1,0.0081972386687994,0.008147475309669971,500.0,500.0,500.0
old_reserved,selected,5003,309,4,1,0.008147475309669971,0.008151866495609283,500.0,500.0,496.80731201171875
old_reserved,selected,5003,310,4,1,0.008151866495609283,0.008176703937351704,500.0,500.0,494.3645935058594
old_reserved,selected,5003,311,4,1,0.008176703937351704,0.008207811042666435,500.0,500.0,492.75518798828125
old_reserved,selected,5003,312,4,1,0.008207811042666435,0.008201641030609608,500.0,500.0,496.54168701171875
old_reserved,selected,5003,313,4,1,0.008201641030609608,0.008284766227006912,500.0,500.0,478.92706298828125
old_reserved,selected,5003,314,4,1,0.008284766227006912,0.008298050612211227,500.0,500.0,492.11981201171875
old_reserved,selected,5003,315,4,1,0.008298050612211227,0.008295541629195213,500.0,500.0,494.26043701171875
old_reserved,selected,5003,316,4,1,0.008295541629195213,0.008240347728133202,500.0,500.0,498.5989685058594
old_reserved,selected,5003,317,4,1,0.008240347728133202,0.008228536695241928,500.0,500.0,496.0625
old_reserved,selected,5003,318,4,1,0.008228536695241928,0.008198411203920841,500.0,500.0,498.03125
old_reserved,selected,5003,319,4,1,0.008198411203920841,0.008186617866158485,500.0,500.0,497.22393798828125
old_reserved,selected,5004,0,1,0,0.5,0.33367952704429626,9.5,9.0,13.041666030883789
old_reserved,selected,5004,1,1,0,0.33367952704429626,0.24093596637248993,13.100000381469727,9.5,13.895833969116211
old_reserved,selected,5004,2,1,0,0.24093596637248993,0.1954728364944458,12.600000381469727,19.5,17.65104103088379
old_reserved,selected,5004,3,1,0,0.1954728364944458,0.16915194690227509,21.899999618530273,54.5,20.947917938232422
old_reserved,selected,5004,4,1,0,0.16915194690227509,0.15027576684951782,20.600000381469727,48.900001525878906,31.89583396911621
old_reserved,selected,5004,5,1,0,0.15027576684951782,0.13181909918785095,21.80000114440918,48.10000228881836,36.265621185302734
old_reserved,selected,5004,6,1,0,0.13181909918785095,0.08144937455654144,65.30000305175781,76.70000457763672,66.47396087646484
old_reserved,selected,5004,7,1,0,0.08144937455654144,0.05740538612008095,108.70000457763672,31.200000762939453,86.21874237060547
old_reserved,selected,5004,8,1,0,0.05740538612008095,0.040627919137477875,261.20001220703125,32.70000076293945,114.59896850585938
old_reserved,selected,5004,9,1,0,0.040627919137477875,0.030513964593410492,60.400001525878906,22.100000381469727,157.89584350585938
old_reserved,selected,5004,10,1,0,0.030513964593410492,0.023782823234796524,157.90000915527344,24.200000762939453,222.98435974121094
old_reserved,selected,5004,11,1,0,0.023782823234796524,0.018929380923509598,433.8999938964844,32.79999923706055,324.515625
old_reserved,selected,5004,12,1,0,0.018929380923509598,0.015460292808711529,500.0,34.20000076293945,402.31768798828125
old_reserved,selected,5004,13,1,0,0.015460292808711529,0.013162137009203434,500.0,28.700000762939453,464.34893798828125
old_reserved,selected,5004,14,1,0,0.013162137009203434,0.011662136763334274,500.0,42.0,466.55206298828125
old_reserved,selected,5004,15,1,0,0.011662136763334274,0.010643979534506798,500.0,27.899999618530273,467.6302490234375
old_reserved,selected,5004,16,1,0,0.010643979534506798,0.009921279735863209,500.0,26.899999618530273,483.57293701171875
old_reserved,selected,5004,17,1,0,0.009921279735863209,0.009403998963534832,500.0,26.30000114440918,496.703125
old_reserved,selected,5004,18,1,0,0.009403998963534832,0.00903397984802723,500.0,25.30000114440918,495.05731201171875
old_reserved,selected,5004,19,1,0,0.00903397984802723,0.00876779854297638,500.0,24.600000381469727,489.43231201171875
old_reserved,selected,5004,20,1,0,0.00876779854297638,0.008570955134928226,472.6000061035156,24.600000381469727,494.27606201171875
old_reserved,selected,5004,21,1,0,0.008570955134928226,0.008424988947808743,500.0,25.30000114440918,498.21356201171875
old_reserved,selected,5004,22,1,0,0.008424988947808743,0.008318583481013775,500.0,23.80000114440918,492.93231201171875
old_reserved,selected,5004,23,1,0,0.008318583481013775,0.008238038048148155,474.70001220703125,22.80000114440918,499.2447814941406
old_reserved,selected,5004,24,1,0,0.008238038048148155,0.008178946562111378,500.0,22.80000114440918,497.66668701171875
old_reserved,selected,5004,25,1,0,0.008178946562111378,0.00813734158873558,500.0,23.5,495.55206298828125
old_reserved,selected,5004,26,1,0,0.00813734158873558,0.008109038695693016,500.0,22.80000114440918,495.17706298828125
old_reserved,selected,5004,27,1,0,0.008109038695693016,0.008094269782304764,500.0,23.700000762939453,493.27606201171875
old_reserved,selected,5004,28,1,0,0.008094269782304764,0.008080683648586273,500.0,22.899999618530273,496.0572509765625
old_reserved,selected,5004,29,1,0,0.008080683648586273,0.008065828122198582,500.0,24.700000762939453,498.453125
old_reserved,selected,5004,30,1,0,0.008065828122198582,0.008057708851993084,500.0,23.399999618530273,498.09893798828125
old_reserved,selected,5004,31,1,0,0.008057708851993084,0.008060972206294537,500.0,21.5,496.3854064941406
old_reserved,selected,5004,32,1,0,0.008060972206294537,0.00805207435041666,500.0,23.700000762939453,499.01043701171875
old_reserved,selected,5004,33,1,0,0.00805207435041666,0.008065546862781048,500.0,24.700000762939453,496.05731201171875
old_reserved,selected,5004,34,1,0,0.008065546862781048,0.008071237243711948,500.0,21.80000114440918,497.234375
old_reserved,selected,5004,35,1,0,0.008071237243711948,0.008066093549132347,500.0,23.30000114440918,498.65106201171875
old_reserved,selected,5004,36,1,0,0.008066093549132347,0.008057847619056702,500.0,23.5,499.17706298828125
old_reserved,selected,5004,37,1,0,0.008057847619056702,0.008048987947404385,500.0,22.0,499.5
old_reserved,selected,5004,38,1,0,0.008048987947404385,0.008077235892415047,500.0,25.30000114440918,495.8489685058594
old_reserved,selected,5004,39,1,0,0.008077235892415047,0.00808959361165762,500.0,23.700000762939453,497.359375
old_reserved,selected,5004,40,1,0,0.00808959361165762,0.008092478848993778,500.0,24.200000762939453,498.015625
old_reserved,selected,5004,41,1,0,0.008092478848993778,0.00808749906718731,500.0,25.100000381469727,498.67706298828125
old_reserved,selected,5004,42,1,0,0.00808749906718731,0.00809678714722395,500.0,24.399999618530273,497.7604064941406
old_reserved,selected,5004,43,1,0,0.00809678714722395,0.00807946640998125,500.0,22.100000381469727,499.55206298828125
old_reserved,selected,5004,44,1,0,0.00807946640998125,0.008083951659500599,500.0,25.0,498.41668701171875
old_reserved,selected,5004,45,1,0,0.008083951659500599,0.008062970824539661,500.0,23.899999618530273,499.9947814941406
old_reserved,selected,5004,46,1,0,0.008062970824539661,0.008047180250287056,500.0,22.80000114440918,500.0
old_reserved,selected,5004,47,1,0,0.008047180250287056,0.008066424168646336,500.0,22.200000762939453,497.92706298828125
old_reserved,selected,5004,48,1,0,0.008066424168646336,0.008111061528325081,500.0,22.30000114440918,495.203125
old_reserved,selected,5004,49,1,0,0.008111061528325081,0.008136228658258915,500.0,23.100000381469727,496.359375
old_reserved,selected,5004,50,1,0,0.008136228658258915,0.00818067416548729,500.0,23.600000381469727,494.05731201171875
old_reserved,selected,5004,51,1,0,0.00818067416548729,0.008182071149349213,500.0,24.30000114440918,496.81768798828125
old_reserved,selected,5004,52,1,0,0.008182071149349213,0.008204269222915173,500.0,23.200000762939453,494.90625
old_reserved,selected,5004,53,1,0,0.008204269222915173,0.008221124298870564,500.0,23.600000381469727,495.109375
old_reserved,selected,5004,54,1,0,0.008221124298870564,0.008268970996141434,500.0,25.100000381469727,490.67706298828125
old_reserved,selected,5004,55,1,0,0.008268970996141434,0.008260407485067844,500.0,23.5,495.7083435058594
old_reserved,selected,5004,56,1,0,0.008260407485067844,0.00831671617925167,500.0,24.5,489.5625
old_reserved,selected,5004,57,1,0,0.00831671617925167,0.008391526527702808,500.0,24.200000762939453,483.2552185058594
old_reserved,selected,5004,58,1,0,0.008391526527702808,0.008386953733861446,500.0,24.5,492.19268798828125
old_reserved,selected,5004,59,1,0,0.008386953733861446,0.008350266143679619,500.0,23.200000762939453,495.58856201171875
old_reserved,selected,5004,60,1,0,0.008350266143679619,0.00828761886805296,500.0,24.80000114440918,498.21356201171875
old_reserved,selected,5004,61,1,0,0.00828761886805296,0.008271581493318081,500.0,23.399999618530273,495.67706298828125
old_reserved,selected,5004,62,1,0,0.008271581493318081,0.008253931067883968,500.0,25.80000114440918,496.375
old_reserved,selected,5004,63,1,0,0.008253931067883968,0.008227355778217316,500.0,24.899999618530273,497.36981201171875
old_reserved,selected,5004,64,1,0,0.008227355778217316,0.008238709531724453,500.0,25.700000762939453,495.03125
old_reserved,selected,5004,65,1,0,0.008238709531724453,0.008194901049137115,500.0,23.700000762939453,498.9375
old_reserved,selected,5004,66,1,0,0.008194901049137115,0.008210680447518826,500.0,22.5,495.49481201171875
old_reserved,selected,5004,67,1,0,0.008210680447518826,0.008272496983408928,500.0,22.899999618530273,490.84375
old_reserved,selected,5004,68,1,0,0.008272496983408928,0.00829282496124506,500.0,25.0,492.921875
old_reserved,selected,5004,69,1,0,0.00829282496124506,0.008226210251450539,500.0,25.5,499.53125
old_reserved,selected,5004,70,1,0,0.008226210251450539,0.008192088454961777,500.0,22.30000114440918,498.484375
old_reserved,selected,5004,71,1,0,0.008192088454961777,0.0082278773188591,500.0,24.30000114440918,493.03125
old_reserved,selected,5004,72,1,0,0.0082278773188591,0.008218666538596153,500.0,23.0,496.453125
old_reserved,selected,5004,73,1,0,0.008218666538596153,0.008192939683794975,500.0,23.0,497.88018798828125
old_reserved,selected,5004,74,1,0,0.008192939683794975,0.008164482191205025,500.0,24.0,498.6979064941406
old_reserved,selected,5004,75,1,0,0.008164482191205025,0.00818567257374525,500.0,22.0,495.55206298828125
old_reserved,selected,5004,76,1,0,0.00818567257374525,0.008197770453989506,500.0,24.80000114440918,495.5
old_reserved,selected,5004,77,1,0,0.008197770453989506,0.008234412409365177,500.0,21.700000762939453,493.9010009765625
old_reserved,selected,5004,78,1,0,0.008234412409365177,0.008291349746286869,500.0,20.399999618530273,490.8958435058594
old_reserved,selected,5004,79,1,0,0.008291349746286869,0.008303576149046421,500.0,20.399999618530273,493.8854064941406
old_reserved,selected,5004,80,2,1,0.008303576149046421,0.020715922117233276,21.100000381469727,500.0,23.755210876464844
old_reserved,selected,5004,81,2,1,0.020715922117233276,0.0359577015042305,23.399999618530273,500.0,27.760414123535156
old_reserved,selected,5004,82,2,1,0.0359577015042305,0.04092913866043091,31.200000762939453,500.0,42.97395706176758
old_reserved,selected,5004,83,2,1,0.04092913866043091,0.03449983149766922,54.70000076293945,464.20001220703125,59.15104675292969
old_reserved,selected,5004,84,2,1,0.03449983149766922,0.03095930442214012,200.60000610351562,380.20001220703125,100.57814025878906
old_reserved,selected,5004,85,2,1,0.03095930442214012,0.025241248309612274,372.3000183105469,321.3999938964844,155.6614532470703
old_reserved,selected,5004,86,2,1,0.025241248309612274,0.02057032287120819,388.6000061035156,328.1000061035156,242.68748474121094
old_reserved,selected,5004,87,2,1,0.02057032287120819,0.0169338658452034,432.3000183105469,418.8000183105469,308.02606201171875
old_reserved,selected,5004,88,2,1,0.0169338658452034,0.014303561300039291,450.20001220703125,408.5,407.2864685058594
old_reserved,selected,5004,89,2,1,0.014303561300039291,0.012444227002561092,500.0,460.3999938964844,461.390625
old_reserved,selected,5004,90,2,1,0.012444227002561092,0.011171935126185417,500.0,454.1000061035156,488.25518798828125
old_reserved,selected,5004,91,2,1,0.011171935126185417,0.010302149690687656,500.0,491.0,484.27606201171875
old_reserved,selected,5004,92,2,1,0.010302149690687656,0.009677249006927013,500.0,371.8000183105469,496.3125
old_reserved,selected,5004,93,2,1,0.009677249006927013,0.00924757868051529,500.0,475.8999938964844,475.875
old_reserved,selected,5004,94,2,1,0.00924757868051529,0.008924763649702072,500.0,370.3999938964844,494.09375
old_reserved,selected,5004,95,2,1,0.008924763649702072,0.008685987442731857,500.0,431.6000061035156,497.80731201171875
old_reserved,selected,5004,96,2,1,0.008685987442731857,0.0085105886682868,500.0,475.8000183105469,498.15106201171875
old_reserved,selected,5004,97,2,1,0.0085105886682868,0.008382280357182026,500.0,418.1000061035156,496.39581298828125
old_reserved,selected,5004,98,2,1,0.008382280357182026,0.008287298493087292,500.0,461.0,496.57293701171875
old_reserved,selected,5004,99,2,1,0.008287298493087292,0.008216006681323051,500.0,476.6000061035156,498.125
old_reserved,selected,5004,100,2,1,0.008216006681323051,0.008164704777300358,500.0,429.3000183105469,496.8697814941406
old_reserved,selected,5004,101,2,1,0.008164704777300358,0.008140605874359608,500.0,331.8000183105469,486.2604064941406
old_reserved,selected,5004,102,2,1,0.008140605874359608,0.008115711621940136,500.0,405.3999938964844,495.86456298828125
old_reserved,selected,5004,103,2,1,0.008115711621940136,0.008090191520750523,500.0,366.8999938964844,498.90625
old_reserved,selected,5004,104,2,1,0.008090191520750523,0.008075152523815632,500.0,308.5,497.83331298828125
old_reserved,selected,5004,105,2,1,0.008075152523815632,0.008076218888163567,500.0,247.40000915527344,495.2864685058594
old_reserved,selected,5004,106,2,1,0.008076218888163567,0.008079489693045616,500.0,254.1999969482422,494.84893798828125
old_reserved,selected,5004,107,2,1,0.008079489693045616,0.008080764673650265,500.0,236.5,496.5677185058594
old_reserved,selected,5004,108,2,1,0.008080764673650265,0.008060499094426632,500.0,245.3000030517578,500.0
old_reserved,selected,5004,109,2,1,0.008060499094426632,0.008047771640121937,500.0,241.5,499.71875
old_reserved,selected,5004,110,2,1,0.008047771640121937,0.008053218945860863,500.0,343.8999938964844,497.8541564941406
old_reserved,selected,5004,111,2,1,0.008053218945860863,0.008059169165790081,500.0,349.0,497.85418701171875
old_reserved,selected,5004,112,2,1,0.008059169165790081,0.008080406114459038,500.0,345.20001220703125,496.33856201171875
old_reserved,selected,5004,113,2,1,0.008080406114459038,0.008077205158770084,500.0,475.3999938964844,498.578125
old_reserved,selected,5004,114,2,1,0.008077205158770084,0.00813670177012682,500.0,453.6000061035156,486.05206298828125
old_reserved,selected,5004,115,2,1,0.00813670177012682,0.008115189149975777,500.0,377.3000183105469,498.8854064941406
old_reserved,selected,5004,116,2,1,0.008115189149975777,0.008126677945256233,500.0,374.0,496.265625
old_reserved,selected,5004,117,2,1,0.008126677945256233,0.00809482205659151,500.0,388.1000061035156,500.0
old_reserved,selected,5004,118,2,1,0.00809482205659151,0.008132198825478554,500.0,397.3000183105469,493.640625
old_reserved,selected,5004,119,2,1,0.008132198825478554,0.008112994953989983,500.0,363.70001220703125,498.9375
old_reserved,selected,5004,120,2,1,0.008112994953989983,0.008111374452710152,500.0,407.3999938964844,497.96875
old_reserved,selected,5004,121,2,1,0.008111374452710152,0.008086299523711205,500.0,392.3000183105469,499.80731201171875
old_reserved,selected,5004,122,2,1,0.008086299523711205,0.008080552332103252,500.0,398.0,498.90106201171875
old_reserved,selected,5004,123,2,1,0.008080552332103252,0.008060337975621223,500.0,398.8000183105469,500.0
old_reserved,selected,5004,124,2,1,0.008060337975621223,0.008045208640396595,500.0,403.8000183105469,500.0
old_reserved,selected,5004,125,2,1,0.008045208640396595,0.008033884689211845,500.0,470.0,500.0
old_reserved,selected,5004,126,2,1,0.008033884689211845,0.008025575429201126,500.0,481.20001220703125,499.98956298828125
old_reserved,selected,5004,127,2,1,0.008025575429201126,0.00801917165517807,500.0,460.70001220703125,500.0
old_reserved,selected,5004,128,2,1,0.00801917165517807,0.008014374412596226,500.0,489.6000061035156,500.0
old_reserved,selected,5004,129,2,1,0.008014374412596226,0.008012360893189907,500.0,461.8000183105469,499.91143798828125
old_reserved,selected,5004,130,2,1,0.008012360893189907,0.008009267039597034,500.0,475.1000061035156,500.0
old_reserved,selected,5004,131,2,1,0.008009267039597034,0.008006948977708817,500.0,487.1000061035156,500.0
old_reserved,selected,5004,132,2,1,0.008006948977708817,0.008005212061107159,500.0,497.6000061035156,500.0
old_reserved,selected,5004,133,2,1,0.008005212061107159,0.008003906346857548,500.0,500.0,500.0
old_reserved,selected,5004,134,2,1,0.008003906346857548,0.008002929389476776,500.0,500.0,500.0
old_reserved,selected,5004,135,2,1,0.008002929389476776,0.008002196438610554,500.0,500.0,500.0
old_reserved,selected,5004,136,2,1,0.008002196438610554,0.00800164695829153,500.0,500.0,500.0
old_reserved,selected,5004,137,2,1,0.00800164695829153,0.00800123531371355,500.0,498.3000183105469,500.0
old_reserved,selected,5004,138,2,1,0.00800123531371355,0.008000926114618778,500.0,500.0,500.0
old_reserved,selected,5004,139,2,1,0.008000926114618778,0.00801253691315651,500.0,500.0,499.3697814941406
old_reserved,selected,5004,140,2,1,0.00801253691315651,0.008009400218725204,500.0,500.0,500.0
old_reserved,selected,5004,141,2,1,0.008009400218725204,0.008007047697901726,500.0,500.0,500.0
old_reserved,selected,5004,142,2,1,0.008007047697901726,0.008005284704267979,500.0,500.0,500.0
old_reserved,selected,5004,143,2,1,0.008005284704267979,0.008003964088857174,500.0,500.0,500.0
old_reserved,selected,5004,144,2,1,0.008003964088857174,0.008002971298992634,500.0,500.0,500.0
old_reserved,selected,5004,145,2,1,0.008002971298992634,0.008002227172255516,500.0,500.0,500.0
old_reserved,selected,5004,146,2,1,0.008002227172255516,0.008037869818508625,500.0,500.0,497.70831298828125
old_reserved,selected,5004,147,2,1,0.008037869818508625,0.008064428344368935,500.0,500.0,497.6875
old_reserved,selected,5004,148,2,1,0.008064428344368935,0.00804827082902193,500.0,500.0,500.0
old_reserved,selected,5004,149,2,1,0.00804827082902193,0.008113262243568897,500.0,500.0,493.09893798828125
old_reserved,selected,5004,150,2,1,0.008113262243568897,0.008084796369075775,500.0,500.0,500.0
old_reserved,selected,5004,151,2,1,0.008084796369075775,0.008063512854278088,500.0,500.0,500.0
old_reserved,selected,5004,152,2,1,0.008063512854278088,0.008047587238252163,500.0,500.0,500.0
old_reserved,selected,5004,153,2,1,0.008047587238252163,0.008035661652684212,500.0,500.0,500.0
old_reserved,selected,5004,154,2,1,0.008035661652684212,0.008042112924158573,500.0,500.0,499.109375
old_reserved,selected,5004,155,2,1,0.008042112924158573,0.008031562902033329,500.0,500.0,500.0
old_reserved,selected,5004,156,2,1,0.008031562902033329,0.008071010001003742,500.0,500.0,496.33331298828125
old_reserved,selected,5004,157,2,1,0.008071010001003742,0.008053199388086796,500.0,500.0,500.0
old_reserved,selected,5004,158,2,1,0.008053199388086796,0.0080398665741086,500.0,500.0,500.0
old_reserved,selected,5004,159,2,1,0.0080398665741086,0.008058477193117142,500.0,500.0,498.171875
old_reserved,selected,5004,160,3,0,0.008058477193117142,0.008066143840551376,500.0,500.0,498.68231201171875
old_reserved,selected,5004,161,3,0,0.008066143840551376,0.008069036528468132,500.0,500.0,498.86981201171875
old_reserved,selected,5004,162,3,0,0.008069036528468132,0.008051721379160881,500.0,500.0,500.0
old_reserved,selected,5004,163,3,0,0.008051721379160881,0.008038758300244808,500.0,500.0,500.0
old_reserved,selected,5004,164,3,0,0.008038758300244808,0.008029051125049591,500.0,500.0,500.0
old_reserved,selected,5004,165,3,0,0.008029051125049591,0.008027186617255211,500.0,500.0,499.71356201171875
old_reserved,selected,5004,166,3,0,0.008027186617255211,0.008020380511879921,500.0,500.0,500.0
old_reserved,selected,5004,167,3,0,0.008020380511879921,0.008026360534131527,500.0,500.0,499.40106201171875
old_reserved,selected,5004,168,3,0,0.008026360534131527,0.008019761182367802,500.0,500.0,500.0
old_reserved,selected,5004,169,3,0,0.008019761182367802,0.008014813996851444,500.0,500.0,500.0
old_reserved,selected,5004,170,3,0,0.008014813996851444,0.008011107333004475,500.0,500.0,500.0
old_reserved,selected,5004,171,3,0,0.008011107333004475,0.008008327335119247,500.0,500.0,500.0
old_reserved,selected,5004,172,3,0,0.008008327335119247,0.008008411154150963,500.0,500.0,499.890625
old_reserved,selected,5004,173,3,0,0.008008411154150963,0.008006307296454906,500.0,500.0,500.0
old_reserved,selected,5004,174,3,0,0.008006307296454906,0.008004937320947647,500.0,500.0,499.9895935058594
old_reserved,selected,5004,175,3,0,0.008004937320947647,0.008003700524568558,500.0,500.0,500.0
old_reserved,selected,5004,176,3,0,0.008003700524568558,0.00800277665257454,500.0,500.0,500.0
old_reserved,selected,5004,177,3,0,0.00800277665257454,0.00800208281725645,500.0,500.0,500.0
old_reserved,selected,5004,178,3,0,0.00800208281725645,0.008001563139259815,500.0,500.0,500.0
old_reserved,selected,5004,179,3,0,0.008001563139259815,0.008001173846423626,500.0,500.0,500.0
old_reserved,selected,5004,180,3,0,0.008001173846423626,0.008036757819354534,500.0,500.0,497.75
old_reserved,selected,5004,181,3,0,0.008036757819354534,0.008027550764381886,500.0,500.0,500.0
old_reserved,selected,5004,182,3,0,0.008027550764381886,0.008020656183362007,500.0,500.0,500.0
old_reserved,selected,5004,183,3,0,0.008020656183362007,0.008015486411750317,500.0,500.0,500.0
old_reserved,selected,5004,184,3,0,0.008015486411750317,0.008011612109839916,500.0,500.0,500.0
old_reserved,selected,5004,185,3,0,0.008011612109839916,0.00800870917737484,500.0,500.0,500.0
old_reserved,selected,5004,186,3,0,0.00800870917737484,0.008006532676517963,500.0,500.0,500.0
old_reserved,selected,5004,187,3,0,0.008006532676517963,0.008004899136722088,500.0,500.0,500.0
old_reserved,selected,5004,188,3,0,0.008004899136722088,0.008003673516213894,500.0,500.0,500.0
old_reserved,selected,5004,189,3,0,0.008003673516213894,0.008002754300832748,500.0,500.0,500.0
old_reserved,selected,5004,190,3,0,0.008002754300832748,0.008002066984772682,500.0,500.0,500.0
old_reserved,selected,5004,191,3,0,0.008002066984772682,0.008040100336074829,500.0,500.0,497.515625
old_reserved,selected,5004,192,3,0,0.008040100336074829,0.008030054159462452,500.0,500.0,500.0
old_reserved,selected,5004,193,3,0,0.008030054159462452,0.008022530004382133,500.0,500.0,500.0
old_reserved,selected,5004,194,3,0,0.008022530004382133,0.008057697676122189,500.0,500.0,497.5677185058594
old_reserved,selected,5004,195,3,0,0.008057697676122189,0.00807447824627161,500.0,500.0,498.14581298828125
old_reserved,selected,5004,196,3,0,0.00807447824627161,0.008065705187618732,500.0,500.0,499.47393798828125
old_reserved,selected,5004,197,3,0,0.008065705187618732,0.008049230091273785,500.0,500.0,500.0
old_reserved,selected,5004,198,3,0,0.008049230091273785,0.008050013333559036,500.0,500.0,499.30206298828125
old_reserved,selected,5004,199,3,0,0.008050013333559036,0.00804960634559393,500.0,500.0,499.359375
old_reserved,selected,5004,200,3,0,0.00804960634559393,0.008104230277240276,500.0,500.0,495.03643798828125
old_reserved,selected,5004,201,3,0,0.008104230277240276,0.008114028722047806,500.0,500.0,497.640625
old_reserved,selected,5004,202,3,0,0.008114028722047806,0.008122715167701244,500.0,500.0,497.53643798828125
old_reserved,selected,5004,203,3,0,0.008122715167701244,0.008129635825753212,500.0,500.0,497.515625
old_reserved,selected,5004,204,3,0,0.008129635825753212,0.008107105270028114,500.0,500.0,499.453125
old_reserved,selected,5004,205,3,0,0.008107105270028114,0.008119632489979267,500.0,500.0,497.390625
old_reserved,selected,5004,206,3,0,0.008119632489979267,0.008089558221399784,500.0,500.0,500.0
old_reserved,selected,5004,207,3,0,0.008089558221399784,0.008104152977466583,500.0,500.0,497.52081298828125
old_reserved,selected,5004,208,3,0,0.008104152977466583,0.008134816773235798,500.0,500.0,495.04168701171875
old_reserved,selected,5004,209,3,0,0.008134816773235798,0.008137314580380917,500.0,500.0,497.56768798828125
old_reserved,selected,5004,210,3,0,0.008137314580380917,0.008102765306830406,500.0,500.0,500.0
old_reserved,selected,5004,211,3,0,0.008102765306830406,0.008132620714604855,500.0,500.0,495.0833435058594
old_reserved,selected,5004,212,3,0,0.008132620714604855,0.008163715712726116,500.0,500.0,494.1770935058594
old_reserved,selected,5004,213,3,0,0.008163715712726116,0.008166044019162655,500.0,500.0,496.96875
old_reserved,selected,5004,214,3,0,0.008166044019162655,0.008233776316046715,500.0,500.0,489.890625
old_reserved,selected,5004,215,3,0,0.008233776316046715,0.008174700662493706,500.0,455.8999938964844,500.0
old_reserved,selected,5004,216,3,0,0.008174700662493706,0.008130759932100773,500.0,434.3000183105469,499.99481201171875
old_reserved,selected,5004,217,3,0,0.008130759932100773,0.008101830258965492,500.0,456.8000183105469,499.76043701171875
old_reserved,selected,5004,218,3,0,0.008101830258965492,0.008110431022942066,500.0,381.20001220703125,497.4895935058594
old_reserved,selected,5004,219,3,0,0.008110431022942066,0.008083581924438477,500.0,352.3999938964844,499.9479064941406
old_reserved,selected,5004,220,3,0,0.008083581924438477,0.008074847981333733,500.0,345.70001220703125,499.2552185058594
old_reserved,selected,5004,221,3,0,0.008074847981333733,0.008060479536652565,500.0,339.5,499.74481201171875
old_reserved,selected,5004,222,3,0,0.008060479536652565,0.00806664302945137,500.0,322.5,498.69793701171875
old_reserved,selected,5004,223,3,0,0.00806664302945137,0.008053123019635677,500.0,323.20001220703125,499.82293701171875
old_reserved,selected,5004,224,3,0,0.008053123019635677,0.008071976713836193,500.0,325.70001220703125,498.04168701171875
old_reserved,selected,5004,225,3,0,0.008071976713836193,0.008053922094404697,500.0,308.5,500.0
old_reserved,selected,5004,226,3,0,0.008053922094404697,0.008042136207222939,500.0,324.5,499.90625
old_reserved,selected,5004,227,3,0,0.008042136207222939,0.008037393912672997,500.0,333.8999938964844,499.68231201171875
old_reserved,selected,5004,228,3,0,0.008037393912672997,0.008030652068555355,500.0,374.5,499.859375
old_reserved,selected,5004,229,3,0,0.008030652068555355,0.0080232759937644,500.0,357.8999938964844,499.984375
old_reserved,selected,5004,230,3,0,0.0080232759937644,0.008044187910854816,500.0,340.20001220703125,498.44268798828125
old_reserved,selected,5004,231,3,0,0.008044187910854816,0.008039946667850018,500.0,343.8999938964844,499.6354064941406
old_reserved,selected,5004,232,3,0,0.008039946667850018,0.008032822981476784,500.0,392.8999938964844,499.84893798828125
old_reserved,selected,5004,233,3,0,0.008032822981476784,0.008025005459785461,500.0,422.0,499.97918701171875
old_reserved,selected,5004,234,3,0,0.008025005459785461,0.00801874790340662,500.0,391.20001220703125,500.0
old_reserved,selected,5004,235,3,0,0.00801874790340662,0.008014057762920856,500.0,347.3999938964844,500.0
old_reserved,selected,5004,236,3,0,0.008014057762920856,0.008010542020201683,500.0,407.8000183105469,500.0
old_reserved,selected,5004,237,3,0,0.008010542020201683,0.008017393760383129,500.0,434.20001220703125,499.5
old_reserved,selected,5004,238,3,0,0.008017393760383129,0.008013040758669376,500.0,353.6000061035156,500.0
old_reserved,selected,5004,239,3,0,0.008013040758669376,0.008009778335690498,500.0,382.6000061035156,500.0
old_reserved,selected,5004,240,4,1,0.008009778335690498,0.0128947077319026,500.0,500.0,365.046875
old_reserved,selected,5004,241,4,1,0.0128947077319026,0.011913401074707508,500.0,500.0,434.04168701171875
old_reserved,selected,5004,242,4,1,0.011913401074707508,0.010806088335812092,500.0,500.0,498.5989685058594
old_reserved,selected,5004,243,4,1,0.010806088335812092,0.01004788838326931,500.0,500.0,498.0416564941406
old_reserved,selected,5004,244,4,1,0.01004788838326931,0.009503655135631561,500.0,500.0,498.84893798828125
old_reserved,selected,5004,245,4,1,0.009503655135631561,0.009132025763392448,500.0,500.0,496.515625
old_reserved,selected,5004,246,4,1,0.009132025763392448,0.008903637528419495,500.0,500.0,488.03125
old_reserved,selected,5004,247,4,1,0.008903637528419495,0.008689562790095806,500.0,500.0,497.515625
old_reserved,selected,5004,248,4,1,0.008689562790095806,0.008533181622624397,500.0,500.0,497.421875
old_reserved,selected,5004,249,4,1,0.008533181622624397,0.008487577550113201,500.0,500.0,484.1875
old_reserved,selected,5004,250,4,1,0.008487577550113201,0.008455676957964897,500.0,500.0,485.2604064941406
old_reserved,selected,5004,251,4,1,0.008455676957964897,0.008413165807723999,500.0,500.0,490.6927185058594
old_reserved,selected,5004,252,4,1,0.008413165807723999,0.008356794714927673,500.0,500.0,493.82293701171875
old_reserved,selected,5004,253,4,1,0.008356794714927673,0.00832262635231018,500.0,500.0,492.88543701171875
old_reserved,selected,5004,254,4,1,0.00832262635231018,0.008340492844581604,500.0,500.0,476.21356201171875
old_reserved,selected,5004,255,4,1,0.008340492844581604,0.008358022198081017,500.0,500.0,476.55731201171875
old_reserved,selected,5004,256,4,1,0.008358022198081017,0.008360971696674824,500.0,500.0,484.0833435058594
old_reserved,selected,5004,257,4,1,0.008360971696674824,0.008272240869700909,500.0,500.0,499.73956298828125
old_reserved,selected,5004,258,4,1,0.008272240869700909,0.008245520293712616,500.0,500.0,495.06768798828125
old_reserved,selected,5004,259,4,1,0.008245520293712616,0.008251478895545006,500.0,500.0,492.0
old_reserved,selected,5004,260,4,1,0.008251478895545006,0.008273814804852009,500.0,500.0,488.63543701171875
old_reserved,selected,5004,261,4,1,0.008273814804852009,0.008218458853662014,500.0,500.0,498.8489685058594
old_reserved,selected,5004,262,4,1,0.008218458853662014,0.008209454827010632,500.0,500.0,495.2395935058594
old_reserved,selected,5004,263,4,1,0.008209454827010632,0.008171871304512024,500.0,500.0,498.7395935058594
old_reserved,selected,5004,264,4,1,0.008171871304512024,0.008153464645147324,500.0,500.0,497.671875
old_reserved,selected,5004,265,4,1,0.008153464645147324,0.008114825002849102,500.0,500.0,500.0
old_reserved,selected,5004,266,4,1,0.008114825002849102,0.008095196448266506,500.0,500.0,499.28125
old_reserved,selected,5004,267,4,1,0.008095196448266506,0.008103986270725727,500.0,500.0,497.22918701171875
old_reserved,selected,5004,268,4,1,0.008103986270725727,0.008082691580057144,500.0,500.0,499.66143798828125
old_reserved,selected,5004,269,4,1,0.008082691580057144,0.008083288557827473,500.0,500.0,498.4427185058594
old_reserved,selected,5004,270,4,1,0.008083288557827473,0.008104025386273861,500.0,500.0,496.84375
old_reserved,selected,5004,271,4,1,0.008104025386273861,0.0081492243334651,500.0,500.0,492.4895935058594
old_reserved,selected,5004,272,4,1,0.0081492243334651,0.008153636008501053,500.0,500.0,496.7969055175781
old_reserved,selected,5004,273,4,1,0.008153636008501053,0.008115800097584724,500.0,500.0,499.94793701171875
old_reserved,selected,5004,274,4,1,0.008115800097584724,0.008130162954330444,500.0,500.0,496.74481201171875
old_reserved,selected,5004,275,4,1,0.008130162954330444,0.008097424171864986,500.0,500.0,500.0
old_reserved,selected,5004,276,4,1,0.008097424171864986,0.008155817165970802,500.0,500.0,492.6979064941406
old_reserved,selected,5004,277,4,1,0.008155817165970802,0.008189218118786812,500.0,500.0,492.625
old_reserved,selected,5004,278,4,1,0.008189218118786812,0.008242210373282433,500.0,500.0,485.828125
old_reserved,selected,5004,279,4,1,0.008242210373282433,0.008181135170161724,500.0,500.0,499.9895935058594
old_reserved,selected,5004,280,4,1,0.008181135170161724,0.00824352353811264,500.0,500.0,476.59375
old_reserved,selected,5004,281,4,1,0.00824352353811264,0.00825518649071455,500.0,500.0,488.33331298828125
old_reserved,selected,5004,282,4,1,0.00825518649071455,0.008202873170375824,500.0,500.0,499.02606201171875
old_reserved,selected,5004,283,4,1,0.008202873170375824,0.008151676505804062,500.0,500.0,500.0
old_reserved,selected,5004,284,4,1,0.008151676505804062,0.008113490417599678,500.0,500.0,500.0
old_reserved,selected,5004,285,4,1,0.008113490417599678,0.008109518326818943,500.0,500.0,497.734375
old_reserved,selected,5004,286,4,1,0.008109518326818943,0.008085358887910843,500.0,500.0,499.75
old_reserved,selected,5004,287,4,1,0.008085358887910843,0.008136162534356117,500.0,500.0,490.94268798828125
old_reserved,selected,5004,288,4,1,0.008136162534356117,0.008187554776668549,500.0,500.0,488.63543701171875
old_reserved,selected,5004,289,4,1,0.008187554776668549,0.008220285177230835,500.0,500.0,490.00518798828125
old_reserved,selected,5004,290,4,1,0.008220285177230835,0.008173639886081219,500.0,500.0,499.3177185058594
old_reserved,selected,5004,291,4,1,0.008173639886081219,0.00813988782465458,500.0,500.0,499.22918701171875
old_reserved,selected,5004,292,4,1,0.00813988782465458,0.008126872591674328,500.0,500.0,498.1614685058594
old_reserved,selected,5004,293,4,1,0.008126872591674328,0.008170156739652157,500.0,500.0,489.8697814941406
old_reserved,selected,5004,294,4,1,0.008170156739652157,0.008222653530538082,500.0,500.0,485.71356201171875
old_reserved,selected,5004,295,4,1,0.008222653530538082,0.008256426081061363,500.0,500.0,479.875
old_reserved,selected,5004,296,4,1,0.008256426081061363,0.008273988030850887,500.0,498.70001220703125,490.5677185058594
old_reserved,selected,5004,297,4,1,0.008273988030850887,0.008225626312196255,500.0,479.5,498.27081298828125
old_reserved,selected,5004,298,4,1,0.008225626312196255,0.008222249336540699,500.0,485.70001220703125,494.80731201171875
old_reserved,selected,5004,299,4,1,0.008222249336540699,0.008186539635062218,500.0,490.8000183105469,498.32293701171875
old_reserved,selected,5004,300,4,1,0.008186539635062218,0.008151540532708168,500.0,472.8999938964844,499.078125
old_reserved,selected,5004,301,4,1,0.008151540532708168,0.008135476149618626,500.0,500.0,498.19793701171875
old_reserved,selected,5004,302,4,1,0.008135476149618626,0.008118989877402782,500.0,500.0,498.6145935058594
old_reserved,selected,5004,303,4,1,0.008118989877402782,0.008091595955193043,500.0,500.0,499.82293701171875
old_reserved,selected,5004,304,4,1,0.008091595955193043,0.008068597875535488,500.0,500.0,500.0
old_reserved,selected,5004,305,4,1,0.008068597875535488,0.008083284832537174,500.0,500.0,497.4270935058594
old_reserved,selected,5004,306,4,1,0.008083284832537174,0.008084063418209553,500.0,485.20001220703125,498.43231201171875
old_reserved,selected,5004,307,4,1,0.008084063418209553,0.008137477561831474,500.0,500.0,493.05206298828125
old_reserved,selected,5004,308,4,1,0.008137477561831474,0.008160645142197609,500.0,500.0,495.1145935058594
old_reserved,selected,5004,309,4,1,0.008160645142197609,0.008147825486958027,500.0,487.5,498.1770935058594
old_reserved,selected,5004,310,4,1,0.008147825486958027,0.008181294426321983,500.0,500.0,492.828125
old_reserved,selected,5004,311,4,1,0.008181294426321983,0.008206210099160671,500.0,486.3999938964844,494.140625
old_reserved,selected,5004,312,4,1,0.008206210099160671,0.00819322094321251,500.0,500.0,497.31768798828125
old_reserved,selected,5004,313,4,1,0.00819322094321251,0.008169330656528473,500.0,500.0,498.3958435058594
old_reserved,selected,5004,314,4,1,0.008169330656528473,0.008136922493577003,500.0,500.0,499.35418701171875
old_reserved,selected,5004,315,4,1,0.008136922493577003,0.008103259839117527,500.0,500.0,499.953125
old_reserved,selected,5004,316,4,1,0.008103259839117527,0.008110299706459045,500.0,480.8000183105469,497.703125
old_reserved,selected,5004,317,4,1,0.008110299706459045,0.008142582140862942,500.0,469.6000061035156,495.34375
old_reserved,selected,5004,318,4,1,0.008142582140862942,0.008128833025693893,500.0,466.20001220703125,498.578125
old_reserved,selected,5004,319,4,1,0.008128833025693893,0.008148337714374065,500.0,500.0,496.1666564941406
old_reserved,selected,5005,0,1,0,0.5,0.21995174884796143,9.40000057220459,9.199999809265137,19.98958396911621
old_reserved,selected,5005,1,1,0,0.21995174884796143,0.11792223900556564,9.300000190734863,9.699999809265137,27.526042938232422
old_reserved,selected,5005,2,1,0,0.11792223900556564,0.07366903871297836,8.800000190734863,9.100000381469727,34.28645324707031
old_reserved,selected,5005,3,1,0,0.07366903871297836,0.05174288898706436,10.199999809265137,10.199999809265137,39.40625
old_reserved,selected,5005,4,1,0,0.05174288898706436,0.039288099855184555,9.40000057220459,9.100000381469727,52.130210876464844
old_reserved,selected,5005,5,1,0,0.039288099855184555,0.03145783767104149,9.199999809265137,9.600000381469727,72.70313262939453
old_reserved,selected,5005,6,1,0,0.03145783767104149,0.025713125243782997,18.100000381469727,22.899999618530273,121.81770324707031
old_reserved,selected,5005,7,1,0,0.025713125243782997,0.02097160555422306,272.0,500.0,208.30728149414062
old_reserved,selected,5005,8,1,0,0.02097160555422306,0.017158422619104385,349.8999938964844,500.0,331.1666259765625
old_reserved,selected,5005,9,1,0,0.017158422619104385,0.014277693815529346,418.3000183105469,500.0,444.734375
old_reserved,selected,5005,10,1,0,0.014277693815529346,0.012389028444886208,478.3000183105469,500.0,475.61981201171875
old_reserved,selected,5005,11,1,0,0.012389028444886208,0.01112004742026329,500.0,500.0,487.859375
old_reserved,selected,5005,12,1,0,0.01112004742026329,0.010243031196296215,500.0,476.5,498.5260314941406
old_reserved,selected,5005,13,1,0,0.010243031196296215,0.009629354812204838,500.0,474.5,499.92706298828125
old_reserved,selected,5005,14,1,0,0.009629354812204838,0.009193276055157185,500.0,468.8999938964844,500.0
old_reserved,selected,5005,15,1,0,0.009193276055157185,0.008879691362380981,500.0,485.5,499.171875
old_reserved,selected,5005,16,1,0,0.008879691362380981,0.008651447482407093,500.0,475.20001220703125,499.15625
old_reserved,selected,5005,17,1,0,0.008651447482407093,0.008483915589749813,500.0,442.8000183105469,499.5729064941406
old_reserved,selected,5005,18,1,0,0.008483915589749813,0.008360258303582668,500.0,406.3000183105469,500.0
old_reserved,selected,5005,19,1,0,0.008360258303582668,0.008268864825367928,500.0,404.70001220703125,499.46875
old_reserved,selected,5005,20,1,0,0.008268864825367928,0.008201934397220612,500.0,482.8999938964844,496.90625
old_reserved,selected,5005,21,1,0,0.008201934397220612,0.008152134716510773,500.0,496.20001220703125,498.234375
old_reserved,selected,5005,22,1,0,0.008152134716510773,0.008113831281661987,500.0,500.0,500.0
old_reserved,selected,5005,23,1,0,0.008113831281661987,0.008085220120847225,500.0,499.3000183105469,500.0
old_reserved,selected,5005,24,1,0,0.008085220120847225,0.008063828572630882,500.0,500.0,500.0
old_reserved,selected,5005,25,1,0,0.008063828572630882,0.008047825656831264,500.0,500.0,500.0
old_reserved,selected,5005,26,1,0,0.008047825656831264,0.008037670515477657,500.0,500.0,499.55206298828125
old_reserved,selected,5005,27,1,0,0.008037670515477657,0.008038528263568878,500.0,500.0,497.72393798828125
old_reserved,selected,5005,28,1,0,0.008038528263568878,0.008034642785787582,500.0,500.0,499.09375
old_reserved,selected,5005,29,1,0,0.008034642785787582,0.008030123077332973,500.0,500.0,499.453125
old_reserved,selected,5005,30,1,0,0.008030123077332973,0.00803704559803009,500.0,500.0,498.19268798828125
old_reserved,selected,5005,31,1,0,0.00803704559803009,0.008027768693864346,500.0,500.0,500.0
old_reserved,selected,5005,32,1,0,0.008027768693864346,0.008020816370844841,500.0,500.0,500.0
old_reserved,selected,5005,33,1,0,0.008020816370844841,0.008040406741201878,500.0,500.0,497.4427185058594
old_reserved,selected,5005,34,1,0,0.008040406741201878,0.008032053709030151,500.0,500.0,499.86456298828125
old_reserved,selected,5005,35,1,0,0.008032053709030151,0.008030605502426624,500.0,500.0,499.5052185058594
old_reserved,selected,5005,36,1,0,0.008030605502426624,0.008047402836382389,500.0,500.0,498.0572814941406
old_reserved,selected,5005,37,1,0,0.008047402836382389,0.0080369608476758,500.0,500.0,499.90625
old_reserved,selected,5005,38,1,0,0.0080369608476758,0.008043287321925163,500.0,500.0,498.9635314941406
old_reserved,selected,5005,39,1,0,0.008043287321925163,0.008076881989836693,500.0,500.0,496.46875
old_reserved,selected,5005,40,1,0,0.008076881989836693,0.008069466799497604,500.0,500.0,499.2552185058594
old_reserved,selected,5005,41,1,0,0.008069466799497604,0.008129003457725048,500.0,500.0,493.1875
old_reserved,selected,5005,42,1,0,0.008129003457725048,0.008224379271268845,500.0,500.0,483.25
old_reserved,selected,5005,43,1,0,0.008224379271268845,0.008220657706260681,500.0,500.0,495.52606201171875
old_reserved,selected,5005,44,1,0,0.008220657706260681,0.008234648033976555,500.0,500.0,493.7916564941406
old_reserved,selected,5005,45,1,0,0.008234648033976555,0.008210769854485989,500.0,498.70001220703125,497.22393798828125
old_reserved,selected,5005,46,1,0,0.008210769854485989,0.008157563395798206,500.0,500.0,500.0
old_reserved,selected,5005,47,1,0,0.008157563395798206,0.008157243952155113,500.0,495.0,496.92706298828125
old_reserved,selected,5005,48,1,0,0.008157243952155113,0.008183171041309834,500.0,500.0,492.72918701171875
old_reserved,selected,5005,49,1,0,0.008183171041309834,0.008175218477845192,500.0,500.0,497.0572814941406
old_reserved,selected,5005,50,1,0,0.008175218477845192,0.008154401555657387,500.0,500.0,498.36981201171875
old_reserved,selected,5005,51,1,0,0.008154401555657387,0.008138999342918396,500.0,500.0,498.43231201171875
old_reserved,selected,5005,52,1,0,0.008138999342918396,0.008128205314278603,500.0,500.0,498.390625
old_reserved,selected,5005,53,1,0,0.008128205314278603,0.008100328035652637,500.0,500.0,499.7395935058594
old_reserved,selected,5005,54,1,0,0.008100328035652637,0.008075394667685032,500.0,500.0,499.984375
old_reserved,selected,5005,55,1,0,0.008075394667685032,0.008056479506194592,500.0,500.0,500.0
old_reserved,selected,5005,56,1,0,0.008056479506194592,0.008057686500251293,500.0,500.0,499.0729064941406
old_reserved,selected,5005,57,1,0,0.008057686500251293,0.008057032711803913,500.0,500.0,499.18231201171875
old_reserved,selected,5005,58,1,0,0.008057032711803913,0.008048838935792446,500.0,500.0,499.65106201171875
old_reserved,selected,5005,59,1,0,0.008048838935792446,0.008137000724673271,500.0,500.0,490.4375
old_reserved,selected,5005,60,1,0,0.008137000724673271,0.008149130269885063,500.0,500.0,496.5208435058594
old_reserved,selected,5005,61,1,0,0.008149130269885063,0.008149196393787861,500.0,500.0,497.3072814941406
old_reserved,selected,5005,62,1,0,0.008149196393787861,0.008133974857628345,500.0,500.0,498.609375
old_reserved,selected,5005,63,1,0,0.008133974857628345,0.008123660460114479,500.0,500.0,498.58856201171875
old_reserved,selected,5005,64,1,0,0.008123660460114479,0.008164867758750916,500.0,500.0,494.6770935058594
old_reserved,selected,5005,65,1,0,0.008164867758750916,0.008207384496927261,500.0,500.0,493.57293701171875
old_reserved,selected,5005,66,1,0,0.008207384496927261,0.008197391405701637,500.0,500.0,497.3541564941406
old_reserved,selected,5005,67,1,0,0.008197391405701637,0.008167418651282787,500.0,500.0,498.8020935058594
old_reserved,selected,5005,68,1,0,0.008167418651282787,0.008125237189233303,500.0,500.0,500.0
old_reserved,selected,5005,69,1,0,0.008125237189233303,0.008100965060293674,500.0,500.0,499.578125
old_reserved,selected,5005,70,1,0,0.008100965060293674,0.008086616173386574,500.0,500.0,499.33856201171875
old_reserved,selected,5005,71,1,0,0.008086616173386574,0.008086685091257095,500.0,500.0,498.66143798828125
old_reserved,selected,5005,72,1,0,0.008086685091257095,0.008134548552334309,500.0,500.0,494.8125
old_reserved,selected,5005,73,1,0,0.008134548552334309,0.008101803250610828,500.0,500.0,499.9375
old_reserved,selected,5005,74,1,0,0.008101803250610828,0.00813151616603136,500.0,500.0,496.125
old_reserved,selected,5005,75,1,0,0.00813151616603136,0.008100355044007301,500.0,500.0,499.890625
old_reserved,selected,5005,76,1,0,0.008100355044007301,0.008121843449771404,500.0,500.0,496.60418701171875
old_reserved,selected,5005,77,1,0,0.008121843449771404,0.008183108642697334,500.0,500.0,489.125
old_reserved,selected,5005,78,1,0,0.008183108642697334,0.008169085718691349,500.0,500.0,497.8645935058594
old_reserved,selected,5005,79,1,0,0.008169085718691349,0.008195553906261921,500.0,500.0,494.55206298828125
old_reserved,selected,5005,80,2,1,0.008195553906261921,0.010027746669948101,500.0,500.0,429.34893798828125
old_reserved,selected,5005,81,2,1,0.010027746669948101,0.009642215445637703,500.0,500.0,483.484375
old_reserved,selected,5005,82,2,1,0.009642215445637703,0.009290809743106365,500.0,500.0,492.27606201171875
old_reserved,selected,5005,83,2,1,0.009290809743106365,0.009031274355947971,500.0,500.0,492.57293701171875
old_reserved,selected,5005,84,2,1,0.009031274355947971,0.00884886085987091,500.0,500.0,486.86981201171875
old_reserved,selected,5005,85,2,1,0.00884886085987091,0.00871767196804285,500.0,500.0,490.8958435058594
old_reserved,selected,5005,86,2,1,0.00871767196804285,0.008537129499018192,500.0,497.1000061035156,499.66668701171875
old_reserved,selected,5005,87,2,1,0.008537129499018192,0.008412223309278488,500.0,500.0,498.97393798828125
old_reserved,selected,5005,88,2,1,0.008412223309278488,0.00831261184066534,500.0,500.0,499.57293701171875
old_reserved,selected,5005,89,2,1,0.00831261184066534,0.008240154944360256,500.0,500.0,499.45831298828125
old_reserved,selected,5005,90,2,1,0.008240154944360256,0.008211513981223106,500.0,500.0,497.140625
old_reserved,selected,5005,91,2,1,0.008211513981223106,0.008175105787813663,500.0,465.5,498.671875
old_reserved,selected,5005,92,2,1,0.008175105787813663,0.008140353485941887,500.0,439.6000061035156,499.296875
old_reserved,selected,5005,93,2,1,0.008140353485941887,0.008144822902977467,500.0,485.1000061035156,496.875
old_reserved,selected,5005,94,2,1,0.008144822902977467,0.00810837373137474,500.0,494.3000183105469,500.0
old_reserved,selected,5005,95,2,1,0.00810837373137474,0.008083273656666279,500.0,455.8000183105469,499.859375
old_reserved,selected,5005,96,2,1,0.008083273656666279,0.008066616952419281,500.0,438.3999938964844,499.72393798828125
old_reserved,selected,5005,97,2,1,0.008066616952419281,0.008057444356381893,500.0,478.3999938964844,499.515625
old_reserved,selected,5005,98,2,1,0.008057444356381893,0.008046570234000683,500.0,489.8999938964844,499.78125
old_reserved,selected,5005,99,2,1,0.008046570234000683,0.008034903556108475,500.0,500.0,500.0
old_reserved,selected,5005,100,2,1,0.008034903556108475,0.008039720356464386,500.0,499.5,499.1614685058594
old_reserved,selected,5005,101,2,1,0.008039720356464386,0.008043302223086357,500.0,500.0,499.19268798828125
old_reserved,selected,5005,102,2,1,0.008043302223086357,0.008050746284425259,500.0,500.0,498.89581298828125
old_reserved,selected,5005,103,2,1,0.008050746284425259,0.008047878742218018,500.0,500.0,499.4375
old_reserved,selected,5005,104,2,1,0.008047878742218018,0.008035884238779545,500.0,500.0,500.0
old_reserved,selected,5005,105,2,1,0.008035884238779545,0.008068444207310677,500.0,500.0,497.2760314941406
old_reserved,selected,5005,106,2,1,0.008068444207310677,0.008067200891673565,500.0,500.0,499.07293701171875
old_reserved,selected,5005,107,2,1,0.008067200891673565,0.008061075583100319,500.0,500.0,499.4010314941406
old_reserved,selected,5005,108,2,1,0.008061075583100319,0.008070152252912521,500.0,500.0,498.52606201171875
old_reserved,selected,5005,109,2,1,0.008070152252912521,0.008052554912865162,500.0,500.0,500.0
old_reserved,selected,5005,110,2,1,0.008052554912865162,0.008056575432419777,500.0,500.0,499.05731201171875
old_reserved,selected,5005,111,2,1,0.008056575432419777,0.00804904568940401,500.0,500.0,499.64581298828125
old_reserved,selected,5005,112,2,1,0.00804904568940401,0.0080375662073493,500.0,500.0,499.95831298828125
old_reserved,selected,5005,113,2,1,0.0080375662073493,0.008079605177044868,500.0,500.0,496.6041564941406
old_reserved,selected,5005,114,2,1,0.008079605177044868,0.008084410801529884,500.0,500.0,498.51043701171875
old_reserved,selected,5005,115,2,1,0.008084410801529884,0.008086816407740116,500.0,500.0,498.671875
old_reserved,selected,5005,116,2,1,0.008086816407740116,0.008088340051472187,500.0,500.0,498.6458435058594
old_reserved,selected,5005,117,2,1,0.008088340051472187,0.00806838646531105,500.0,500.0,499.88543701171875
old_reserved,selected,5005,118,2,1,0.00806838646531105,0.008109178394079208,500.0,500.0,495.890625
old_reserved,selected,5005,119,2,1,0.008109178394079208,0.008147700689733028,500.0,500.0,494.94793701171875
old_reserved,selected,5005,120,2,1,0.008147700689733028,0.008143696002662182,500.0,500.0,497.83856201171875
old_reserved,selected,5005,121,2,1,0.008143696002662182,0.008107530884444714,500.0,500.0,500.0
old_reserved,selected,5005,122,2,1,0.008107530884444714,0.008132566697895527,500.0,500.0,495.6875
old_reserved,selected,5005,123,2,1,0.008132566697895527,0.008157815784215927,500.0,500.0,495.703125
old_reserved,selected,5005,124,2,1,0.008157815784215927,0.00815025344491005,500.0,500.0,497.875
old_reserved,selected,5005,125,2,1,0.00815025344491005,0.008112426847219467,500.0,500.0,500.0
old_reserved,selected,5005,126,2,1,0.008112426847219467,0.008186719380319118,500.0,490.0,483.0
old_reserved,selected,5005,127,2,1,0.008186719380319118,0.008239887654781342,500.0,496.8000183105469,486.2083435058594
old_reserved,selected,5005,128,2,1,0.008239887654781342,0.008179251104593277,500.0,498.3999938964844,500.0
old_reserved,selected,5005,129,2,1,0.008179251104593277,0.008134064264595509,500.0,487.70001220703125,500.0
old_reserved,selected,5005,130,2,1,0.008134064264595509,0.008134362287819386,500.0,485.8000183105469,497.33856201171875
old_reserved,selected,5005,131,2,1,0.008134362287819386,0.008100563660264015,500.0,462.70001220703125,500.0
old_reserved,selected,5005,132,2,1,0.008100563660264015,0.008076734840869904,500.0,465.70001220703125,499.90625
old_reserved,selected,5005,133,2,1,0.008076734840869904,0.008057482540607452,500.0,474.20001220703125,500.0
old_reserved,selected,5005,134,2,1,0.008057482540607452,0.008043072186410427,500.0,466.5,500.0
old_reserved,selected,5005,135,2,1,0.008043072186410427,0.008037352003157139,500.0,491.3000183105469,499.68231201171875
old_reserved,selected,5005,136,2,1,0.008037352003157139,0.008044775575399399,500.0,433.70001220703125,498.890625
old_reserved,selected,5005,137,2,1,0.008044775575399399,0.008059561252593994,500.0,421.20001220703125,498.3125
old_reserved,selected,5005,138,2,1,0.008059561252593994,0.008049222640693188,500.0,472.1000061035156,499.734375
old_reserved,selected,5005,139,2,1,0.008049222640693188,0.00803688820451498,500.0,406.5,500.0
old_reserved,selected,5005,140,2,1,0.00803688820451498,0.00802765041589737,500.0,400.3999938964844,500.0
old_reserved,selected,5005,141,2,1,0.00802765041589737,0.008020728826522827,500.0,431.70001220703125,500.0
old_reserved,selected,5005,142,2,1,0.008020728826522827,0.008015540428459644,500.0,403.8999938964844,500.0
old_reserved,selected,5005,143,2,1,0.008015540428459644,0.008020170032978058,500.0,404.20001220703125,499.53125
old_reserved,selected,5005,144,2,1,0.008020170032978058,0.00802794098854065,500.0,433.3000183105469,499.28643798828125
old_reserved,selected,5005,145,2,1,0.00802794098854065,0.00802964810281992,500.0,411.3999938964844,499.53643798828125
old_reserved,selected,5005,146,2,1,0.00802964810281992,0.008022223599255085,500.0,461.8999938964844,500.0
old_reserved,selected,5005,147,2,1,0.008022223599255085,0.00801888108253479,500.0,469.8999938964844,499.88543701171875
old_reserved,selected,5005,148,2,1,0.00801888108253479,0.008014156483113766,500.0,477.8000183105469,500.0
old_reserved,selected,5005,149,2,1,0.008014156483113766,0.00803130678832531,500.0,500.0,498.86456298828125
old_reserved,selected,5005,150,2,1,0.00803130678832531,0.008023466914892197,500.0,499.5,500.0
old_reserved,selected,5005,151,2,1,0.008023466914892197,0.008050619624555111,500.0,500.0,498.03125
old_reserved,selected,5005,152,2,1,0.008050619624555111,0.008049939759075642,500.0,468.3999938964844,499.34893798828125
old_reserved,selected,5005,153,2,1,0.008049939759075642,0.008070367388427258,500.0,491.0,498.11456298828125
old_reserved,selected,5005,154,2,1,0.008070367388427258,0.008079038932919502,500.0,493.5,498.43231201171875
old_reserved,selected,5005,155,2,1,0.008079038932919502,0.00805920735001564,500.0,444.20001220703125,500.0
old_reserved,selected,5005,156,2,1,0.00805920735001564,0.008066174574196339,500.0,447.70001220703125,498.7864685058594
old_reserved,selected,5005,157,2,1,0.008066174574196339,0.008068901486694813,500.0,488.3999938964844,498.91143798828125
old_reserved,selected,5005,158,2,1,0.008068901486694813,0.008063044399023056,500.0,482.70001220703125,499.39581298828125
old_reserved,selected,5005,159,2,1,0.008063044399023056,0.008047234266996384,500.0,499.1000061035156,500.0
old_reserved,selected,5005,160,3,0,0.008047234266996384,0.009772398509085178,500.0,500.0,439.9218444824219
old_reserved,selected,5005,161,3,0,0.009772398509085178,0.009384647011756897,500.0,500.0,493.44793701171875
old_reserved,selected,5005,162,3,0,0.009384647011756897,0.009051433764398098,500.0,500.0,497.734375
old_reserved,selected,5005,163,3,0,0.009051433764398098,0.008813152089715004,500.0,500.0,497.421875
old_reserved,selected,5005,164,3,0,0.008813152089715004,0.00861466582864523,500.0,500.0,499.15625
old_reserved,selected,5005,165,3,0,0.00861466582864523,0.00845678523182869,500.0,500.0,499.9947814941406
old_reserved,selected,5005,166,3,0,0.00845678523182869,0.008340202271938324,500.0,500.0,500.0
old_reserved,selected,5005,167,3,0,0.008340202271938324,0.008256682194769382,500.0,500.0,499.796875
old_reserved,selected,5005,168,3,0,0.008256682194769382,0.008203173987567425,500.0,500.0,499.171875
old_reserved,selected,5005,169,3,0,0.008203173987567425,0.008151901885867119,500.0,500.0,500.0
old_reserved,selected,5005,170,3,0,0.008151901885867119,0.008113738149404526,500.0,500.0,499.99481201171875
old_reserved,selected,5005,171,3,0,0.008113738149404526,0.00809195451438427,500.0,500.0,499.546875
old_reserved,selected,5005,172,3,0,0.00809195451438427,0.00806994829326868,500.0,500.0,499.93231201171875
old_reserved,selected,5005,173,3,0,0.00806994829326868,0.008062098175287247,500.0,500.0,499.390625
old_reserved,selected,5005,174,3,0,0.008062098175287247,0.008060249499976635,500.0,500.0,499.16668701171875
old_reserved,selected,5005,175,3,0,0.008060249499976635,0.00805769395083189,500.0,500.0,499.23956298828125
old_reserved,selected,5005,176,3,0,0.00805769395083189,0.008043229579925537,500.0,500.0,500.0
old_reserved,selected,5005,177,3,0,0.008043229579925537,0.008038831874728203,500.0,500.0,499.63543701171875
old_reserved,selected,5005,178,3,0,0.008038831874728203,0.008029105141758919,500.0,500.0,500.0
old_reserved,selected,5005,179,3,0,0.008029105141758919,0.00802991259843111,500.0,500.0,499.55206298828125
old_reserved,selected,5005,180,3,0,0.00802991259843111,0.008029457181692123,500.0,500.0,499.61456298828125
old_reserved,selected,5005,181,3,0,0.008029457181692123,0.008031042292714119,500.0,500.0,499.51043701171875
old_reserved,selected,5005,182,3,0,0.008031042292714119,0.008035493083298206,500.0,500.0,499.34375
old_reserved,selected,5005,183,3,0,0.008035493083298206,0.008046017959713936,500.0,500.0,498.921875
old_reserved,selected,5005,184,3,0,0.008046017959713936,0.008041300810873508,500.0,500.0,499.640625
old_reserved,selected,5005,185,3,0,0.008041300810873508,0.00803095381706953,500.0,500.0,500.0
old_reserved,selected,5005,186,3,0,0.00803095381706953,0.00802320335060358,500.0,500.0,500.0
old_reserved,selected,5005,187,3,0,0.00802320335060358,0.008017397485673428,500.0,500.0,500.0
old_reserved,selected,5005,188,3,0,0.008017397485673428,0.008013044483959675,500.0,500.0,500.0
old_reserved,selected,5005,189,3,0,0.008013044483959675,0.008009782060980797,500.0,500.0,500.0
old_reserved,selected,5005,190,3,0,0.008009782060980797,0.008019458502531052,500.0,500.0,499.3645935058594
old_reserved,selected,5005,191,3,0,0.008019458502531052,0.008014588616788387,500.0,500.0,500.0
old_reserved,selected,5005,192,3,0,0.008014588616788387,0.008010939694941044,500.0,500.0,500.0
old_reserved,selected,5005,193,3,0,0.008010939694941044,0.008008205331861973,500.0,500.0,500.0
old_reserved,selected,5005,194,3,0,0.008008205331861973,0.008045883849263191,500.0,500.0,497.4375
old_reserved,selected,5005,195,3,0,0.008045883849263191,0.008050373755395412,500.0,500.0,499.11981201171875
old_reserved,selected,5005,196,3,0,0.008050373755395412,0.008037750609219074,500.0,500.0,500.0
old_reserved,selected,5005,197,3,0,0.008037750609219074,0.008028296753764153,500.0,500.0,500.0
old_reserved,selected,5005,198,3,0,0.008028296753764153,0.00802526529878378,500.0,500.0,499.7916564941406
old_reserved,selected,5005,199,3,0,0.00802526529878378,0.008018942549824715,500.0,500.0,500.0
old_reserved,selected,5005,200,3,0,0.008018942549824715,0.008014202117919922,500.0,500.0,500.0
old_reserved,selected,5005,201,3,0,0.008014202117919922,0.008040962740778923,500.0,500.0,498.1875
old_reserved,selected,5005,202,3,0,0.008040962740778923,0.00804070197045803,500.0,500.0,499.4739685058594
old_reserved,selected,5005,203,3,0,0.00804070197045803,0.00803050585091114,500.0,500.0,500.0
old_reserved,selected,5005,204,3,0,0.00803050585091114,0.008022867143154144,500.0,500.0,500.0
old_reserved,selected,5005,205,3,0,0.008022867143154144,0.008017146028578281,500.0,500.0,500.0
old_reserved,selected,5005,206,3,0,0.008017146028578281,0.008012857288122177,500.0,500.0,500.0
old_reserved,selected,5005,207,3,0,0.008012857288122177,0.00800964143127203,500.0,500.0,500.0
old_reserved,selected,5005,208,3,0,0.00800964143127203,0.008007227443158627,500.0,500.0,500.0
old_reserved,selected,5005,209,3,0,0.008007227443158627,0.008005417883396149,500.0,500.0,500.0
old_reserved,selected,5005,210,3,0,0.008005417883396149,0.008026792667806149,500.0,500.0,498.703125
old_reserved,selected,5005,211,3,0,0.008026792667806149,0.008020086213946342,500.0,500.0,500.0
old_reserved,selected,5005,212,3,0,0.008020086213946342,0.008027853444218636,500.0,500.0,499.3177185058594
old_reserved,selected,5005,213,3,0,0.008027853444218636,0.008020881563425064,500.0,500.0,500.0
old_reserved,selected,5005,214,3,0,0.008020881563425064,0.008015654981136322,500.0,500.0,500.0
old_reserved,selected,5005,215,3,0,0.008015654981136322,0.00803082063794136,500.0,500.0,498.9375
old_reserved,selected,5005,216,3,0,0.00803082063794136,0.00804720725864172,500.0,500.0,498.6770935058594
old_reserved,selected,5005,217,3,0,0.00804720725864172,0.008035378530621529,500.0,500.0,500.0
old_reserved,selected,5005,218,3,0,0.008035378530621529,0.008026516996324062,500.0,500.0,500.0
old_reserved,selected,5005,219,3,0,0.008026516996324062,0.008019879460334778,500.0,500.0,500.0
old_reserved,selected,5005,220,3,0,0.008019879460334778,0.008014906197786331,500.0,500.0,500.0
old_reserved,selected,5005,221,3,0,0.008014906197786331,0.008011176250874996,500.0,500.0,500.0
old_reserved,selected,5005,222,3,0,0.008011176250874996,0.008008380420506,500.0,500.0,500.0
old_reserved,selected,5005,223,3,0,0.008008380420506,0.008006284944713116,500.0,500.0,500.0
old_reserved,selected,5005,224,3,0,0.008006284944713116,0.00801822729408741,500.0,500.0,499.27606201171875
old_reserved,selected,5005,225,3,0,0.00801822729408741,0.008013667538762093,500.0,500.0,500.0
old_reserved,selected,5005,226,3,0,0.008013667538762093,0.00801191758364439,500.0,500.0,499.9166564941406
old_reserved,selected,5005,227,3,0,0.00801191758364439,0.008008938282728195,500.0,500.0,500.0
old_reserved,selected,5005,228,3,0,0.008008938282728195,0.008029441349208355,500.0,500.0,498.734375
old_reserved,selected,5005,229,3,0,0.008029441349208355,0.008040813729166985,500.0,500.0,498.97918701171875
old_reserved,selected,5005,230,3,0,0.008040813729166985,0.00803059060126543,500.0,500.0,500.0
old_reserved,selected,5005,231,3,0,0.00803059060126543,0.008022931404411793,500.0,500.0,500.0
old_reserved,selected,5005,232,3,0,0.008022931404411793,0.008017191663384438,500.0,500.0,500.0
old_reserved,selected,5005,233,3,0,0.008017191663384438,0.00801288802176714,500.0,500.0,500.0
old_reserved,selected,5005,234,3,0,0.00801288802176714,0.00800966378301382,500.0,500.0,500.0
old_reserved,selected,5005,235,3,0,0.00800966378301382,0.008007247000932693,500.0,500.0,500.0
old_reserved,selected,5005,236,3,0,0.008007247000932693,0.008012727834284306,500.0,500.0,499.625
old_reserved,selected,5005,237,3,0,0.008012727834284306,0.008009541779756546,500.0,500.0,500.0
old_reserved,selected,5005,238,3,0,0.008009541779756546,0.008007154799997807,500.0,500.0,500.0
old_reserved,selected,5005,239,3,0,0.008007154799997807,0.008038283325731754,500.0,500.0,498.09375
old_reserved,selected,5005,240,4,1,0.008038283325731754,0.008123276755213737,500.0,500.0,492.85418701171875
old_reserved,selected,5005,241,4,1,0.008123276755213737,0.008092278614640236,500.0,500.0,500.0
old_reserved,selected,5005,242,4,1,0.008092278614640236,0.008099991828203201,500.0,500.0,498.09375
old_reserved,selected,5005,243,4,1,0.008099991828203201,0.00807692389935255,500.0,500.0,499.890625
old_reserved,selected,5005,244,4,1,0.00807692389935255,0.008057625032961369,500.0,500.0,500.0
old_reserved,selected,5005,245,4,1,0.008057625032961369,0.008045420050621033,500.0,500.0,499.88018798828125
old_reserved,selected,5005,246,4,1,0.008045420050621033,0.008042224682867527,500.0,500.0,499.5572814941406
old_reserved,selected,5005,247,4,1,0.008042224682867527,0.008061863481998444,500.0,500.0,498.08331298828125
old_reserved,selected,5005,248,4,1,0.008061863481998444,0.008046352304518223,500.0,500.0,500.0
old_reserved,selected,5005,249,4,1,0.008046352304518223,0.008034738712012768,500.0,500.0,500.0
old_reserved,selected,5005,250,4,1,0.008034738712012768,0.00802603829652071,500.0,500.0,500.0
old_reserved,selected,5005,251,4,1,0.00802603829652071,0.008019519969820976,500.0,500.0,500.0
old_reserved,selected,5005,252,4,1,0.008019519969820976,0.008014634251594543,500.0,500.0,500.0
old_reserved,selected,5005,253,4,1,0.008014634251594543,0.008010974153876305,500.0,500.0,500.0
old_reserved,selected,5005,254,4,1,0.008010974153876305,0.008008227683603764,500.0,500.0,500.0
old_reserved,selected,5005,255,4,1,0.008008227683603764,0.008006170392036438,500.0,500.0,500.0
old_reserved,selected,5005,256,4,1,0.008006170392036438,0.008004628121852875,500.0,500.0,500.0
old_reserved,selected,5005,257,4,1,0.008004628121852875,0.008007349446415901,500.0,500.0,499.80206298828125
old_reserved,selected,5005,258,4,1,0.008007349446415901,0.008017103187739849,500.0,500.0,499.38543701171875
old_reserved,selected,5005,259,4,1,0.008017103187739849,0.008012822829186916,500.0,500.0,500.0
old_reserved,selected,5005,260,4,1,0.008012822829186916,0.008009614422917366,500.0,500.0,500.0
old_reserved,selected,5005,261,4,1,0.008009614422917366,0.008016392588615417,500.0,500.0,499.52081298828125
old_reserved,selected,5005,262,4,1,0.008016392588615417,0.008023727685213089,500.0,500.0,499.41143798828125
old_reserved,selected,5005,263,4,1,0.008023727685213089,0.008017787709832191,500.0,500.0,500.0
old_reserved,selected,5005,264,4,1,0.008017787709832191,0.008013338781893253,500.0,500.0,500.0
old_reserved,selected,5005,265,4,1,0.008013338781893253,0.008009999990463257,500.0,500.0,500.0
old_reserved,selected,5005,266,4,1,0.008009999990463257,0.00800749845802784,500.0,500.0,500.0
old_reserved,selected,5005,267,4,1,0.00800749845802784,0.008005623705685139,500.0,500.0,500.0
old_reserved,selected,5005,268,4,1,0.008005623705685139,0.008012800477445126,500.0,500.0,499.55731201171875
old_reserved,selected,5005,269,4,1,0.008012800477445126,0.008022629655897617,500.0,500.0,499.328125
old_reserved,selected,5005,270,4,1,0.008022629655897617,0.008026275783777237,500.0,500.0,499.52081298828125
old_reserved,selected,5005,271,4,1,0.008026275783777237,0.008019699715077877,500.0,500.0,500.0
old_reserved,selected,5005,272,4,1,0.008019699715077877,0.00801518838852644,500.0,500.0,499.97918701171875
old_reserved,selected,5005,273,4,1,0.00801518838852644,0.008011390455067158,500.0,500.0,500.0
old_reserved,selected,5005,274,4,1,0.008011390455067158,0.008008541539311409,500.0,500.0,500.0
old_reserved,selected,5005,275,4,1,0.008008541539311409,0.00803368166089058,500.0,500.0,498.41668701171875
old_reserved,selected,5005,276,4,1,0.00803368166089058,0.008025246672332287,500.0,500.0,500.0
old_reserved,selected,5005,277,4,1,0.008025246672332287,0.00801892764866352,500.0,500.0,500.0
old_reserved,selected,5005,278,4,1,0.00801892764866352,0.008014190942049026,500.0,500.0,500.0
old_reserved,selected,5005,279,4,1,0.008014190942049026,0.008010641671717167,500.0,500.0,500.0
old_reserved,selected,5005,280,4,1,0.008010641671717167,0.008007979951798916,500.0,500.0,500.0
old_reserved,selected,5005,281,4,1,0.008007979951798916,0.008027255535125732,500.0,500.0,498.8020935058594
old_reserved,selected,5005,282,4,1,0.008027255535125732,0.008020433597266674,500.0,500.0,500.0
old_reserved,selected,5005,283,4,1,0.008020433597266674,0.008015318773686886,500.0,500.0,500.0
old_reserved,selected,5005,284,4,1,0.008015318773686886,0.008011486381292343,500.0,500.0,500.0
old_reserved,selected,5005,285,4,1,0.008011486381292343,0.008008613251149654,500.0,500.0,500.0
old_reserved,selected,5005,286,4,1,0.008008613251149654,0.008006460033357143,500.0,500.0,500.0
old_reserved,selected,5005,287,4,1,0.008006460033357143,0.00800484512001276,500.0,500.0,500.0
old_reserved,selected,5005,288,4,1,0.00800484512001276,0.008003631606698036,500.0,500.0,500.0
old_reserved,selected,5005,289,4,1,0.008003631606698036,0.008002723567187786,500.0,500.0,500.0
old_reserved,selected,5005,290,4,1,0.008002723567187786,0.008002044633030891,500.0,500.0,500.0
old_reserved,selected,5005,291,4,1,0.008002044633030891,0.008001533336937428,500.0,500.0,500.0
old_reserved,selected,5005,292,4,1,0.008001533336937428,0.008001151494681835,500.0,500.0,500.0
old_reserved,selected,5005,293,4,1,0.008001151494681835,0.00800086185336113,500.0,500.0,500.0
old_reserved,selected,5005,294,4,1,0.00800086185336113,0.008000647649168968,500.0,500.0,500.0
old_reserved,selected,5005,295,4,1,0.008000647649168968,0.008000487461686134,500.0,500.0,500.0
old_reserved,selected,5005,296,4,1,0.008000487461686134,0.00800036545842886,500.0,500.0,500.0
old_reserved,selected,5005,297,4,1,0.00800036545842886,0.008000274188816547,500.0,500.0,500.0
old_reserved,selected,5005,298,4,1,0.008000274188816547,0.00800263974815607,500.0,494.20001220703125,499.8802185058594
old_reserved,selected,5005,299,4,1,0.00800263974815607,0.008001979440450668,500.0,500.0,500.0
old_reserved,selected,5005,300,4,1,0.008001979440450668,0.008001483045518398,500.0,500.0,500.0
old_reserved,selected,5005,301,4,1,0.008001483045518398,0.008001433685421944,500.0,495.5,499.984375
old_reserved,selected,5005,302,4,1,0.008001433685421944,0.008001075126230717,500.0,495.70001220703125,500.0
old_reserved,selected,5005,303,4,1,0.008001075126230717,0.00800830777734518,500.0,492.5,499.625
old_reserved,selected,5005,304,4,1,0.00800830777734518,0.008006230928003788,500.0,500.0,500.0
old_reserved,selected,5005,305,4,1,0.008006230928003788,0.008008262142539024,500.0,500.0,499.8229064941406
old_reserved,selected,5005,306,4,1,0.008008262142539024,0.008026471361517906,500.0,500.0,498.90106201171875
old_reserved,selected,5005,307,4,1,0.008026471361517906,0.008030877448618412,500.0,500.0,499.43231201171875
old_reserved,selected,5005,308,4,1,0.008030877448618412,0.00807490199804306,500.0,500.0,496.4375
old_reserved,selected,5005,309,4,1,0.00807490199804306,0.008056110702455044,500.0,500.0,500.0
old_reserved,selected,5005,310,4,1,0.008056110702455044,0.008050569333136082,500.0,500.0,499.55206298828125
old_reserved,selected,5005,311,4,1,0.008050569333136082,0.008081242442131042,500.0,500.0,497.24481201171875
old_reserved,selected,5005,312,4,1,0.008081242442131042,0.008101590909063816,500.0,500.0,497.22393798828125
old_reserved,selected,5005,313,4,1,0.008101590909063816,0.008103596046566963,500.0,500.0,498.33856201171875
old_reserved,selected,5005,314,4,1,0.008103596046566963,0.008090021088719368,500.0,500.0,499.328125
old_reserved,selected,5005,315,4,1,0.008090021088719368,0.008067420683801174,500.0,500.0,500.0
old_reserved,selected,5005,316,4,1,0.008067420683801174,0.008054658770561218,500.0,500.0,499.78125
old_reserved,selected,5005,317,4,1,0.008054658770561218,0.008040959015488625,500.0,500.0,500.0
old_reserved,selected,5005,318,4,1,0.008040959015488625,0.008034178987145424,500.0,500.0,499.81768798828125
old_reserved,selected,5005,319,4,1,0.008034178987145424,0.008025621995329857,500.0,500.0,500.0
old_reserved,identity,5001,0,1,0,0.5,0.5,9.0,9.40000057220459,12.90625
old_reserved,identity,5001,1,1,0,0.5,0.5,9.600000381469727,9.300000190734863,17.005207061767578
old_reserved,identity,5001,2,1,0,0.5,0.5,8.600000381469727,9.199999809265137,23.6875
old_reserved,identity,5001,3,1,0,0.5,0.5,9.699999809265137,9.0,25.734375
old_reserved,identity,5001,4,1,0,0.5,0.5,9.699999809265137,9.40000057220459,26.625001907348633
old_reserved,identity,5001,5,1,0,0.5,0.5,9.800000190734863,9.600000381469727,30.114585876464844
old_reserved,identity,5001,6,1,0,0.5,0.5,9.5,9.800000190734863,42.630210876464844
old_reserved,identity,5001,7,1,0,0.5,0.5,20.399999618530273,42.79999923706055,42.40104293823242
old_reserved,identity,5001,8,1,0,0.5,0.5,121.0999984741211,17.899999618530273,48.85416793823242
old_reserved,identity,5001,9,1,0,0.5,0.5,94.9000015258789,21.5,54.515625
old_reserved,identity,5001,10,1,0,0.5,0.5,57.10000228881836,23.899999618530273,52.390628814697266
old_reserved,identity,5001,11,1,0,0.5,0.5,141.3000030517578,28.600000381469727,56.03646469116211
old_reserved,identity,5001,12,1,0,0.5,0.5,67.0999984741211,38.20000076293945,61.94270324707031
old_reserved,identity,5001,13,1,0,0.5,0.5,82.0999984741211,49.79999923706055,80.19792175292969
old_reserved,identity,5001,14,1,0,0.5,0.5,51.60000228881836,188.3000030517578,83.734375
old_reserved,identity,5001,15,1,0,0.5,0.5,39.5,43.60000228881836,86.69270324707031
old_reserved,identity,5001,16,1,0,0.5,0.5,364.8999938964844,55.900001525878906,90.42189025878906
old_reserved,identity,5001,17,1,0,0.5,0.5,252.10000610351562,100.4000015258789,94.21875762939453
old_reserved,identity,5001,18,1,0,0.5,0.5,206.6999969482422,87.70000457763672,93.78645324707031
old_reserved,identity,5001,19,1,0,0.5,0.5,249.40000915527344,56.10000228881836,99.94271087646484
old_reserved,identity,5001,20,1,0,0.5,0.5,176.40000915527344,49.10000228881836,108.08854675292969
old_reserved,identity,5001,21,1,0,0.5,0.5,175.3000030517578,22.399999618530273,120.72917175292969
old_reserved,identity,5001,22,1,0,0.5,0.5,152.1999969482422,21.80000114440918,117.49478912353516
old_reserved,identity,5001,23,1,0,0.5,0.5,69.80000305175781,18.30000114440918,129.0260467529297
old_reserved,identity,5001,24,1,0,0.5,0.5,71.20000457763672,16.700000762939453,119.09374237060547
old_reserved,identity,5001,25,1,0,0.5,0.5,256.8000183105469,20.30000114440918,132.9427032470703
old_reserved,identity,5001,26,1,0,0.5,0.5,244.1999969482422,49.70000076293945,147.77084350585938
old_reserved,identity,5001,27,1,0,0.5,0.5,258.8999938964844,31.700000762939453,152.90626525878906
old_reserved,identity,5001,28,1,0,0.5,0.5,202.10000610351562,30.700000762939453,162.34896850585938
old_reserved,identity,5001,29,1,0,0.5,0.5,250.1999969482422,34.0,172.69271850585938
old_reserved,identity,5001,30,1,0,0.5,0.5,198.10000610351562,32.29999923706055,185.44271850585938
old_reserved,identity,5001,31,1,0,0.5,0.5,222.0,34.400001525878906,167.19793701171875
old_reserved,identity,5001,32,1,0,0.5,0.5,184.0,37.0,191.890625
old_reserved,identity,5001,33,1,0,0.5,0.5,162.3000030517578,48.20000076293945,210.6198272705078
old_reserved,identity,5001,34,1,0,0.5,0.5,203.10000610351562,26.100000381469727,222.84893798828125
old_reserved,identity,5001,35,1,0,0.5,0.5,409.6000061035156,29.0,240.48959350585938
old_reserved,identity,5001,36,1,0,0.5,0.5,500.0,24.5,262.84375
old_reserved,identity,5001,37,1,0,0.5,0.5,358.5,31.100000381469727,277.828125
old_reserved,identity,5001,38,1,0,0.5,0.5,125.4000015258789,429.0,290.8489685058594
old_reserved,identity,5001,39,1,0,0.5,0.5,118.20000457763672,233.90000915527344,270.375
old_reserved,identity,5001,40,1,0,0.5,0.5,157.1999969482422,114.5,347.1197814941406
old_reserved,identity,5001,41,1,0,0.5,0.5,301.3999938964844,421.5,305.6770935058594
old_reserved,identity,5001,42,1,0,0.5,0.5,267.6000061035156,425.0,296.953125
old_reserved,identity,5001,43,1,0,0.5,0.5,312.70001220703125,237.5,303.90625
old_reserved,identity,5001,44,1,0,0.5,0.5,360.3000183105469,195.40000915527344,342.1875
old_reserved,identity,5001,45,1,0,0.5,0.5,500.0,39.900001525878906,335.3333435058594
old_reserved,identity,5001,46,1,0,0.5,0.5,500.0,24.899999618530273,355.7187805175781
old_reserved,identity,5001,47,1,0,0.5,0.5,500.0,19.5,338.8125
old_reserved,identity,5001,48,1,0,0.5,0.5,500.0,14.90000057220459,385.33331298828125
old_reserved,identity,5001,49,1,0,0.5,0.5,500.0,14.5,371.453125
old_reserved,identity,5001,50,1,0,0.5,0.5,500.0,15.100000381469727,369.09893798828125
old_reserved,identity,5001,51,1,0,0.5,0.5,500.0,16.200000762939453,362.03125
old_reserved,identity,5001,52,1,0,0.5,0.5,500.0,15.800000190734863,387.03125
old_reserved,identity,5001,53,1,0,0.5,0.5,500.0,14.600000381469727,399.6979064941406
old_reserved,identity,5001,54,1,0,0.5,0.5,500.0,12.40000057220459,405.45831298828125
old_reserved,identity,5001,55,1,0,0.5,0.5,500.0,12.699999809265137,397.2083435058594
old_reserved,identity,5001,56,1,0,0.5,0.5,500.0,13.300000190734863,397.7083435058594
old_reserved,identity,5001,57,1,0,0.5,0.5,500.0,13.90000057220459,409.78125
old_reserved,identity,5001,58,1,0,0.5,0.5,500.0,11.800000190734863,447.51043701171875
old_reserved,identity,5001,59,1,0,0.5,0.5,500.0,11.300000190734863,415.33331298828125
old_reserved,identity,5001,60,1,0,0.5,0.5,500.0,12.699999809265137,412.328125
old_reserved,identity,5001,61,1,0,0.5,0.5,500.0,12.40000057220459,391.69268798828125
old_reserved,identity,5001,62,1,0,0.5,0.5,500.0,14.100000381469727,423.23956298828125
old_reserved,identity,5001,63,1,0,0.5,0.5,500.0,15.0,395.0
old_reserved,identity,5001,64,1,0,0.5,0.5,500.0,15.0,424.72393798828125
old_reserved,identity,5001,65,1,0,0.5,0.5,500.0,14.40000057220459,380.65625
old_reserved,identity,5001,66,1,0,0.5,0.5,500.0,14.699999809265137,410.91668701171875
old_reserved,identity,5001,67,1,0,0.5,0.5,500.0,13.600000381469727,402.2760314941406
old_reserved,identity,5001,68,1,0,0.5,0.5,500.0,12.300000190734863,432.80206298828125
old_reserved,identity,5001,69,1,0,0.5,0.5,500.0,12.100000381469727,424.68231201171875
old_reserved,identity,5001,70,1,0,0.5,0.5,500.0,11.90000057220459,400.765625
old_reserved,identity,5001,71,1,0,0.5,0.5,500.0,11.90000057220459,412.34893798828125
old_reserved,identity,5001,72,1,0,0.5,0.5,500.0,14.0,384.46356201171875
old_reserved,identity,5001,73,1,0,0.5,0.5,500.0,16.700000762939453,397.69793701171875
old_reserved,identity,5001,74,1,0,0.5,0.5,500.0,12.199999809265137,409.453125
old_reserved,identity,5001,75,1,0,0.5,0.5,293.20001220703125,16.0,438.93231201171875
old_reserved,identity,5001,76,1,0,0.5,0.5,246.3000030517578,20.600000381469727,431.13018798828125
old_reserved,identity,5001,77,1,0,0.5,0.5,498.8999938964844,18.200000762939453,425.3645935058594
old_reserved,identity,5001,78,1,0,0.5,0.5,500.0,15.100000381469727,429.0625
old_reserved,identity,5001,79,1,0,0.5,0.5,500.0,14.199999809265137,429.640625
old_reserved,identity,5001,80,2,1,0.5,0.5,24.30000114440918,500.0,36.927085876464844
old_reserved,identity,5001,81,2,1,0.5,0.5,44.0,500.0,50.046871185302734
old_reserved,identity,5001,82,2,1,0.5,0.5,102.0999984741211,500.0,78.46354675292969
old_reserved,identity,5001,83,2,1,0.5,0.5,398.0,500.0,115.57291412353516
old_reserved,identity,5001,84,2,1,0.5,0.5,181.3000030517578,500.0,143.890625
old_reserved,identity,5001,85,2,1,0.5,0.5,368.8000183105469,500.0,155.90625
old_reserved,identity,5001,86,2,1,0.5,0.5,459.8999938964844,500.0,191.77603149414062
old_reserved,identity,5001,87,2,1,0.5,0.5,433.6000061035156,500.0,227.8125
old_reserved,identity,5001,88,2,1,0.5,0.5,361.0,500.0,246.734375
old_reserved,identity,5001,89,2,1,0.5,0.5,452.6000061035156,500.0,246.8802032470703
old_reserved,identity,5001,90,2,1,0.5,0.5,441.3000183105469,500.0,273.65106201171875
old_reserved,identity,5001,91,2,1,0.5,0.5,354.0,500.0,323.1406555175781
old_reserved,identity,5001,92,2,1,0.5,0.5,331.70001220703125,500.0,295.046875
old_reserved,identity,5001,93,2,1,0.5,0.5,175.0,500.0,312.7239685058594
old_reserved,identity,5001,94,2,1,0.5,0.5,183.60000610351562,500.0,314.296875
old_reserved,identity,5001,95,2,1,0.5,0.5,274.0,500.0,297.51043701171875
old_reserved,identity,5001,96,2,1,0.5,0.5,303.70001220703125,500.0,301.921875
old_reserved,identity,5001,97,2,1,0.5,0.5,374.0,500.0,316.3854064941406
old_reserved,identity,5001,98,2,1,0.5,0.5,210.8000030517578,500.0,305.625
old_reserved,identity,5001,99,2,1,0.5,0.5,178.90000915527344,500.0,337.0677185058594
old_reserved,identity,5001,100,2,1,0.5,0.5,282.70001220703125,500.0,320.44793701171875
old_reserved,identity,5001,101,2,1,0.5,0.5,223.90000915527344,500.0,313.90106201171875
old_reserved,identity,5001,102,2,1,0.5,0.5,197.10000610351562,500.0,355.41143798828125
old_reserved,identity,5001,103,2,1,0.5,0.5,169.90000915527344,500.0,362.30731201171875
old_reserved,identity,5001,104,2,1,0.5,0.5,197.5,500.0,352.28125
old_reserved,identity,5001,105,2,1,0.5,0.5,341.1000061035156,500.0,353.828125
old_reserved,identity,5001,106,2,1,0.5,0.5,447.8999938964844,500.0,348.22918701171875
old_reserved,identity,5001,107,2,1,0.5,0.5,177.60000610351562,500.0,341.71356201171875
old_reserved,identity,5001,108,2,1,0.5,0.5,243.6999969482422,500.0,363.8802185058594
old_reserved,identity,5001,109,2,1,0.5,0.5,339.0,295.70001220703125,350.921875
old_reserved,identity,5001,110,2,1,0.5,0.5,158.0,500.0,381.484375
old_reserved,identity,5001,111,2,1,0.5,0.5,134.10000610351562,500.0,379.1353759765625
old_reserved,identity,5001,112,2,1,0.5,0.5,114.9000015258789,500.0,397.28125
old_reserved,identity,5001,113,2,1,0.5,0.5,117.0,457.8000183105469,409.734375
old_reserved,identity,5001,114,2,1,0.5,0.5,108.80000305175781,423.6000061035156,393.59893798828125
old_reserved,identity,5001,115,2,1,0.5,0.5,134.3000030517578,417.70001220703125,365.65625
old_reserved,identity,5001,116,2,1,0.5,0.5,179.0,451.8999938964844,396.203125
old_reserved,identity,5001,117,2,1,0.5,0.5,211.1999969482422,375.8000183105469,378.546875
old_reserved,identity,5001,118,2,1,0.5,0.5,500.0,143.90000915527344,400.63018798828125
old_reserved,identity,5001,119,2,1,0.5,0.5,500.0,209.5,364.44268798828125
old_reserved,identity,5001,120,2,1,0.5,0.5,500.0,66.20000457763672,420.2135314941406
old_reserved,identity,5001,121,2,1,0.5,0.5,500.0,9.5,424.4375
old_reserved,identity,5001,122,2,1,0.5,0.5,500.0,9.0,408.7083435058594
old_reserved,identity,5001,123,2,1,0.5,0.5,500.0,9.300000190734863,408.09375
old_reserved,identity,5001,124,2,1,0.5,0.5,500.0,9.5,440.234375
old_reserved,identity,5001,125,2,1,0.5,0.5,500.0,9.699999809265137,424.00518798828125
old_reserved,identity,5001,126,2,1,0.5,0.5,500.0,9.600000381469727,412.66143798828125
old_reserved,identity,5001,127,2,1,0.5,0.5,500.0,9.40000057220459,421.52081298828125
old_reserved,identity,5001,128,2,1,0.5,0.5,500.0,9.40000057220459,430.68231201171875
old_reserved,identity,5001,129,2,1,0.5,0.5,500.0,9.300000190734863,445.390625
old_reserved,identity,5001,130,2,1,0.5,0.5,500.0,9.5,432.15106201171875
old_reserved,identity,5001,131,2,1,0.5,0.5,500.0,9.40000057220459,404.84375
old_reserved,identity,5001,132,2,1,0.5,0.5,500.0,9.199999809265137,442.4375
old_reserved,identity,5001,133,2,1,0.5,0.5,500.0,9.300000190734863,454.3541564941406
old_reserved,identity,5001,134,2,1,0.5,0.5,500.0,9.5,457.32293701171875
old_reserved,identity,5001,135,2,1,0.5,0.5,500.0,9.600000381469727,457.1822814941406
old_reserved,identity,5001,136,2,1,0.5,0.5,500.0,9.300000190734863,449.234375
old_reserved,identity,5001,137,2,1,0.5,0.5,500.0,9.0,439.375
old_reserved,identity,5001,138,2,1,0.5,0.5,500.0,9.699999809265137,438.36456298828125
old_reserved,identity,5001,139,2,1,0.5,0.5,500.0,9.0,434.4635314941406
old_reserved,identity,5001,140,2,1,0.5,0.5,500.0,9.5,450.0416564941406
old_reserved,identity,5001,141,2,1,0.5,0.5,500.0,9.600000381469727,456.46356201171875
old_reserved,identity,5001,142,2,1,0.5,0.5,500.0,9.100000381469727,420.9739685058594
old_reserved,identity,5001,143,2,1,0.5,0.5,500.0,10.40000057220459,448.203125
old_reserved,identity,5001,144,2,1,0.5,0.5,500.0,11.300000190734863,456.58856201171875
old_reserved,identity,5001,145,2,1,0.5,0.5,500.0,13.800000190734863,459.4791564941406
old_reserved,identity,5001,146,2,1,0.5,0.5,500.0,12.90000057220459,479.15106201171875
old_reserved,identity,5001,147,2,1,0.5,0.5,500.0,12.199999809265137,439.265625
old_reserved,identity,5001,148,2,1,0.5,0.5,500.0,11.199999809265137,442.57293701171875
old_reserved,identity,5001,149,2,1,0.5,0.5,500.0,10.800000190734863,457.77606201171875
old_reserved,identity,5001,150,2,1,0.5,0.5,500.0,11.100000381469727,460.32293701171875
old_reserved,identity,5001,151,2,1,0.5,0.5,500.0,12.800000190734863,464.5416564941406
old_reserved,identity,5001,152,2,1,0.5,0.5,500.0,13.800000190734863,477.734375
old_reserved,identity,5001,153,2,1,0.5,0.5,500.0,13.100000381469727,462.984375
old_reserved,identity,5001,154,2,1,0.5,0.5,500.0,17.0,442.56768798828125
old_reserved,identity,5001,155,2,1,0.5,0.5,500.0,17.5,469.27081298828125
old_reserved,identity,5001,156,2,1,0.5,0.5,500.0,39.0,472.76043701171875
old_reserved,identity,5001,157,2,1,0.5,0.5,500.0,165.90000915527344,469.05731201171875
old_reserved,identity,5001,158,2,1,0.5,0.5,500.0,243.40000915527344,475.45831298828125
old_reserved,identity,5001,159,2,1,0.5,0.5,500.0,230.5,488.0885314941406
old_reserved,identity,5001,160,3,0,0.5,0.5,367.8999938964844,500.0,133.24478149414062
old_reserved,identity,5001,161,3,0,0.5,0.5,496.8000183105469,500.0,221.89584350585938
old_reserved,identity,5001,162,3,0,0.5,0.5,500.0,500.0,306.94793701171875
old_reserved,identity,5001,163,3,0,0.5,0.5,500.0,500.0,362.51043701171875
old_reserved,identity,5001,164,3,0,0.5,0.5,500.0,500.0,426.71356201171875
old_reserved,identity,5001,165,3,0,0.5,0.5,500.0,121.30000305175781,477.9739685058594
old_reserved,identity,5001,166,3,0,0.5,0.5,500.0,71.5999984741211,454.85418701171875
old_reserved,identity,5001,167,3,0,0.5,0.5,500.0,74.5,490.98956298828125
old_reserved,identity,5001,168,3,0,0.5,0.5,500.0,415.3000183105469,482.0989685058594
old_reserved,identity,5001,169,3,0,0.5,0.5,500.0,500.0,465.63018798828125
old_reserved,identity,5001,170,3,0,0.5,0.5,500.0,434.0,478.515625
old_reserved,identity,5001,171,3,0,0.5,0.5,500.0,500.0,477.93231201171875
old_reserved,identity,5001,172,3,0,0.5,0.5,500.0,271.8999938964844,486.78125
old_reserved,identity,5001,173,3,0,0.5,0.5,500.0,72.20000457763672,483.5885314941406
old_reserved,identity,5001,174,3,0,0.5,0.5,500.0,15.300000190734863,488.02606201171875
old_reserved,identity,5001,175,3,0,0.5,0.5,500.0,13.800000190734863,476.265625
old_reserved,identity,5001,176,3,0,0.5,0.5,500.0,14.300000190734863,485.16668701171875
old_reserved,identity,5001,177,3,0,0.5,0.5,500.0,12.100000381469727,497.5625
old_reserved,identity,5001,178,3,0,0.5,0.5,500.0,12.90000057220459,494.171875
old_reserved,identity,5001,179,3,0,0.5,0.5,500.0,14.600000381469727,495.32293701171875
old_reserved,identity,5001,180,3,0,0.5,0.5,500.0,14.0,496.81768798828125
old_reserved,identity,5001,181,3,0,0.5,0.5,500.0,13.199999809265137,470.6145935058594
old_reserved,identity,5001,182,3,0,0.5,0.5,500.0,13.0,487.09375
old_reserved,identity,5001,183,3,0,0.5,0.5,500.0,13.199999809265137,473.25
old_reserved,identity,5001,184,3,0,0.5,0.5,500.0,12.199999809265137,488.05206298828125
old_reserved,identity,5001,185,3,0,0.5,0.5,500.0,11.300000190734863,437.86981201171875
old_reserved,identity,5001,186,3,0,0.5,0.5,500.0,10.90000057220459,466.84893798828125
old_reserved,identity,5001,187,3,0,0.5,0.5,500.0,11.300000190734863,466.3958435058594
old_reserved,identity,5001,188,3,0,0.5,0.5,500.0,10.5,475.421875
old_reserved,identity,5001,189,3,0,0.5,0.5,500.0,11.0,479.50518798828125
old_reserved,identity,5001,190,3,0,0.5,0.5,500.0,12.199999809265137,473.82293701171875
old_reserved,identity,5001,191,3,0,0.5,0.5,500.0,11.600000381469727,480.2552185058594
old_reserved,identity,5001,192,3,0,0.5,0.5,500.0,11.199999809265137,464.86456298828125
old_reserved,identity,5001,193,3,0,0.5,0.5,500.0,10.5,460.72393798828125
old_reserved,identity,5001,194,3,0,0.5,0.5,500.0,10.300000190734863,473.578125
old_reserved,identity,5001,195,3,0,0.5,0.5,500.0,9.300000190734863,459.890625
old_reserved,identity,5001,196,3,0,0.5,0.5,500.0,10.0,489.578125
old_reserved,identity,5001,197,3,0,0.5,0.5,500.0,9.90000057220459,456.171875
old_reserved,identity,5001,198,3,0,0.5,0.5,500.0,9.0,492.44268798828125
old_reserved,identity,5001,199,3,0,0.5,0.5,500.0,9.699999809265137,465.76043701171875
old_reserved,identity,5001,200,3,0,0.5,0.5,500.0,9.40000057220459,490.484375
old_reserved,identity,5001,201,3,0,0.5,0.5,500.0,9.699999809265137,471.04168701171875
old_reserved,identity,5001,202,3,0,0.5,0.5,500.0,9.300000190734863,479.90625
old_reserved,identity,5001,203,3,0,0.5,0.5,500.0,10.100000381469727,442.703125
old_reserved,identity,5001,204,3,0,0.5,0.5,500.0,9.600000381469727,444.16143798828125
old_reserved,identity,5001,205,3,0,0.5,0.5,500.0,10.199999809265137,464.30206298828125
old_reserved,identity,5001,206,3,0,0.5,0.5,500.0,10.100000381469727,464.34375
old_reserved,identity,5001,207,3,0,0.5,0.5,500.0,10.699999809265137,492.3333435058594
old_reserved,identity,5001,208,3,0,0.5,0.5,500.0,11.5,473.2552490234375
old_reserved,identity,5001,209,3,0,0.5,0.5,500.0,10.5,465.9322814941406
old_reserved,identity,5001,210,3,0,0.5,0.5,500.0,12.0,483.578125
old_reserved,identity,5001,211,3,0,0.5,0.5,500.0,11.699999809265137,466.5989685058594
old_reserved,identity,5001,212,3,0,0.5,0.5,500.0,10.800000190734863,475.828125
old_reserved,identity,5001,213,3,0,0.5,0.5,500.0,11.5,473.88018798828125
old_reserved,identity,5001,214,3,0,0.5,0.5,500.0,10.600000381469727,443.91668701171875
old_reserved,identity,5001,215,3,0,0.5,0.5,500.0,13.0,474.0052185058594
old_reserved,identity,5001,216,3,0,0.5,0.5,500.0,15.5,476.25
old_reserved,identity,5001,217,3,0,0.5,0.5,500.0,13.90000057220459,484.421875
old_reserved,identity,5001,218,3,0,0.5,0.5,500.0,14.100000381469727,476.2291259765625
old_reserved,identity,5001,219,3,0,0.5,0.5,500.0,19.30000114440918,476.1875
old_reserved,identity,5001,220,3,0,0.5,0.5,500.0,282.8000183105469,491.6770935058594
old_reserved,identity,5001,221,3,0,0.5,0.5,500.0,17.5,486.80206298828125
old_reserved,identity,5001,222,3,0,0.5,0.5,500.0,13.40000057220459,488.7864685058594
old_reserved,identity,5001,223,3,0,0.5,0.5,500.0,10.600000381469727,473.19793701171875
old_reserved,identity,5001,224,3,0,0.5,0.5,500.0,10.699999809265137,474.72393798828125
old_reserved,identity,5001,225,3,0,0.5,0.5,500.0,10.699999809265137,477.0833435058594
old_reserved,identity,5001,226,3,0,0.5,0.5,500.0,10.0,480.421875
old_reserved,identity,5001,227,3,0,0.5,0.5,500.0,10.90000057220459,493.58856201171875
old_reserved,identity,5001,228,3,0,0.5,0.5,500.0,10.90000057220459,461.13018798828125
old_reserved,identity,5001,229,3,0,0.5,0.5,500.0,10.5,475.0833435058594
old_reserved,identity,5001,230,3,0,0.5,0.5,500.0,10.100000381469727,485.625
old_reserved,identity,5001,231,3,0,0.5,0.5,500.0,9.699999809265137,479.3958740234375
old_reserved,identity,5001,232,3,0,0.5,0.5,500.0,10.0,490.93231201171875
old_reserved,identity,5001,233,3,0,0.5,0.5,500.0,9.800000190734863,488.16668701171875
old_reserved,identity,5001,234,3,0,0.5,0.5,500.0,10.800000190734863,482.00518798828125
old_reserved,identity,5001,235,3,0,0.5,0.5,500.0,11.699999809265137,486.09375
old_reserved,identity,5001,236,3,0,0.5,0.5,500.0,12.699999809265137,496.0052185058594
old_reserved,identity,5001,237,3,0,0.5,0.5,500.0,13.699999809265137,466.36981201171875
old_reserved,identity,5001,238,3,0,0.5,0.5,500.0,13.90000057220459,494.296875
old_reserved,identity,5001,239,3,0,0.5,0.5,500.0,13.0,493.9166564941406
old_reserved,identity,5001,240,4,1,0.5,0.5,17.100000381469727,500.0,50.473960876464844
old_reserved,identity,5001,241,4,1,0.5,0.5,20.700000762939453,500.0,74.47918701171875
old_reserved,identity,5001,242,4,1,0.5,0.5,452.1000061035156,500.0,105.70311737060547
old_reserved,identity,5001,243,4,1,0.5,0.5,500.0,500.0,164.11459350585938
old_reserved,identity,5001,244,4,1,0.5,0.5,500.0,500.0,273.4427185058594
old_reserved,identity,5001,245,4,1,0.5,0.5,500.0,500.0,326.22393798828125
old_reserved,identity,5001,246,4,1,0.5,0.5,500.0,500.0,430.28643798828125
old_reserved,identity,5001,247,4,1,0.5,0.5,500.0,500.0,394.5
old_reserved,identity,5001,248,4,1,0.5,0.5,500.0,500.0,458.5572814941406
old_reserved,identity,5001,249,4,1,0.5,0.5,500.0,500.0,479.0833740234375
old_reserved,identity,5001,250,4,1,0.5,0.5,500.0,500.0,455.875
old_reserved,identity,5001,251,4,1,0.5,0.5,500.0,500.0,472.9635314941406
old_reserved,identity,5001,252,4,1,0.5,0.5,500.0,500.0,478.46875
old_reserved,identity,5001,253,4,1,0.5,0.5,500.0,500.0,469.80206298828125
old_reserved,identity,5001,254,4,1,0.5,0.5,500.0,500.0,482.015625
old_reserved,identity,5001,255,4,1,0.5,0.5,500.0,500.0,493.66668701171875
old_reserved,identity,5001,256,4,1,0.5,0.5,500.0,500.0,485.8802185058594
old_reserved,identity,5001,257,4,1,0.5,0.5,500.0,500.0,488.13543701171875
old_reserved,identity,5001,258,4,1,0.5,0.5,500.0,500.0,463.890625
old_reserved,identity,5001,259,4,1,0.5,0.5,500.0,500.0,476.32293701171875
old_reserved,identity,5001,260,4,1,0.5,0.5,500.0,500.0,489.109375
old_reserved,identity,5001,261,4,1,0.5,0.5,500.0,500.0,490.09893798828125
old_reserved,identity,5001,262,4,1,0.5,0.5,500.0,500.0,490.5364685058594
old_reserved,identity,5001,263,4,1,0.5,0.5,500.0,500.0,486.078125
old_reserved,identity,5001,264,4,1,0.5,0.5,500.0,500.0,484.98956298828125
old_reserved,identity,5001,265,4,1,0.5,0.5,500.0,500.0,486.40106201171875
old_reserved,identity,5001,266,4,1,0.5,0.5,500.0,500.0,492.77606201171875
old_reserved,identity,5001,267,4,1,0.5,0.5,500.0,500.0,486.2760314941406
old_reserved,identity,5001,268,4,1,0.5,0.5,500.0,500.0,494.54168701171875
old_reserved,identity,5001,269,4,1,0.5,0.5,500.0,500.0,492.0104064941406
old_reserved,identity,5001,270,4,1,0.5,0.5,500.0,500.0,488.29168701171875
old_reserved,identity,5001,271,4,1,0.5,0.5,500.0,500.0,484.55731201171875
old_reserved,identity,5001,272,4,1,0.5,0.5,500.0,500.0,494.21875
old_reserved,identity,5001,273,4,1,0.5,0.5,500.0,500.0,491.76043701171875
old_reserved,identity,5001,274,4,1,0.5,0.5,500.0,500.0,494.0260314941406
old_reserved,identity,5001,275,4,1,0.5,0.5,500.0,500.0,497.96875
old_reserved,identity,5001,276,4,1,0.5,0.5,500.0,500.0,486.8125
old_reserved,identity,5001,277,4,1,0.5,0.5,500.0,500.0,489.3645935058594
old_reserved,identity,5001,278,4,1,0.5,0.5,500.0,500.0,486.453125
old_reserved,identity,5001,279,4,1,0.5,0.5,500.0,500.0,479.86981201171875
old_reserved,identity,5001,280,4,1,0.5,0.5,500.0,500.0,494.4947814941406
old_reserved,identity,5001,281,4,1,0.5,0.5,500.0,500.0,490.03643798828125
old_reserved,identity,5001,282,4,1,0.5,0.5,500.0,500.0,499.3541564941406
old_reserved,identity,5001,283,4,1,0.5,0.5,500.0,500.0,495.828125
old_reserved,identity,5001,284,4,1,0.5,0.5,500.0,500.0,494.1197814941406
old_reserved,identity,5001,285,4,1,0.5,0.5,500.0,500.0,486.7916259765625
old_reserved,identity,5001,286,4,1,0.5,0.5,500.0,500.0,484.421875
old_reserved,identity,5001,287,4,1,0.5,0.5,500.0,500.0,500.0
old_reserved,identity,5001,288,4,1,0.5,0.5,500.0,500.0,496.59375
old_reserved,identity,5001,289,4,1,0.5,0.5,500.0,500.0,485.77606201171875
old_reserved,identity,5001,290,4,1,0.5,0.5,500.0,500.0,496.96875
old_reserved,identity,5001,291,4,1,0.5,0.5,500.0,500.0,468.8229064941406
old_reserved,identity,5001,292,4,1,0.5,0.5,500.0,500.0,494.0625
old_reserved,identity,5001,293,4,1,0.5,0.5,500.0,500.0,481.60943603515625
old_reserved,identity,5001,294,4,1,0.5,0.5,500.0,500.0,486.13543701171875
old_reserved,identity,5001,295,4,1,0.5,0.5,500.0,500.0,489.9427185058594
old_reserved,identity,5001,296,4,1,0.5,0.5,500.0,500.0,495.5625
old_reserved,identity,5001,297,4,1,0.5,0.5,500.0,500.0,494.8072814941406
old_reserved,identity,5001,298,4,1,0.5,0.5,500.0,500.0,494.81768798828125
old_reserved,identity,5001,299,4,1,0.5,0.5,500.0,500.0,495.5208435058594
old_reserved,identity,5001,300,4,1,0.5,0.5,500.0,500.0,485.72918701171875
old_reserved,identity,5001,301,4,1,0.5,0.5,500.0,500.0,494.8177185058594
old_reserved,identity,5001,302,4,1,0.5,0.5,500.0,500.0,493.5625
old_reserved,identity,5001,303,4,1,0.5,0.5,500.0,500.0,482.5
old_reserved,identity,5001,304,4,1,0.5,0.5,500.0,500.0,490.39581298828125
old_reserved,identity,5001,305,4,1,0.5,0.5,500.0,500.0,483.22918701171875
old_reserved,identity,5001,306,4,1,0.5,0.5,500.0,500.0,464.84375
old_reserved,identity,5001,307,4,1,0.5,0.5,500.0,500.0,488.5416564941406
old_reserved,identity,5001,308,4,1,0.5,0.5,500.0,500.0,490.47393798828125
old_reserved,identity,5001,309,4,1,0.5,0.5,500.0,500.0,492.015625
old_reserved,identity,5001,310,4,1,0.5,0.5,500.0,500.0,489.00518798828125
old_reserved,identity,5001,311,4,1,0.5,0.5,500.0,500.0,482.35418701171875
old_reserved,identity,5001,312,4,1,0.5,0.5,500.0,500.0,472.4739685058594
old_reserved,identity,5001,313,4,1,0.5,0.5,500.0,500.0,495.77081298828125
old_reserved,identity,5001,314,4,1,0.5,0.5,500.0,500.0,494.78643798828125
old_reserved,identity,5001,315,4,1,0.5,0.5,500.0,500.0,481.48956298828125
old_reserved,identity,5001,316,4,1,0.5,0.5,500.0,500.0,498.72918701171875
old_reserved,identity,5001,317,4,1,0.5,0.5,500.0,500.0,493.40106201171875
old_reserved,identity,5001,318,4,1,0.5,0.5,500.0,500.0,488.90106201171875
old_reserved,identity,5001,319,4,1,0.5,0.5,500.0,500.0,478.671875
old_reserved,identity,5002,0,1,0,0.5,0.5,9.199999809265137,9.40000057220459,12.885417938232422
old_reserved,identity,5002,1,1,0,0.5,0.5,40.79999923706055,119.80000305175781,20.234375
old_reserved,identity,5002,2,1,0,0.5,0.5,18.200000762939453,11.800000190734863,24.328126907348633
old_reserved,identity,5002,3,1,0,0.5,0.5,20.600000381469727,11.0,26.40104103088379
old_reserved,identity,5002,4,1,0,0.5,0.5,11.100000381469727,9.300000190734863,34.328125
old_reserved,identity,5002,5,1,0,0.5,0.5,9.600000381469727,9.5,32.10416793823242
old_reserved,identity,5002,6,1,0,0.5,0.5,205.40000915527344,20.700000762939453,35.130210876464844
old_reserved,identity,5002,7,1,0,0.5,0.5,26.100000381469727,9.300000190734863,40.182289123535156
old_reserved,identity,5002,8,1,0,0.5,0.5,10.0,9.199999809265137,38.83854293823242
old_reserved,identity,5002,9,1,0,0.5,0.5,10.800000190734863,13.90000057220459,46.249996185302734
old_reserved,identity,5002,10,1,0,0.5,0.5,13.0,9.600000381469727,48.31250762939453
old_reserved,identity,5002,11,1,0,0.5,0.5,12.100000381469727,9.600000381469727,50.54167556762695
old_reserved,identity,5002,12,1,0,0.5,0.5,20.600000381469727,17.5,50.63020706176758
old_reserved,identity,5002,13,1,0,0.5,0.5,15.300000190734863,10.699999809265137,48.10416793823242
old_reserved,identity,5002,14,1,0,0.5,0.5,9.600000381469727,9.300000190734863,57.630210876464844
old_reserved,identity,5002,15,1,0,0.5,0.5,9.5,9.100000381469727,68.54167175292969
old_reserved,identity,5002,16,1,0,0.5,0.5,9.300000190734863,9.100000381469727,66.47917175292969
old_reserved,identity,5002,17,1,0,0.5,0.5,9.40000057220459,15.800000190734863,71.171875
old_reserved,identity,5002,18,1,0,0.5,0.5,10.699999809265137,12.0,83.07813262939453
old_reserved,identity,5002,19,1,0,0.5,0.5,13.600000381469727,41.79999923706055,90.56771087646484
old_reserved,identity,5002,20,1,0,0.5,0.5,11.0,17.0,90.53125
old_reserved,identity,5002,21,1,0,0.5,0.5,12.90000057220459,38.900001525878906,107.27082824707031
old_reserved,identity,5002,22,1,0,0.5,0.5,10.199999809265137,10.100000381469727,128.44793701171875
old_reserved,identity,5002,23,1,0,0.5,0.5,13.199999809265137,29.5,139.4895782470703
old_reserved,identity,5002,24,1,0,0.5,0.5,9.699999809265137,12.600000381469727,167.640625
old_reserved,identity,5002,25,1,0,0.5,0.5,9.5,37.5,163.95834350585938
old_reserved,identity,5002,26,1,0,0.5,0.5,10.300000190734863,15.300000190734863,167.7083282470703
old_reserved,identity,5002,27,1,0,0.5,0.5,9.40000057220459,9.699999809265137,194.61459350585938
old_reserved,identity,5002,28,1,0,0.5,0.5,9.300000190734863,9.300000190734863,233.84896850585938
old_reserved,identity,5002,29,1,0,0.5,0.5,12.100000381469727,9.699999809265137,270.1979064941406
old_reserved,identity,5002,30,1,0,0.5,0.5,29.100000381469727,97.80000305175781,280.515625
old_reserved,identity,5002,31,1,0,0.5,0.5,79.0999984741211,189.1999969482422,282.6719055175781
old_reserved,identity,5002,32,1,0,0.5,0.5,25.5,74.30000305175781,283.0104064941406
old_reserved,identity,5002,33,1,0,0.5,0.5,25.30000114440918,73.0999984741211,277.22918701171875
old_reserved,identity,5002,34,1,0,0.5,0.5,19.80000114440918,62.60000228881836,288.2655944824219
old_reserved,identity,5002,35,1,0,0.5,0.5,11.600000381469727,428.0,293.86456298828125
old_reserved,identity,5002,36,1,0,0.5,0.5,15.5,291.0,314.25518798828125
old_reserved,identity,5002,37,1,0,0.5,0.5,10.699999809265137,279.5,325.66668701171875
old_reserved,identity,5002,38,1,0,0.5,0.5,15.40000057220459,256.1000061035156,315.4739685058594
old_reserved,identity,5002,39,1,0,0.5,0.5,9.100000381469727,250.3000030517578,325.9427185058594
old_reserved,identity,5002,40,1,0,0.5,0.5,9.5,234.5,305.1979064941406
old_reserved,identity,5002,41,1,0,0.5,0.5,9.699999809265137,227.40000915527344,323.140625
old_reserved,identity,5002,42,1,0,0.5,0.5,8.90000057220459,155.5,326.05731201171875
old_reserved,identity,5002,43,1,0,0.5,0.5,9.5,237.40000915527344,340.71356201171875
old_reserved,identity,5002,44,1,0,0.5,0.5,9.300000190734863,422.20001220703125,319.1197814941406
old_reserved,identity,5002,45,1,0,0.5,0.5,9.5,500.0,322.4375
old_reserved,identity,5002,46,1,0,0.5,0.5,9.699999809265137,276.6000061035156,314.6197814941406
old_reserved,identity,5002,47,1,0,0.5,0.5,9.300000190734863,295.6000061035156,345.78125
old_reserved,identity,5002,48,1,0,0.5,0.5,9.5,92.5999984741211,345.5312805175781
old_reserved,identity,5002,49,1,0,0.5,0.5,143.6999969482422,407.8000183105469,344.8020935058594
old_reserved,identity,5002,50,1,0,0.5,0.5,130.40000915527344,167.10000610351562,331.8958435058594
old_reserved,identity,5002,51,1,0,0.5,0.5,218.60000610351562,230.3000030517578,314.96875
old_reserved,identity,5002,52,1,0,0.5,0.5,362.6000061035156,173.40000915527344,341.421875
old_reserved,identity,5002,53,1,0,0.5,0.5,500.0,500.0,337.8645935058594
old_reserved,identity,5002,54,1,0,0.5,0.5,452.8999938964844,471.8999938964844,320.0208435058594
old_reserved,identity,5002,55,1,0,0.5,0.5,445.5,472.6000061035156,366.5520935058594
old_reserved,identity,5002,56,1,0,0.5,0.5,202.5,414.20001220703125,348.203125
old_reserved,identity,5002,57,1,0,0.5,0.5,78.80000305175781,396.1000061035156,370.38543701171875
old_reserved,identity,5002,58,1,0,0.5,0.5,15.800000190734863,381.8999938964844,374.3750305175781
old_reserved,identity,5002,59,1,0,0.5,0.5,9.100000381469727,290.8000183105469,348.4427185058594
old_reserved,identity,5002,60,1,0,0.5,0.5,44.5,113.9000015258789,366.27606201171875
old_reserved,identity,5002,61,1,0,0.5,0.5,67.70000457763672,68.5999984741211,365.65106201171875
old_reserved,identity,5002,62,1,0,0.5,0.5,90.70000457763672,63.5,381.1614685058594
old_reserved,identity,5002,63,1,0,0.5,0.5,500.0,80.70000457763672,392.01043701171875
old_reserved,identity,5002,64,1,0,0.5,0.5,500.0,78.9000015258789,350.9375
old_reserved,identity,5002,65,1,0,0.5,0.5,79.4000015258789,81.9000015258789,409.82293701171875
old_reserved,identity,5002,66,1,0,0.5,0.5,28.399999618530273,75.5,404.015625
old_reserved,identity,5002,67,1,0,0.5,0.5,11.300000190734863,62.60000228881836,365.66668701171875
old_reserved,identity,5002,68,1,0,0.5,0.5,25.100000381469727,36.29999923706055,371.609375
old_reserved,identity,5002,69,1,0,0.5,0.5,48.60000228881836,110.9000015258789,351.7187805175781
old_reserved,identity,5002,70,1,0,0.5,0.5,57.70000076293945,115.5,382.74481201171875
old_reserved,identity,5002,71,1,0,0.5,0.5,88.20000457763672,432.3000183105469,373.1770935058594
old_reserved,identity,5002,72,1,0,0.5,0.5,500.0,310.1000061035156,421.72918701171875
old_reserved,identity,5002,73,1,0,0.5,0.5,500.0,249.60000610351562,384.80731201171875
old_reserved,identity,5002,74,1,0,0.5,0.5,500.0,200.60000610351562,383.5
old_reserved,identity,5002,75,1,0,0.5,0.5,500.0,220.10000610351562,350.34375
old_reserved,identity,5002,76,1,0,0.5,0.5,500.0,500.0,378.72393798828125
old_reserved,identity,5002,77,1,0,0.5,0.5,500.0,500.0,411.7239685058594
old_reserved,identity,5002,78,1,0,0.5,0.5,500.0,500.0,330.6770935058594
old_reserved,identity,5002,79,1,0,0.5,0.5,500.0,500.0,404.71875
old_reserved,identity,5002,80,2,1,0.5,0.5,500.0,500.0,215.46353149414062
old_reserved,identity,5002,81,2,1,0.5,0.5,500.0,451.3000183105469,269.8906555175781
old_reserved,identity,5002,82,2,1,0.5,0.5,248.0,59.20000076293945,346.71356201171875
old_reserved,identity,5002,83,2,1,0.5,0.5,84.80000305175781,9.40000057220459,353.4270935058594
old_reserved,identity,5002,84,2,1,0.5,0.5,430.20001220703125,25.5,408.828125
old_reserved,identity,5002,85,2,1,0.5,0.5,141.8000030517578,16.399999618530273,413.6979064941406
old_reserved,identity,5002,86,2,1,0.5,0.5,500.0,21.899999618530273,428.27081298828125
old_reserved,identity,5002,87,2,1,0.5,0.5,362.3999938964844,9.0,417.48956298828125
old_reserved,identity,5002,88,2,1,0.5,0.5,31.200000762939453,63.10000228881836,417.19793701171875
old_reserved,identity,5002,89,2,1,0.5,0.5,29.600000381469727,9.40000057220459,407.7812805175781
old_reserved,identity,5002,90,2,1,0.5,0.5,360.3999938964844,11.199999809265137,434.2083435058594
old_reserved,identity,5002,91,2,1,0.5,0.5,306.5,10.600000381469727,438.25
old_reserved,identity,5002,92,2,1,0.5,0.5,500.0,209.90000915527344,393.71875
old_reserved,identity,5002,93,2,1,0.5,0.5,500.0,500.0,418.33856201171875
old_reserved,identity,5002,94,2,1,0.5,0.5,500.0,500.0,408.40625
old_reserved,identity,5002,95,2,1,0.5,0.5,500.0,500.0,435.22918701171875
old_reserved,identity,5002,96,2,1,0.5,0.5,500.0,332.0,377.4062194824219
old_reserved,identity,5002,97,2,1,0.5,0.5,267.3999938964844,488.8999938964844,415.15625
old_reserved,identity,5002,98,2,1,0.5,0.5,270.8999938964844,317.3000183105469,422.18231201171875
old_reserved,identity,5002,99,2,1,0.5,0.5,296.3000183105469,500.0,421.84893798828125
old_reserved,identity,5002,100,2,1,0.5,0.5,271.5,500.0,398.4844055175781
old_reserved,identity,5002,101,2,1,0.5,0.5,219.6999969482422,413.1000061035156,415.6041564941406
old_reserved,identity,5002,102,2,1,0.5,0.5,375.1000061035156,500.0,397.4947814941406
old_reserved,identity,5002,103,2,1,0.5,0.5,316.3999938964844,426.70001220703125,452.31768798828125
old_reserved,identity,5002,104,2,1,0.5,0.5,14.0,19.5,422.796875
old_reserved,identity,5002,105,2,1,0.5,0.5,14.90000057220459,18.700000762939453,440.35418701171875
old_reserved,identity,5002,106,2,1,0.5,0.5,440.8999938964844,281.3000183105469,456.71356201171875
old_reserved,identity,5002,107,2,1,0.5,0.5,490.3000183105469,387.8999938964844,425.03125
old_reserved,identity,5002,108,2,1,0.5,0.5,500.0,370.6000061035156,454.43231201171875
old_reserved,identity,5002,109,2,1,0.5,0.5,195.40000915527344,48.900001525878906,459.78643798828125
old_reserved,identity,5002,110,2,1,0.5,0.5,500.0,181.10000610351562,417.82293701171875
old_reserved,identity,5002,111,2,1,0.5,0.5,10.800000190734863,9.199999809265137,428.078125
old_reserved,identity,5002,112,2,1,0.5,0.5,63.29999923706055,9.699999809265137,433.2135314941406
old_reserved,identity,5002,113,2,1,0.5,0.5,500.0,500.0,427.71356201171875
old_reserved,identity,5002,114,2,1,0.5,0.5,500.0,499.3999938964844,415.5885314941406
old_reserved,identity,5002,115,2,1,0.5,0.5,500.0,500.0,433.5625
old_reserved,identity,5002,116,2,1,0.5,0.5,500.0,500.0,443.63018798828125
old_reserved,identity,5002,117,2,1,0.5,0.5,500.0,500.0,438.54168701171875
old_reserved,identity,5002,118,2,1,0.5,0.5,500.0,500.0,462.74481201171875
old_reserved,identity,5002,119,2,1,0.5,0.5,500.0,500.0,415.46875
old_reserved,identity,5002,120,2,1,0.5,0.5,500.0,500.0,433.5677490234375
old_reserved,identity,5002,121,2,1,0.5,0.5,500.0,500.0,446.09375
old_reserved,identity,5002,122,2,1,0.5,0.5,500.0,500.0,460.2135314941406
old_reserved,identity,5002,123,2,1,0.5,0.5,500.0,500.0,484.1979064941406
old_reserved,identity,5002,124,2,1,0.5,0.5,500.0,500.0,410.640625
old_reserved,identity,5002,125,2,1,0.5,0.5,500.0,500.0,465.5
old_reserved,identity,5002,126,2,1,0.5,0.5,500.0,500.0,437.81768798828125
old_reserved,identity,5002,127,2,1,0.5,0.5,500.0,500.0,445.109375
old_reserved,identity,5002,128,2,1,0.5,0.5,500.0,500.0,455.84893798828125
old_reserved,identity,5002,129,2,1,0.5,0.5,500.0,500.0,451.78125
old_reserved,identity,5002,130,2,1,0.5,0.5,500.0,500.0,439.0781555175781
old_reserved,identity,5002,131,2,1,0.5,0.5,500.0,500.0,450.296875
old_reserved,identity,5002,132,2,1,0.5,0.5,500.0,500.0,436.05206298828125
old_reserved,identity,5002,133,2,1,0.5,0.5,500.0,500.0,456.44268798828125
old_reserved,identity,5002,134,2,1,0.5,0.5,500.0,500.0,478.6041564941406
old_reserved,identity,5002,135,2,1,0.5,0.5,500.0,500.0,430.0625
old_reserved,identity,5002,136,2,1,0.5,0.5,500.0,500.0,439.20831298828125
old_reserved,identity,5002,137,2,1,0.5,0.5,500.0,500.0,460.85418701171875
old_reserved,identity,5002,138,2,1,0.5,0.5,500.0,492.3000183105469,440.6458435058594
old_reserved,identity,5002,139,2,1,0.5,0.5,500.0,500.0,470.484375
old_reserved,identity,5002,140,2,1,0.5,0.5,500.0,500.0,464.796875
old_reserved,identity,5002,141,2,1,0.5,0.5,500.0,192.1999969482422,447.7604064941406
old_reserved,identity,5002,142,2,1,0.5,0.5,500.0,217.40000915527344,481.1719055175781
old_reserved,identity,5002,143,2,1,0.5,0.5,500.0,289.3000183105469,455.99481201171875
old_reserved,identity,5002,144,2,1,0.5,0.5,500.0,500.0,481.94268798828125
old_reserved,identity,5002,145,2,1,0.5,0.5,500.0,500.0,459.9947814941406
old_reserved,identity,5002,146,2,1,0.5,0.5,500.0,500.0,452.8020935058594
old_reserved,identity,5002,147,2,1,0.5,0.5,500.0,500.0,455.80206298828125
old_reserved,identity,5002,148,2,1,0.5,0.5,500.0,500.0,465.28125
old_reserved,identity,5002,149,2,1,0.5,0.5,500.0,500.0,467.27606201171875
old_reserved,identity,5002,150,2,1,0.5,0.5,500.0,500.0,464.63018798828125
old_reserved,identity,5002,151,2,1,0.5,0.5,500.0,500.0,470.32293701171875
old_reserved,identity,5002,152,2,1,0.5,0.5,500.0,500.0,483.1354064941406
old_reserved,identity,5002,153,2,1,0.5,0.5,500.0,500.0,468.55206298828125
old_reserved,identity,5002,154,2,1,0.5,0.5,500.0,500.0,484.1875
old_reserved,identity,5002,155,2,1,0.5,0.5,500.0,500.0,459.43231201171875
old_reserved,identity,5002,156,2,1,0.5,0.5,500.0,500.0,444.97918701171875
old_reserved,identity,5002,157,2,1,0.5,0.5,500.0,500.0,464.375
old_reserved,identity,5002,158,2,1,0.5,0.5,500.0,320.8999938964844,483.78643798828125
old_reserved,identity,5002,159,2,1,0.5,0.5,500.0,475.3999938964844,478.5625
old_reserved,identity,5002,160,3,0,0.5,0.5,500.0,500.0,257.5520935058594
old_reserved,identity,5002,161,3,0,0.5,0.5,500.0,500.0,416.0625
old_reserved,identity,5002,162,3,0,0.5,0.5,500.0,500.0,469.828125
old_reserved,identity,5002,163,3,0,0.5,0.5,500.0,500.0,473.0625
old_reserved,identity,5002,164,3,0,0.5,0.5,500.0,500.0,478.43231201171875
old_reserved,identity,5002,165,3,0,0.5,0.5,500.0,500.0,487.1927185058594
old_reserved,identity,5002,166,3,0,0.5,0.5,500.0,500.0,452.8802185058594
old_reserved,identity,5002,167,3,0,0.5,0.5,500.0,500.0,470.6822814941406
old_reserved,identity,5002,168,3,0,0.5,0.5,500.0,500.0,468.58331298828125
old_reserved,identity,5002,169,3,0,0.5,0.5,500.0,500.0,488.4166564941406
old_reserved,identity,5002,170,3,0,0.5,0.5,500.0,500.0,480.4322814941406
old_reserved,identity,5002,171,3,0,0.5,0.5,500.0,500.0,442.8229064941406
old_reserved,identity,5002,172,3,0,0.5,0.5,500.0,500.0,487.61981201171875
old_reserved,identity,5002,173,3,0,0.5,0.5,500.0,500.0,463.9895935058594
old_reserved,identity,5002,174,3,0,0.5,0.5,500.0,500.0,459.484375
old_reserved,identity,5002,175,3,0,0.5,0.5,500.0,500.0,463.5833435058594
old_reserved,identity,5002,176,3,0,0.5,0.5,500.0,500.0,477.0625
old_reserved,identity,5002,177,3,0,0.5,0.5,500.0,500.0,463.4166564941406
old_reserved,identity,5002,178,3,0,0.5,0.5,500.0,500.0,465.21356201171875
old_reserved,identity,5002,179,3,0,0.5,0.5,500.0,500.0,453.42706298828125
old_reserved,identity,5002,180,3,0,0.5,0.5,500.0,500.0,463.19268798828125
old_reserved,identity,5002,181,3,0,0.5,0.5,500.0,500.0,461.6979064941406
old_reserved,identity,5002,182,3,0,0.5,0.5,500.0,500.0,459.5208740234375
old_reserved,identity,5002,183,3,0,0.5,0.5,500.0,500.0,441.33856201171875
old_reserved,identity,5002,184,3,0,0.5,0.5,500.0,500.0,472.84893798828125
old_reserved,identity,5002,185,3,0,0.5,0.5,500.0,500.0,445.890625
old_reserved,identity,5002,186,3,0,0.5,0.5,500.0,500.0,467.8020935058594
old_reserved,identity,5002,187,3,0,0.5,0.5,500.0,500.0,471.1041564941406
old_reserved,identity,5002,188,3,0,0.5,0.5,500.0,500.0,472.08856201171875
old_reserved,identity,5002,189,3,0,0.5,0.5,500.0,500.0,465.453125
old_reserved,identity,5002,190,3,0,0.5,0.5,500.0,500.0,454.28643798828125
old_reserved,identity,5002,191,3,0,0.5,0.5,500.0,500.0,481.5364990234375
old_reserved,identity,5002,192,3,0,0.5,0.5,500.0,500.0,495.10418701171875
old_reserved,identity,5002,193,3,0,0.5,0.5,500.0,500.0,459.65625
old_reserved,identity,5002,194,3,0,0.5,0.5,500.0,500.0,482.04168701171875
old_reserved,identity,5002,195,3,0,0.5,0.5,500.0,500.0,468.5208435058594
old_reserved,identity,5002,196,3,0,0.5,0.5,500.0,500.0,465.03643798828125
old_reserved,identity,5002,197,3,0,0.5,0.5,500.0,500.0,455.74481201171875
old_reserved,identity,5002,198,3,0,0.5,0.5,500.0,500.0,455.640625
old_reserved,identity,5002,199,3,0,0.5,0.5,500.0,500.0,455.8802185058594
old_reserved,identity,5002,200,3,0,0.5,0.5,500.0,500.0,470.640625
old_reserved,identity,5002,201,3,0,0.5,0.5,500.0,500.0,466.70831298828125
old_reserved,identity,5002,202,3,0,0.5,0.5,500.0,500.0,465.21875
old_reserved,identity,5002,203,3,0,0.5,0.5,500.0,500.0,483.2552185058594
old_reserved,identity,5002,204,3,0,0.5,0.5,500.0,500.0,458.05206298828125
old_reserved,identity,5002,205,3,0,0.5,0.5,500.0,500.0,468.46875
old_reserved,identity,5002,206,3,0,0.5,0.5,500.0,500.0,456.328125
old_reserved,identity,5002,207,3,0,0.5,0.5,500.0,500.0,479.79168701171875
old_reserved,identity,5002,208,3,0,0.5,0.5,500.0,500.0,473.13018798828125
old_reserved,identity,5002,209,3,0,0.5,0.5,500.0,500.0,445.8229064941406
old_reserved,identity,5002,210,3,0,0.5,0.5,500.0,500.0,472.859375
old_reserved,identity,5002,211,3,0,0.5,0.5,500.0,500.0,485.984375
old_reserved,identity,5002,212,3,0,0.5,0.5,500.0,500.0,493.47393798828125
old_reserved,identity,5002,213,3,0,0.5,0.5,500.0,500.0,484.66143798828125
old_reserved,identity,5002,214,3,0,0.5,0.5,500.0,500.0,484.2083435058594
old_reserved,identity,5002,215,3,0,0.5,0.5,500.0,500.0,469.2239685058594
old_reserved,identity,5002,216,3,0,0.5,0.5,500.0,500.0,475.09893798828125
old_reserved,identity,5002,217,3,0,0.5,0.5,500.0,500.0,490.46875
old_reserved,identity,5002,218,3,0,0.5,0.5,500.0,500.0,482.83331298828125
old_reserved,identity,5002,219,3,0,0.5,0.5,500.0,500.0,492.13018798828125
old_reserved,identity,5002,220,3,0,0.5,0.5,500.0,500.0,485.66668701171875
old_reserved,identity,5002,221,3,0,0.5,0.5,500.0,500.0,480.078125
old_reserved,identity,5002,222,3,0,0.5,0.5,500.0,500.0,486.2135314941406
old_reserved,identity,5002,223,3,0,0.5,0.5,500.0,500.0,459.80206298828125
old_reserved,identity,5002,224,3,0,0.5,0.5,500.0,500.0,478.47918701171875
old_reserved,identity,5002,225,3,0,0.5,0.5,500.0,500.0,465.296875
old_reserved,identity,5002,226,3,0,0.5,0.5,500.0,500.0,475.83856201171875
old_reserved,identity,5002,227,3,0,0.5,0.5,500.0,500.0,470.265625
old_reserved,identity,5002,228,3,0,0.5,0.5,500.0,500.0,470.6875
old_reserved,identity,5002,229,3,0,0.5,0.5,500.0,500.0,472.15625
old_reserved,identity,5002,230,3,0,0.5,0.5,500.0,500.0,469.640625
old_reserved,identity,5002,231,3,0,0.5,0.5,500.0,500.0,465.63018798828125
old_reserved,identity,5002,232,3,0,0.5,0.5,500.0,500.0,459.6458435058594
old_reserved,identity,5002,233,3,0,0.5,0.5,500.0,500.0,468.2656555175781
old_reserved,identity,5002,234,3,0,0.5,0.5,500.0,500.0,461.03125
old_reserved,identity,5002,235,3,0,0.5,0.5,500.0,500.0,469.09375
old_reserved,identity,5002,236,3,0,0.5,0.5,500.0,500.0,458.19268798828125
old_reserved,identity,5002,237,3,0,0.5,0.5,500.0,500.0,441.48956298828125
old_reserved,identity,5002,238,3,0,0.5,0.5,500.0,500.0,443.59893798828125
old_reserved,identity,5002,239,3,0,0.5,0.5,500.0,500.0,453.109375
old_reserved,identity,5002,240,4,1,0.5,0.5,500.0,500.0,293.421875
old_reserved,identity,5002,241,4,1,0.5,0.5,500.0,500.0,464.8229064941406
old_reserved,identity,5002,242,4,1,0.5,0.5,500.0,500.0,476.359375
old_reserved,identity,5002,243,4,1,0.5,0.5,500.0,500.0,472.9375
old_reserved,identity,5002,244,4,1,0.5,0.5,500.0,500.0,455.71875
old_reserved,identity,5002,245,4,1,0.5,0.5,500.0,500.0,467.8958435058594
old_reserved,identity,5002,246,4,1,0.5,0.5,500.0,500.0,488.5625
old_reserved,identity,5002,247,4,1,0.5,0.5,500.0,500.0,458.39581298828125
old_reserved,identity,5002,248,4,1,0.5,0.5,500.0,468.3999938964844,473.171875
old_reserved,identity,5002,249,4,1,0.5,0.5,500.0,463.3000183105469,476.29168701171875
old_reserved,identity,5002,250,4,1,0.5,0.5,500.0,500.0,475.4895935058594
old_reserved,identity,5002,251,4,1,0.5,0.5,500.0,500.0,477.546875
old_reserved,identity,5002,252,4,1,0.5,0.5,500.0,500.0,461.6927185058594
old_reserved,identity,5002,253,4,1,0.5,0.5,500.0,500.0,492.77606201171875
old_reserved,identity,5002,254,4,1,0.5,0.5,500.0,500.0,447.46356201171875
old_reserved,identity,5002,255,4,1,0.5,0.5,500.0,500.0,469.046875
old_reserved,identity,5002,256,4,1,0.5,0.5,500.0,500.0,472.05206298828125
old_reserved,identity,5002,257,4,1,0.5,0.5,500.0,500.0,451.66668701171875
old_reserved,identity,5002,258,4,1,0.5,0.5,500.0,500.0,448.609375
old_reserved,identity,5002,259,4,1,0.5,0.5,500.0,500.0,459.0989990234375
old_reserved,identity,5002,260,4,1,0.5,0.5,500.0,500.0,467.74481201171875
old_reserved,identity,5002,261,4,1,0.5,0.5,500.0,500.0,462.53643798828125
old_reserved,identity,5002,262,4,1,0.5,0.5,500.0,500.0,463.3333435058594
old_reserved,identity,5002,263,4,1,0.5,0.5,500.0,500.0,443.3697814941406
old_reserved,identity,5002,264,4,1,0.5,0.5,500.0,500.0,479.71356201171875
old_reserved,identity,5002,265,4,1,0.5,0.5,500.0,500.0,490.33856201171875
old_reserved,identity,5002,266,4,1,0.5,0.5,500.0,500.0,463.875
old_reserved,identity,5002,267,4,1,0.5,0.5,500.0,500.0,470.33331298828125
old_reserved,identity,5002,268,4,1,0.5,0.5,500.0,500.0,478.4375
old_reserved,identity,5002,269,4,1,0.5,0.5,500.0,500.0,461.30731201171875
old_reserved,identity,5002,270,4,1,0.5,0.5,500.0,500.0,458.35418701171875
old_reserved,identity,5002,271,4,1,0.5,0.5,500.0,500.0,442.078125
old_reserved,identity,5002,272,4,1,0.5,0.5,500.0,500.0,424.41143798828125
old_reserved,identity,5002,273,4,1,0.5,0.5,500.0,500.0,449.5
old_reserved,identity,5002,274,4,1,0.5,0.5,500.0,500.0,419.34375
old_reserved,identity,5002,275,4,1,0.5,0.5,500.0,500.0,456.375
old_reserved,identity,5002,276,4,1,0.5,0.5,500.0,500.0,451.22918701171875
old_reserved,identity,5002,277,4,1,0.5,0.5,500.0,500.0,463.32293701171875
old_reserved,identity,5002,278,4,1,0.5,0.5,500.0,500.0,464.890625
old_reserved,identity,5002,279,4,1,0.5,0.5,500.0,500.0,468.91143798828125
old_reserved,identity,5002,280,4,1,0.5,0.5,500.0,500.0,488.90625
old_reserved,identity,5002,281,4,1,0.5,0.5,500.0,500.0,476.30731201171875
old_reserved,identity,5002,282,4,1,0.5,0.5,500.0,500.0,492.8489990234375
old_reserved,identity,5002,283,4,1,0.5,0.5,500.0,500.0,471.33856201171875
old_reserved,identity,5002,284,4,1,0.5,0.5,500.0,500.0,473.140625
old_reserved,identity,5002,285,4,1,0.5,0.5,500.0,500.0,471.18231201171875
old_reserved,identity,5002,286,4,1,0.5,0.5,500.0,500.0,460.93231201171875
old_reserved,identity,5002,287,4,1,0.5,0.5,500.0,500.0,494.00518798828125
old_reserved,identity,5002,288,4,1,0.5,0.5,500.0,500.0,473.02081298828125
old_reserved,identity,5002,289,4,1,0.5,0.5,500.0,500.0,483.984375
old_reserved,identity,5002,290,4,1,0.5,0.5,500.0,500.0,477.09375
old_reserved,identity,5002,291,4,1,0.5,0.5,500.0,500.0,485.234375
old_reserved,identity,5002,292,4,1,0.5,0.5,500.0,500.0,466.609375
old_reserved,identity,5002,293,4,1,0.5,0.5,500.0,500.0,489.2864685058594
old_reserved,identity,5002,294,4,1,0.5,0.5,500.0,500.0,468.546875
old_reserved,identity,5002,295,4,1,0.5,0.5,500.0,500.0,462.9010314941406
old_reserved,identity,5002,296,4,1,0.5,0.5,500.0,500.0,477.7552185058594
old_reserved,identity,5002,297,4,1,0.5,0.5,500.0,500.0,471.15625
old_reserved,identity,5002,298,4,1,0.5,0.5,500.0,500.0,473.79168701171875
old_reserved,identity,5002,299,4,1,0.5,0.5,500.0,500.0,468.9947814941406
old_reserved,identity,5002,300,4,1,0.5,0.5,500.0,500.0,474.71356201171875
old_reserved,identity,5002,301,4,1,0.5,0.5,500.0,500.0,488.875
old_reserved,identity,5002,302,4,1,0.5,0.5,500.0,500.0,471.88018798828125
old_reserved,identity,5002,303,4,1,0.5,0.5,500.0,500.0,469.35418701171875
old_reserved,identity,5002,304,4,1,0.5,0.5,500.0,500.0,476.5208435058594
old_reserved,identity,5002,305,4,1,0.5,0.5,500.0,500.0,476.2239685058594
old_reserved,identity,5002,306,4,1,0.5,0.5,500.0,500.0,473.09893798828125
old_reserved,identity,5002,307,4,1,0.5,0.5,500.0,500.0,470.3802185058594
old_reserved,identity,5002,308,4,1,0.5,0.5,500.0,500.0,489.515625
old_reserved,identity,5002,309,4,1,0.5,0.5,500.0,500.0,484.1562805175781
old_reserved,identity,5002,310,4,1,0.5,0.5,500.0,500.0,472.44793701171875
old_reserved,identity,5002,311,4,1,0.5,0.5,500.0,500.0,480.28125
old_reserved,identity,5002,312,4,1,0.5,0.5,500.0,500.0,490.5520935058594
old_reserved,identity,5002,313,4,1,0.5,0.5,500.0,500.0,480.4947509765625
old_reserved,identity,5002,314,4,1,0.5,0.5,500.0,500.0,475.90625
old_reserved,identity,5002,315,4,1,0.5,0.5,500.0,500.0,485.70831298828125
old_reserved,identity,5002,316,4,1,0.5,0.5,500.0,500.0,486.4791564941406
old_reserved,identity,5002,317,4,1,0.5,0.5,500.0,500.0,472.65625
old_reserved,identity,5002,318,4,1,0.5,0.5,500.0,500.0,483.6875
old_reserved,identity,5002,319,4,1,0.5,0.5,500.0,500.0,476.24481201171875
old_reserved,identity,5003,0,1,0,0.5,0.5,9.0,9.100000381469727,11.333333969116211
old_reserved,identity,5003,1,1,0,0.5,0.5,9.300000190734863,8.699999809265137,14.005207061767578
old_reserved,identity,5003,2,1,0,0.5,0.5,9.199999809265137,9.699999809265137,18.94791603088379
old_reserved,identity,5003,3,1,0,0.5,0.5,9.600000381469727,9.300000190734863,24.692710876464844
old_reserved,identity,5003,4,1,0,0.5,0.5,9.40000057220459,9.300000190734863,40.84895324707031
old_reserved,identity,5003,5,1,0,0.5,0.5,9.300000190734863,9.5,41.97916793823242
old_reserved,identity,5003,6,1,0,0.5,0.5,22.80000114440918,12.199999809265137,48.395835876464844
old_reserved,identity,5003,7,1,0,0.5,0.5,23.700000762939453,43.60000228881836,62.953121185302734
old_reserved,identity,5003,8,1,0,0.5,0.5,19.399999618530273,44.900001525878906,69.06249237060547
old_reserved,identity,5003,9,1,0,0.5,0.5,13.300000190734863,36.900001525878906,78.76563262939453
old_reserved,identity,5003,10,1,0,0.5,0.5,11.699999809265137,18.0,83.08854675292969
old_reserved,identity,5003,11,1,0,0.5,0.5,10.300000190734863,11.600000381469727,93.79165649414062
old_reserved,identity,5003,12,1,0,0.5,0.5,127.80000305175781,500.0,92.69792175292969
old_reserved,identity,5003,13,1,0,0.5,0.5,177.0,372.0,106.40624237060547
old_reserved,identity,5003,14,1,0,0.5,0.5,225.3000030517578,462.3999938964844,120.85414123535156
old_reserved,identity,5003,15,1,0,0.5,0.5,500.0,95.70000457763672,138.00521850585938
old_reserved,identity,5003,16,1,0,0.5,0.5,436.0,53.20000076293945,132.1510467529297
old_reserved,identity,5003,17,1,0,0.5,0.5,269.1000061035156,33.79999923706055,140.9947967529297
old_reserved,identity,5003,18,1,0,0.5,0.5,237.8000030517578,35.70000076293945,136.0052032470703
old_reserved,identity,5003,19,1,0,0.5,0.5,239.6999969482422,26.0,137.3645782470703
old_reserved,identity,5003,20,1,0,0.5,0.5,217.1999969482422,33.79999923706055,155.28125
old_reserved,identity,5003,21,1,0,0.5,0.5,293.3999938964844,28.0,169.21875
old_reserved,identity,5003,22,1,0,0.5,0.5,331.3000183105469,21.0,181.86459350585938
old_reserved,identity,5003,23,1,0,0.5,0.5,482.6000061035156,38.900001525878906,188.96871948242188
old_reserved,identity,5003,24,1,0,0.5,0.5,166.90000915527344,25.600000381469727,206.37501525878906
old_reserved,identity,5003,25,1,0,0.5,0.5,97.30000305175781,17.0,220.70309448242188
old_reserved,identity,5003,26,1,0,0.5,0.5,500.0,19.899999618530273,231.60939025878906
old_reserved,identity,5003,27,1,0,0.5,0.5,155.3000030517578,50.29999923706055,239.88540649414062
old_reserved,identity,5003,28,1,0,0.5,0.5,152.8000030517578,38.5,241.5833282470703
old_reserved,identity,5003,29,1,0,0.5,0.5,50.79999923706055,20.100000381469727,261.98956298828125
old_reserved,identity,5003,30,1,0,0.5,0.5,461.5,60.400001525878906,253.79165649414062
old_reserved,identity,5003,31,1,0,0.5,0.5,337.5,55.0,271.4635314941406
old_reserved,identity,5003,32,1,0,0.5,0.5,257.1000061035156,56.70000076293945,270.3072814941406
old_reserved,identity,5003,33,1,0,0.5,0.5,500.0,59.70000076293945,290.40625
old_reserved,identity,5003,34,1,0,0.5,0.5,454.8999938964844,60.29999923706055,282.3645935058594
old_reserved,identity,5003,35,1,0,0.5,0.5,500.0,84.4000015258789,311.75
old_reserved,identity,5003,36,1,0,0.5,0.5,178.8000030517578,391.8000183105469,318.28125
old_reserved,identity,5003,37,1,0,0.5,0.5,183.8000030517578,316.1000061035156,327.67706298828125
old_reserved,identity,5003,38,1,0,0.5,0.5,170.10000610351562,500.0,320.7135314941406
old_reserved,identity,5003,39,1,0,0.5,0.5,174.90000915527344,421.0,298.19793701171875
old_reserved,identity,5003,40,1,0,0.5,0.5,500.0,91.30000305175781,347.77606201171875
old_reserved,identity,5003,41,1,0,0.5,0.5,500.0,107.0,343.29168701171875
old_reserved,identity,5003,42,1,0,0.5,0.5,500.0,134.8000030517578,324.46875
old_reserved,identity,5003,43,1,0,0.5,0.5,500.0,153.40000915527344,321.91668701171875
old_reserved,identity,5003,44,1,0,0.5,0.5,500.0,473.6000061035156,310.1666564941406
old_reserved,identity,5003,45,1,0,0.5,0.5,500.0,500.0,360.8385314941406
old_reserved,identity,5003,46,1,0,0.5,0.5,500.0,500.0,344.30206298828125
old_reserved,identity,5003,47,1,0,0.5,0.5,500.0,261.8000183105469,361.203125
old_reserved,identity,5003,48,1,0,0.5,0.5,500.0,289.8000183105469,320.8177185058594
old_reserved,identity,5003,49,1,0,0.5,0.5,500.0,140.10000610351562,331.609375
old_reserved,identity,5003,50,1,0,0.5,0.5,500.0,252.40000915527344,354.7552185058594
old_reserved,identity,5003,51,1,0,0.5,0.5,500.0,322.20001220703125,363.625
old_reserved,identity,5003,52,1,0,0.5,0.5,500.0,277.5,317.40625
old_reserved,identity,5003,53,1,0,0.5,0.5,500.0,104.20000457763672,321.3125
old_reserved,identity,5003,54,1,0,0.5,0.5,484.70001220703125,68.70000457763672,334.83856201171875
old_reserved,identity,5003,55,1,0,0.5,0.5,485.6000061035156,72.4000015258789,309.6145935058594
old_reserved,identity,5003,56,1,0,0.5,0.5,500.0,88.0,362.18231201171875
old_reserved,identity,5003,57,1,0,0.5,0.5,500.0,132.90000915527344,345.6510314941406
old_reserved,identity,5003,58,1,0,0.5,0.5,500.0,108.30000305175781,346.0520935058594
old_reserved,identity,5003,59,1,0,0.5,0.5,500.0,177.6999969482422,372.78125
old_reserved,identity,5003,60,1,0,0.5,0.5,500.0,500.0,378.04168701171875
old_reserved,identity,5003,61,1,0,0.5,0.5,500.0,500.0,369.0572814941406
old_reserved,identity,5003,62,1,0,0.5,0.5,500.0,500.0,404.59375
old_reserved,identity,5003,63,1,0,0.5,0.5,500.0,500.0,364.2135314941406
old_reserved,identity,5003,64,1,0,0.5,0.5,500.0,500.0,396.3645935058594
old_reserved,identity,5003,65,1,0,0.5,0.5,500.0,500.0,382.47393798828125
old_reserved,identity,5003,66,1,0,0.5,0.5,500.0,500.0,383.859375
old_reserved,identity,5003,67,1,0,0.5,0.5,500.0,500.0,381.6510314941406
old_reserved,identity,5003,68,1,0,0.5,0.5,500.0,500.0,370.6614685058594
old_reserved,identity,5003,69,1,0,0.5,0.5,500.0,500.0,397.19268798828125
old_reserved,identity,5003,70,1,0,0.5,0.5,500.0,500.0,380.9947509765625
old_reserved,identity,5003,71,1,0,0.5,0.5,500.0,500.0,382.66143798828125
old_reserved,identity,5003,72,1,0,0.5,0.5,500.0,500.0,382.82293701171875
old_reserved,identity,5003,73,1,0,0.5,0.5,500.0,500.0,386.453125
old_reserved,identity,5003,74,1,0,0.5,0.5,500.0,500.0,408.50518798828125
old_reserved,identity,5003,75,1,0,0.5,0.5,500.0,500.0,402.5
old_reserved,identity,5003,76,1,0,0.5,0.5,500.0,500.0,394.0625
old_reserved,identity,5003,77,1,0,0.5,0.5,500.0,500.0,370.0885314941406
old_reserved,identity,5003,78,1,0,0.5,0.5,500.0,500.0,370.953125
old_reserved,identity,5003,79,1,0,0.5,0.5,500.0,500.0,394.6875
old_reserved,identity,5003,80,2,1,0.5,0.5,500.0,500.0,286.0416259765625
old_reserved,identity,5003,81,2,1,0.5,0.5,500.0,500.0,367.65106201171875
old_reserved,identity,5003,82,2,1,0.5,0.5,500.0,500.0,403.56768798828125
old_reserved,identity,5003,83,2,1,0.5,0.5,500.0,500.0,412.3854064941406
old_reserved,identity,5003,84,2,1,0.5,0.5,500.0,500.0,448.015625
old_reserved,identity,5003,85,2,1,0.5,0.5,500.0,500.0,427.75
old_reserved,identity,5003,86,2,1,0.5,0.5,500.0,500.0,407.84375
old_reserved,identity,5003,87,2,1,0.5,0.5,500.0,500.0,439.28643798828125
old_reserved,identity,5003,88,2,1,0.5,0.5,500.0,500.0,350.734375
old_reserved,identity,5003,89,2,1,0.5,0.5,500.0,500.0,414.75
old_reserved,identity,5003,90,2,1,0.5,0.5,500.0,500.0,402.046875
old_reserved,identity,5003,91,2,1,0.5,0.5,500.0,500.0,407.2708435058594
old_reserved,identity,5003,92,2,1,0.5,0.5,500.0,500.0,408.16668701171875
old_reserved,identity,5003,93,2,1,0.5,0.5,500.0,500.0,408.7135314941406
old_reserved,identity,5003,94,2,1,0.5,0.5,500.0,500.0,383.4739685058594
old_reserved,identity,5003,95,2,1,0.5,0.5,500.0,500.0,414.578125
old_reserved,identity,5003,96,2,1,0.5,0.5,500.0,500.0,428.3072814941406
old_reserved,identity,5003,97,2,1,0.5,0.5,500.0,500.0,404.91668701171875
old_reserved,identity,5003,98,2,1,0.5,0.5,500.0,500.0,428.4895935058594
old_reserved,identity,5003,99,2,1,0.5,0.5,500.0,500.0,410.04168701171875
old_reserved,identity,5003,100,2,1,0.5,0.5,500.0,500.0,448.7604064941406
old_reserved,identity,5003,101,2,1,0.5,0.5,500.0,500.0,427.328125
old_reserved,identity,5003,102,2,1,0.5,0.5,500.0,500.0,419.89581298828125
old_reserved,identity,5003,103,2,1,0.5,0.5,500.0,500.0,446.94793701171875
old_reserved,identity,5003,104,2,1,0.5,0.5,500.0,500.0,397.8177185058594
old_reserved,identity,5003,105,2,1,0.5,0.5,500.0,500.0,408.33331298828125
old_reserved,identity,5003,106,2,1,0.5,0.5,500.0,500.0,410.4479064941406
old_reserved,identity,5003,107,2,1,0.5,0.5,500.0,500.0,433.44793701171875
old_reserved,identity,5003,108,2,1,0.5,0.5,500.0,500.0,405.57293701171875
old_reserved,identity,5003,109,2,1,0.5,0.5,500.0,500.0,437.765625
old_reserved,identity,5003,110,2,1,0.5,0.5,500.0,500.0,437.2760314941406
old_reserved,identity,5003,111,2,1,0.5,0.5,500.0,500.0,430.8125
old_reserved,identity,5003,112,2,1,0.5,0.5,500.0,500.0,451.8177185058594
old_reserved,identity,5003,113,2,1,0.5,0.5,500.0,500.0,430.1302185058594
old_reserved,identity,5003,114,2,1,0.5,0.5,500.0,500.0,437.44268798828125
old_reserved,identity,5003,115,2,1,0.5,0.5,500.0,500.0,456.2187194824219
old_reserved,identity,5003,116,2,1,0.5,0.5,500.0,500.0,487.8177185058594
old_reserved,identity,5003,117,2,1,0.5,0.5,500.0,500.0,456.49481201171875
old_reserved,identity,5003,118,2,1,0.5,0.5,500.0,489.20001220703125,456.75
old_reserved,identity,5003,119,2,1,0.5,0.5,500.0,500.0,429.1719055175781
old_reserved,identity,5003,120,2,1,0.5,0.5,500.0,500.0,417.7552185058594
old_reserved,identity,5003,121,2,1,0.5,0.5,500.0,500.0,434.4791564941406
old_reserved,identity,5003,122,2,1,0.5,0.5,500.0,500.0,432.46356201171875
old_reserved,identity,5003,123,2,1,0.5,0.5,500.0,500.0,452.4427185058594
old_reserved,identity,5003,124,2,1,0.5,0.5,500.0,500.0,436.15625
old_reserved,identity,5003,125,2,1,0.5,0.5,500.0,500.0,432.55731201171875
old_reserved,identity,5003,126,2,1,0.5,0.5,500.0,500.0,431.1875
old_reserved,identity,5003,127,2,1,0.5,0.5,500.0,500.0,465.96875
old_reserved,identity,5003,128,2,1,0.5,0.5,500.0,500.0,448.3228759765625
old_reserved,identity,5003,129,2,1,0.5,0.5,500.0,500.0,454.921875
old_reserved,identity,5003,130,2,1,0.5,0.5,500.0,500.0,450.76043701171875
old_reserved,identity,5003,131,2,1,0.5,0.5,500.0,500.0,430.01043701171875
old_reserved,identity,5003,132,2,1,0.5,0.5,500.0,500.0,441.15625
old_reserved,identity,5003,133,2,1,0.5,0.5,500.0,500.0,446.64581298828125
old_reserved,identity,5003,134,2,1,0.5,0.5,500.0,500.0,457.17706298828125
old_reserved,identity,5003,135,2,1,0.5,0.5,500.0,500.0,467.828125
old_reserved,identity,5003,136,2,1,0.5,0.5,500.0,500.0,450.53125
old_reserved,identity,5003,137,2,1,0.5,0.5,500.0,500.0,456.8958435058594
old_reserved,identity,5003,138,2,1,0.5,0.5,500.0,500.0,457.421875
old_reserved,identity,5003,139,2,1,0.5,0.5,500.0,500.0,440.99481201171875
old_reserved,identity,5003,140,2,1,0.5,0.5,500.0,500.0,478.359375
old_reserved,identity,5003,141,2,1,0.5,0.5,500.0,500.0,434.2708740234375
old_reserved,identity,5003,142,2,1,0.5,0.5,500.0,500.0,467.54168701171875
old_reserved,identity,5003,143,2,1,0.5,0.5,500.0,500.0,455.8177185058594
old_reserved,identity,5003,144,2,1,0.5,0.5,500.0,500.0,453.77081298828125
old_reserved,identity,5003,145,2,1,0.5,0.5,500.0,500.0,432.8697814941406
old_reserved,identity,5003,146,2,1,0.5,0.5,500.0,500.0,440.35418701171875
old_reserved,identity,5003,147,2,1,0.5,0.5,500.0,500.0,430.19793701171875
old_reserved,identity,5003,148,2,1,0.5,0.5,500.0,500.0,463.98956298828125
old_reserved,identity,5003,149,2,1,0.5,0.5,500.0,500.0,452.23956298828125
old_reserved,identity,5003,150,2,1,0.5,0.5,500.0,500.0,453.21356201171875
old_reserved,identity,5003,151,2,1,0.5,0.5,500.0,500.0,453.96875
old_reserved,identity,5003,152,2,1,0.5,0.5,500.0,500.0,476.4895935058594
old_reserved,identity,5003,153,2,1,0.5,0.5,500.0,500.0,459.796875
old_reserved,identity,5003,154,2,1,0.5,0.5,500.0,500.0,455.375
old_reserved,identity,5003,155,2,1,0.5,0.5,500.0,500.0,431.24481201171875
old_reserved,identity,5003,156,2,1,0.5,0.5,500.0,500.0,434.2812194824219
old_reserved,identity,5003,157,2,1,0.5,0.5,500.0,500.0,462.0469055175781
old_reserved,identity,5003,158,2,1,0.5,0.5,500.0,500.0,466.24481201171875
old_reserved,identity,5003,159,2,1,0.5,0.5,500.0,500.0,442.72393798828125
old_reserved,identity,5003,160,3,0,0.5,0.5,500.0,500.0,365.0989685058594
old_reserved,identity,5003,161,3,0,0.5,0.5,500.0,500.0,431.57293701171875
old_reserved,identity,5003,162,3,0,0.5,0.5,500.0,500.0,462.56768798828125
old_reserved,identity,5003,163,3,0,0.5,0.5,500.0,500.0,475.0572814941406
old_reserved,identity,5003,164,3,0,0.5,0.5,500.0,500.0,445.90106201171875
old_reserved,identity,5003,165,3,0,0.5,0.5,500.0,500.0,471.98956298828125
old_reserved,identity,5003,166,3,0,0.5,0.5,500.0,500.0,444.0
old_reserved,identity,5003,167,3,0,0.5,0.5,500.0,500.0,459.640625
old_reserved,identity,5003,168,3,0,0.5,0.5,500.0,500.0,477.33331298828125
old_reserved,identity,5003,169,3,0,0.5,0.5,500.0,500.0,467.19268798828125
old_reserved,identity,5003,170,3,0,0.5,0.5,500.0,500.0,466.234375
old_reserved,identity,5003,171,3,0,0.5,0.5,500.0,500.0,460.88543701171875
old_reserved,identity,5003,172,3,0,0.5,0.5,500.0,500.0,478.6927185058594
old_reserved,identity,5003,173,3,0,0.5,0.5,500.0,500.0,480.16143798828125
old_reserved,identity,5003,174,3,0,0.5,0.5,500.0,500.0,468.4375
old_reserved,identity,5003,175,3,0,0.5,0.5,500.0,500.0,470.51043701171875
old_reserved,identity,5003,176,3,0,0.5,0.5,500.0,500.0,473.875
old_reserved,identity,5003,177,3,0,0.5,0.5,500.0,500.0,478.9583435058594
old_reserved,identity,5003,178,3,0,0.5,0.5,500.0,500.0,477.359375
old_reserved,identity,5003,179,3,0,0.5,0.5,500.0,500.0,484.4375
old_reserved,identity,5003,180,3,0,0.5,0.5,500.0,355.1000061035156,483.734375
old_reserved,identity,5003,181,3,0,0.5,0.5,500.0,500.0,490.6197814941406
old_reserved,identity,5003,182,3,0,0.5,0.5,500.0,500.0,480.828125
old_reserved,identity,5003,183,3,0,0.5,0.5,500.0,500.0,475.5052490234375
old_reserved,identity,5003,184,3,0,0.5,0.5,500.0,500.0,483.4895935058594
old_reserved,identity,5003,185,3,0,0.5,0.5,500.0,500.0,472.47393798828125
old_reserved,identity,5003,186,3,0,0.5,0.5,500.0,500.0,482.74481201171875
old_reserved,identity,5003,187,3,0,0.5,0.5,500.0,500.0,484.4166564941406
old_reserved,identity,5003,188,3,0,0.5,0.5,500.0,500.0,481.625
old_reserved,identity,5003,189,3,0,0.5,0.5,500.0,500.0,469.02606201171875
old_reserved,identity,5003,190,3,0,0.5,0.5,500.0,500.0,475.15106201171875
old_reserved,identity,5003,191,3,0,0.5,0.5,500.0,500.0,465.2708435058594
old_reserved,identity,5003,192,3,0,0.5,0.5,500.0,500.0,470.69793701171875
old_reserved,identity,5003,193,3,0,0.5,0.5,500.0,500.0,459.66143798828125
old_reserved,identity,5003,194,3,0,0.5,0.5,500.0,500.0,462.015625
old_reserved,identity,5003,195,3,0,0.5,0.5,500.0,500.0,472.56768798828125
old_reserved,identity,5003,196,3,0,0.5,0.5,500.0,500.0,452.8229064941406
old_reserved,identity,5003,197,3,0,0.5,0.5,500.0,500.0,482.58331298828125
old_reserved,identity,5003,198,3,0,0.5,0.5,500.0,500.0,455.32293701171875
old_reserved,identity,5003,199,3,0,0.5,0.5,500.0,500.0,450.41668701171875
old_reserved,identity,5003,200,3,0,0.5,0.5,500.0,500.0,445.7291564941406
old_reserved,identity,5003,201,3,0,0.5,0.5,500.0,500.0,469.51043701171875
old_reserved,identity,5003,202,3,0,0.5,0.5,500.0,500.0,465.4791564941406
old_reserved,identity,5003,203,3,0,0.5,0.5,500.0,500.0,444.4375
old_reserved,identity,5003,204,3,0,0.5,0.5,500.0,500.0,485.3489685058594
old_reserved,identity,5003,205,3,0,0.5,0.5,500.0,500.0,484.72393798828125
old_reserved,identity,5003,206,3,0,0.5,0.5,500.0,500.0,467.484375
old_reserved,identity,5003,207,3,0,0.5,0.5,500.0,500.0,470.91143798828125
old_reserved,identity,5003,208,3,0,0.5,0.5,500.0,500.0,461.8125
old_reserved,identity,5003,209,3,0,0.5,0.5,500.0,500.0,476.30731201171875
old_reserved,identity,5003,210,3,0,0.5,0.5,500.0,500.0,466.46356201171875
old_reserved,identity,5003,211,3,0,0.5,0.5,500.0,500.0,472.390625
old_reserved,identity,5003,212,3,0,0.5,0.5,500.0,500.0,487.83856201171875
old_reserved,identity,5003,213,3,0,0.5,0.5,500.0,500.0,484.25
old_reserved,identity,5003,214,3,0,0.5,0.5,500.0,500.0,459.72918701171875
old_reserved,identity,5003,215,3,0,0.5,0.5,500.0,500.0,482.36456298828125
old_reserved,identity,5003,216,3,0,0.5,0.5,500.0,500.0,489.90625
old_reserved,identity,5003,217,3,0,0.5,0.5,500.0,500.0,476.15625
old_reserved,identity,5003,218,3,0,0.5,0.5,500.0,500.0,479.8125
old_reserved,identity,5003,219,3,0,0.5,0.5,500.0,500.0,451.52606201171875
old_reserved,identity,5003,220,3,0,0.5,0.5,500.0,500.0,482.734375
old_reserved,identity,5003,221,3,0,0.5,0.5,500.0,500.0,482.484375
old_reserved,identity,5003,222,3,0,0.5,0.5,500.0,500.0,492.671875
old_reserved,identity,5003,223,3,0,0.5,0.5,500.0,500.0,473.8020935058594
old_reserved,identity,5003,224,3,0,0.5,0.5,500.0,500.0,495.30731201171875
old_reserved,identity,5003,225,3,0,0.5,0.5,500.0,500.0,482.15625
old_reserved,identity,5003,226,3,0,0.5,0.5,500.0,500.0,499.29168701171875
old_reserved,identity,5003,227,3,0,0.5,0.5,500.0,500.0,497.46356201171875
old_reserved,identity,5003,228,3,0,0.5,0.5,500.0,500.0,475.93231201171875
old_reserved,identity,5003,229,3,0,0.5,0.5,500.0,500.0,476.44793701171875
old_reserved,identity,5003,230,3,0,0.5,0.5,500.0,500.0,489.2083435058594
old_reserved,identity,5003,231,3,0,0.5,0.5,500.0,500.0,474.9739685058594
old_reserved,identity,5003,232,3,0,0.5,0.5,500.0,500.0,488.21356201171875
old_reserved,identity,5003,233,3,0,0.5,0.5,500.0,500.0,479.83856201171875
old_reserved,identity,5003,234,3,0,0.5,0.5,500.0,500.0,471.53125
old_reserved,identity,5003,235,3,0,0.5,0.5,500.0,500.0,477.8594055175781
old_reserved,identity,5003,236,3,0,0.5,0.5,500.0,500.0,469.94793701171875
old_reserved,identity,5003,237,3,0,0.5,0.5,500.0,500.0,491.0520935058594
old_reserved,identity,5003,238,3,0,0.5,0.5,500.0,500.0,458.15106201171875
old_reserved,identity,5003,239,3,0,0.5,0.5,500.0,500.0,469.45831298828125
old_reserved,identity,5003,240,4,1,0.5,0.5,500.0,500.0,441.6041564941406
old_reserved,identity,5003,241,4,1,0.5,0.5,500.0,500.0,478.7604064941406
old_reserved,identity,5003,242,4,1,0.5,0.5,500.0,500.0,494.77606201171875
old_reserved,identity,5003,243,4,1,0.5,0.5,500.0,500.0,480.765625
old_reserved,identity,5003,244,4,1,0.5,0.5,500.0,500.0,497.83331298828125
old_reserved,identity,5003,245,4,1,0.5,0.5,500.0,500.0,481.57293701171875
old_reserved,identity,5003,246,4,1,0.5,0.5,500.0,500.0,493.640625
old_reserved,identity,5003,247,4,1,0.5,0.5,500.0,500.0,480.96875
old_reserved,identity,5003,248,4,1,0.5,0.5,500.0,500.0,466.6770935058594
old_reserved,identity,5003,249,4,1,0.5,0.5,500.0,500.0,494.203125
old_reserved,identity,5003,250,4,1,0.5,0.5,500.0,500.0,496.25518798828125
old_reserved,identity,5003,251,4,1,0.5,0.5,500.0,500.0,472.83331298828125
old_reserved,identity,5003,252,4,1,0.5,0.5,500.0,500.0,487.99481201171875
old_reserved,identity,5003,253,4,1,0.5,0.5,500.0,500.0,474.7291564941406
old_reserved,identity,5003,254,4,1,0.5,0.5,500.0,500.0,492.265625
old_reserved,identity,5003,255,4,1,0.5,0.5,500.0,500.0,477.2760314941406
old_reserved,identity,5003,256,4,1,0.5,0.5,500.0,500.0,465.2760314941406
old_reserved,identity,5003,257,4,1,0.5,0.5,500.0,500.0,473.1041564941406
old_reserved,identity,5003,258,4,1,0.5,0.5,500.0,500.0,475.1979064941406
old_reserved,identity,5003,259,4,1,0.5,0.5,500.0,500.0,483.28125
old_reserved,identity,5003,260,4,1,0.5,0.5,500.0,500.0,478.77606201171875
old_reserved,identity,5003,261,4,1,0.5,0.5,500.0,500.0,478.1145935058594
old_reserved,identity,5003,262,4,1,0.5,0.5,500.0,500.0,492.13018798828125
old_reserved,identity,5003,263,4,1,0.5,0.5,500.0,500.0,492.38018798828125
old_reserved,identity,5003,264,4,1,0.5,0.5,500.0,500.0,474.796875
old_reserved,identity,5003,265,4,1,0.5,0.5,500.0,500.0,475.578125
old_reserved,identity,5003,266,4,1,0.5,0.5,500.0,500.0,477.05731201171875
old_reserved,identity,5003,267,4,1,0.5,0.5,500.0,500.0,498.16668701171875
old_reserved,identity,5003,268,4,1,0.5,0.5,500.0,500.0,490.515625
old_reserved,identity,5003,269,4,1,0.5,0.5,500.0,500.0,493.453125
old_reserved,identity,5003,270,4,1,0.5,0.5,500.0,500.0,473.8541564941406
old_reserved,identity,5003,271,4,1,0.5,0.5,500.0,500.0,473.84893798828125
old_reserved,identity,5003,272,4,1,0.5,0.5,500.0,500.0,492.7708435058594
old_reserved,identity,5003,273,4,1,0.5,0.5,500.0,500.0,487.78643798828125
old_reserved,identity,5003,274,4,1,0.5,0.5,500.0,500.0,492.765625
old_reserved,identity,5003,275,4,1,0.5,0.5,500.0,500.0,486.5104064941406
old_reserved,identity,5003,276,4,1,0.5,0.5,500.0,500.0,491.3854064941406
old_reserved,identity,5003,277,4,1,0.5,0.5,500.0,500.0,490.6197814941406
old_reserved,identity,5003,278,4,1,0.5,0.5,500.0,500.0,492.98956298828125
old_reserved,identity,5003,279,4,1,0.5,0.5,500.0,500.0,495.2760314941406
old_reserved,identity,5003,280,4,1,0.5,0.5,500.0,499.1000061035156,464.375
old_reserved,identity,5003,281,4,1,0.5,0.5,500.0,481.3000183105469,489.19268798828125
old_reserved,identity,5003,282,4,1,0.5,0.5,500.0,492.20001220703125,497.69793701171875
old_reserved,identity,5003,283,4,1,0.5,0.5,500.0,403.3999938964844,492.88543701171875
old_reserved,identity,5003,284,4,1,0.5,0.5,500.0,462.6000061035156,496.2916564941406
old_reserved,identity,5003,285,4,1,0.5,0.5,500.0,500.0,489.4114685058594
old_reserved,identity,5003,286,4,1,0.5,0.5,500.0,500.0,496.1145935058594
old_reserved,identity,5003,287,4,1,0.5,0.5,500.0,500.0,493.07293701171875
old_reserved,identity,5003,288,4,1,0.5,0.5,500.0,500.0,498.66668701171875
old_reserved,identity,5003,289,4,1,0.5,0.5,500.0,500.0,489.125
old_reserved,identity,5003,290,4,1,0.5,0.5,500.0,500.0,493.57293701171875
old_reserved,identity,5003,291,4,1,0.5,0.5,500.0,500.0,495.7916259765625
old_reserved,identity,5003,292,4,1,0.5,0.5,500.0,500.0,490.40625
old_reserved,identity,5003,293,4,1,0.5,0.5,500.0,469.1000061035156,487.1041564941406
old_reserved,identity,5003,294,4,1,0.5,0.5,500.0,401.70001220703125,480.52606201171875
old_reserved,identity,5003,295,4,1,0.5,0.5,500.0,450.70001220703125,483.5520935058594
old_reserved,identity,5003,296,4,1,0.5,0.5,500.0,500.0,495.89581298828125
old_reserved,identity,5003,297,4,1,0.5,0.5,500.0,500.0,493.66143798828125
old_reserved,identity,5003,298,4,1,0.5,0.5,500.0,500.0,494.21356201171875
old_reserved,identity,5003,299,4,1,0.5,0.5,500.0,495.1000061035156,499.1666564941406
old_reserved,identity,5003,300,4,1,0.5,0.5,500.0,464.6000061035156,495.5885314941406
old_reserved,identity,5003,301,4,1,0.5,0.5,500.0,412.8000183105469,500.0
old_reserved,identity,5003,302,4,1,0.5,0.5,500.0,426.0,499.390625
old_reserved,identity,5003,303,4,1,0.5,0.5,500.0,306.70001220703125,495.640625
old_reserved,identity,5003,304,4,1,0.5,0.5,500.0,406.1000061035156,495.0572814941406
old_reserved,identity,5003,305,4,1,0.5,0.5,500.0,382.20001220703125,491.7552185058594
old_reserved,identity,5003,306,4,1,0.5,0.5,500.0,335.3999938964844,488.58856201171875
old_reserved,identity,5003,307,4,1,0.5,0.5,500.0,336.5,500.0
old_reserved,identity,5003,308,4,1,0.5,0.5,500.0,347.6000061035156,497.67706298828125
old_reserved,identity,5003,309,4,1,0.5,0.5,500.0,361.20001220703125,497.4583435058594
old_reserved,identity,5003,310,4,1,0.5,0.5,500.0,378.70001220703125,499.44793701171875
old_reserved,identity,5003,311,4,1,0.5,0.5,500.0,384.3999938964844,488.38543701171875
old_reserved,identity,5003,312,4,1,0.5,0.5,500.0,316.8000183105469,492.265625
old_reserved,identity,5003,313,4,1,0.5,0.5,500.0,352.5,488.40106201171875
old_reserved,identity,5003,314,4,1,0.5,0.5,500.0,350.3999938964844,495.765625
old_reserved,identity,5003,315,4,1,0.5,0.5,500.0,393.8999938964844,497.6302185058594
old_reserved,identity,5003,316,4,1,0.5,0.5,500.0,330.3999938964844,494.078125
old_reserved,identity,5003,317,4,1,0.5,0.5,500.0,339.5,485.328125
old_reserved,identity,5003,318,4,1,0.5,0.5,500.0,348.1000061035156,499.14581298828125
old_reserved,identity,5003,319,4,1,0.5,0.5,500.0,364.8000183105469,487.2135314941406
old_reserved,identity,5004,0,1,0,0.5,0.5,9.5,9.0,13.041666030883789
old_reserved,identity,5004,1,1,0,0.5,0.5,9.199999809265137,9.5,14.328125
old_reserved,identity,5004,2,1,0,0.5,0.5,9.300000190734863,9.300000190734863,18.848957061767578
old_reserved,identity,5004,3,1,0,0.5,0.5,10.300000190734863,10.100000381469727,18.44791603088379
old_reserved,identity,5004,4,1,0,0.5,0.5,9.5,9.90000057220459,23.552085876464844
old_reserved,identity,5004,5,1,0,0.5,0.5,10.199999809265137,11.300000190734863,33.40104675292969
old_reserved,identity,5004,6,1,0,0.5,0.5,41.60000228881836,89.5,38.78125
old_reserved,identity,5004,7,1,0,0.5,0.5,56.29999923706055,34.79999923706055,47.83854293823242
old_reserved,identity,5004,8,1,0,0.5,0.5,111.4000015258789,29.100000381469727,43.140625
old_reserved,identity,5004,9,1,0,0.5,0.5,93.0,44.400001525878906,51.848960876464844
old_reserved,identity,5004,10,1,0,0.5,0.5,83.5999984741211,48.29999923706055,51.81770324707031
old_reserved,identity,5004,11,1,0,0.5,0.5,98.0999984741211,109.0999984741211,50.40625
old_reserved,identity,5004,12,1,0,0.5,0.5,106.0999984741211,52.900001525878906,54.557289123535156
old_reserved,identity,5004,13,1,0,0.5,0.5,130.5,31.200000762939453,73.39583587646484
old_reserved,identity,5004,14,1,0,0.5,0.5,155.0,28.399999618530273,74.24479675292969
old_reserved,identity,5004,15,1,0,0.5,0.5,96.20000457763672,25.80000114440918,78.1875
old_reserved,identity,5004,16,1,0,0.5,0.5,113.0999984741211,29.200000762939453,82.71353912353516
old_reserved,identity,5004,17,1,0,0.5,0.5,54.900001525878906,22.700000762939453,84.91146087646484
old_reserved,identity,5004,18,1,0,0.5,0.5,76.30000305175781,25.200000762939453,84.50521087646484
old_reserved,identity,5004,19,1,0,0.5,0.5,37.10000228881836,21.700000762939453,83.10417175292969
old_reserved,identity,5004,20,1,0,0.5,0.5,39.60000228881836,22.0,104.4375
old_reserved,identity,5004,21,1,0,0.5,0.5,44.0,24.899999618530273,101.30207824707031
old_reserved,identity,5004,22,1,0,0.5,0.5,86.80000305175781,23.899999618530273,120.98439025878906
old_reserved,identity,5004,23,1,0,0.5,0.5,87.0,23.5,133.234375
old_reserved,identity,5004,24,1,0,0.5,0.5,117.5999984741211,22.399999618530273,132.921875
old_reserved,identity,5004,25,1,0,0.5,0.5,81.0999984741211,24.399999618530273,141.24478149414062
old_reserved,identity,5004,26,1,0,0.5,0.5,61.60000228881836,22.700000762939453,142.96353149414062
old_reserved,identity,5004,27,1,0,0.5,0.5,87.4000015258789,23.899999618530273,169.17185974121094
old_reserved,identity,5004,28,1,0,0.5,0.5,95.30000305175781,22.600000381469727,150.3697967529297
old_reserved,identity,5004,29,1,0,0.5,0.5,92.80000305175781,23.30000114440918,161.1979217529297
old_reserved,identity,5004,30,1,0,0.5,0.5,160.3000030517578,23.600000381469727,181.72396850585938
old_reserved,identity,5004,31,1,0,0.5,0.5,500.0,24.5,201.35415649414062
old_reserved,identity,5004,32,1,0,0.5,0.5,500.0,26.100000381469727,195.0572967529297
old_reserved,identity,5004,33,1,0,0.5,0.5,500.0,27.5,216.9270782470703
old_reserved,identity,5004,34,1,0,0.5,0.5,500.0,23.80000114440918,226.3697967529297
old_reserved,identity,5004,35,1,0,0.5,0.5,489.3999938964844,26.100000381469727,241.96873474121094
old_reserved,identity,5004,36,1,0,0.5,0.5,499.0,26.0,228.73439025878906
old_reserved,identity,5004,37,1,0,0.5,0.5,473.8999938964844,24.100000381469727,242.00521850585938
old_reserved,identity,5004,38,1,0,0.5,0.5,498.5,26.899999618530273,268.3177185058594
old_reserved,identity,5004,39,1,0,0.5,0.5,500.0,25.700000762939453,256.9062805175781
old_reserved,identity,5004,40,1,0,0.5,0.5,493.8999938964844,25.899999618530273,272.3645935058594
old_reserved,identity,5004,41,1,0,0.5,0.5,493.6000061035156,26.399999618530273,241.1927032470703
old_reserved,identity,5004,42,1,0,0.5,0.5,484.6000061035156,26.600000381469727,291.6927185058594
old_reserved,identity,5004,43,1,0,0.5,0.5,451.8000183105469,23.899999618530273,263.11981201171875
old_reserved,identity,5004,44,1,0,0.5,0.5,493.20001220703125,26.5,294.47918701171875
old_reserved,identity,5004,45,1,0,0.5,0.5,441.8999938964844,24.200000762939453,284.46356201171875
old_reserved,identity,5004,46,1,0,0.5,0.5,417.3000183105469,23.5,281.5000305175781
old_reserved,identity,5004,47,1,0,0.5,0.5,295.3000183105469,22.399999618530273,300.4739990234375
old_reserved,identity,5004,48,1,0,0.5,0.5,146.40000915527344,20.100000381469727,297.734375
old_reserved,identity,5004,49,1,0,0.5,0.5,175.90000915527344,21.200000762939453,308.4791564941406
old_reserved,identity,5004,50,1,0,0.5,0.5,303.5,24.5,287.203125
old_reserved,identity,5004,51,1,0,0.5,0.5,451.8999938964844,27.200000762939453,326.4583435058594
old_reserved,identity,5004,52,1,0,0.5,0.5,450.0,27.600000381469727,307.015625
old_reserved,identity,5004,53,1,0,0.5,0.5,500.0,33.60000228881836,321.4114685058594
old_reserved,identity,5004,54,1,0,0.5,0.5,500.0,36.400001525878906,369.41143798828125
old_reserved,identity,5004,55,1,0,0.5,0.5,500.0,112.4000015258789,341.1666564941406
old_reserved,identity,5004,56,1,0,0.5,0.5,500.0,500.0,387.46356201171875
old_reserved,identity,5004,57,1,0,0.5,0.5,500.0,500.0,382.0989685058594
old_reserved,identity,5004,58,1,0,0.5,0.5,500.0,208.0,400.38543701171875
old_reserved,identity,5004,59,1,0,0.5,0.5,500.0,454.5,432.47918701171875
old_reserved,identity,5004,60,1,0,0.5,0.5,500.0,248.3000030517578,449.05731201171875
old_reserved,identity,5004,61,1,0,0.5,0.5,500.0,500.0,424.0677185058594
old_reserved,identity,5004,62,1,0,0.5,0.5,500.0,338.5,421.93231201171875
old_reserved,identity,5004,63,1,0,0.5,0.5,500.0,500.0,427.24481201171875
old_reserved,identity,5004,64,1,0,0.5,0.5,500.0,265.3000183105469,429.875
old_reserved,identity,5004,65,1,0,0.5,0.5,500.0,142.90000915527344,436.9219055175781
old_reserved,identity,5004,66,1,0,0.5,0.5,500.0,235.60000610351562,437.3697814941406
old_reserved,identity,5004,67,1,0,0.5,0.5,500.0,393.20001220703125,423.40625
old_reserved,identity,5004,68,1,0,0.5,0.5,500.0,307.8000183105469,418.1145935058594
old_reserved,identity,5004,69,1,0,0.5,0.5,500.0,271.1000061035156,410.109375
old_reserved,identity,5004,70,1,0,0.5,0.5,500.0,263.70001220703125,423.11981201171875
old_reserved,identity,5004,71,1,0,0.5,0.5,500.0,500.0,419.4114990234375
old_reserved,identity,5004,72,1,0,0.5,0.5,500.0,500.0,419.81768798828125
old_reserved,identity,5004,73,1,0,0.5,0.5,500.0,500.0,408.140625
old_reserved,identity,5004,74,1,0,0.5,0.5,500.0,500.0,437.125
old_reserved,identity,5004,75,1,0,0.5,0.5,500.0,500.0,454.109375
old_reserved,identity,5004,76,1,0,0.5,0.5,500.0,500.0,396.78643798828125
old_reserved,identity,5004,77,1,0,0.5,0.5,500.0,500.0,407.1875
old_reserved,identity,5004,78,1,0,0.5,0.5,500.0,500.0,431.58856201171875
old_reserved,identity,5004,79,1,0,0.5,0.5,500.0,500.0,415.47918701171875
old_reserved,identity,5004,80,2,1,0.5,0.5,500.0,500.0,230.2291717529297
old_reserved,identity,5004,81,2,1,0.5,0.5,500.0,500.0,348.76043701171875
old_reserved,identity,5004,82,2,1,0.5,0.5,500.0,500.0,421.6770935058594
old_reserved,identity,5004,83,2,1,0.5,0.5,500.0,500.0,442.46356201171875
old_reserved,identity,5004,84,2,1,0.5,0.5,500.0,500.0,429.51043701171875
old_reserved,identity,5004,85,2,1,0.5,0.5,500.0,500.0,425.5572509765625
old_reserved,identity,5004,86,2,1,0.5,0.5,500.0,500.0,415.88543701171875
old_reserved,identity,5004,87,2,1,0.5,0.5,500.0,500.0,372.71875
old_reserved,identity,5004,88,2,1,0.5,0.5,500.0,500.0,429.35418701171875
old_reserved,identity,5004,89,2,1,0.5,0.5,500.0,500.0,409.1302490234375
old_reserved,identity,5004,90,2,1,0.5,0.5,500.0,500.0,442.9583435058594
old_reserved,identity,5004,91,2,1,0.5,0.5,500.0,500.0,387.78125
old_reserved,identity,5004,92,2,1,0.5,0.5,500.0,500.0,432.8489685058594
old_reserved,identity,5004,93,2,1,0.5,0.5,500.0,500.0,427.01043701171875
old_reserved,identity,5004,94,2,1,0.5,0.5,500.0,500.0,426.8697509765625
old_reserved,identity,5004,95,2,1,0.5,0.5,500.0,500.0,405.3697814941406
old_reserved,identity,5004,96,2,1,0.5,0.5,500.0,500.0,439.125
old_reserved,identity,5004,97,2,1,0.5,0.5,500.0,500.0,411.3125
old_reserved,identity,5004,98,2,1,0.5,0.5,500.0,500.0,453.046875
old_reserved,identity,5004,99,2,1,0.5,0.5,500.0,500.0,407.734375
old_reserved,identity,5004,100,2,1,0.5,0.5,500.0,500.0,449.4427185058594
old_reserved,identity,5004,101,2,1,0.5,0.5,500.0,500.0,475.4479064941406
old_reserved,identity,5004,102,2,1,0.5,0.5,500.0,500.0,457.72393798828125
old_reserved,identity,5004,103,2,1,0.5,0.5,500.0,500.0,448.18231201171875
old_reserved,identity,5004,104,2,1,0.5,0.5,500.0,500.0,448.390625
old_reserved,identity,5004,105,2,1,0.5,0.5,500.0,500.0,472.2916259765625
old_reserved,identity,5004,106,2,1,0.5,0.5,500.0,500.0,479.28125
old_reserved,identity,5004,107,2,1,0.5,0.5,500.0,500.0,467.80731201171875
old_reserved,identity,5004,108,2,1,0.5,0.5,500.0,500.0,435.828125
old_reserved,identity,5004,109,2,1,0.5,0.5,500.0,500.0,461.5260314941406
old_reserved,identity,5004,110,2,1,0.5,0.5,500.0,500.0,456.75518798828125
old_reserved,identity,5004,111,2,1,0.5,0.5,500.0,500.0,440.76043701171875
old_reserved,identity,5004,112,2,1,0.5,0.5,500.0,500.0,466.54168701171875
old_reserved,identity,5004,113,2,1,0.5,0.5,500.0,500.0,451.72918701171875
old_reserved,identity,5004,114,2,1,0.5,0.5,500.0,500.0,427.234375
old_reserved,identity,5004,115,2,1,0.5,0.5,500.0,500.0,463.25518798828125
old_reserved,identity,5004,116,2,1,0.5,0.5,500.0,500.0,431.67706298828125
old_reserved,identity,5004,117,2,1,0.5,0.5,500.0,500.0,441.9427185058594
old_reserved,identity,5004,118,2,1,0.5,0.5,500.0,500.0,469.609375
old_reserved,identity,5004,119,2,1,0.5,0.5,500.0,500.0,457.5728759765625
old_reserved,identity,5004,120,2,1,0.5,0.5,500.0,500.0,453.79168701171875
old_reserved,identity,5004,121,2,1,0.5,0.5,500.0,500.0,453.86981201171875
old_reserved,identity,5004,122,2,1,0.5,0.5,500.0,500.0,462.48956298828125
old_reserved,identity,5004,123,2,1,0.5,0.5,500.0,500.0,472.7552185058594
old_reserved,identity,5004,124,2,1,0.5,0.5,500.0,500.0,467.8697814941406
old_reserved,identity,5004,125,2,1,0.5,0.5,500.0,500.0,438.859375
old_reserved,identity,5004,126,2,1,0.5,0.5,500.0,500.0,447.5156555175781
old_reserved,identity,5004,127,2,1,0.5,0.5,500.0,500.0,447.3541564941406
old_reserved,identity,5004,128,2,1,0.5,0.5,500.0,500.0,425.96356201171875
old_reserved,identity,5004,129,2,1,0.5,0.5,500.0,500.0,442.16668701171875
old_reserved,identity,5004,130,2,1,0.5,0.5,500.0,500.0,476.234375
old_reserved,identity,5004,131,2,1,0.5,0.5,500.0,500.0,469.84375
old_reserved,identity,5004,132,2,1,0.5,0.5,500.0,500.0,491.3020935058594
old_reserved,identity,5004,133,2,1,0.5,0.5,500.0,500.0,471.88018798828125
old_reserved,identity,5004,134,2,1,0.5,0.5,500.0,500.0,457.3333435058594
old_reserved,identity,5004,135,2,1,0.5,0.5,500.0,500.0,458.9583435058594
old_reserved,identity,5004,136,2,1,0.5,0.5,500.0,500.0,469.21875
old_reserved,identity,5004,137,2,1,0.5,0.5,500.0,500.0,466.96356201171875
old_reserved,identity,5004,138,2,1,0.5,0.5,500.0,500.0,476.75518798828125
old_reserved,identity,5004,139,2,1,0.5,0.5,500.0,500.0,456.66668701171875
old_reserved,identity,5004,140,2,1,0.5,0.5,500.0,500.0,448.015625
old_reserved,identity,5004,141,2,1,0.5,0.5,500.0,500.0,457.296875
old_reserved,identity,5004,142,2,1,0.5,0.5,500.0,500.0,463.0885314941406
old_reserved,identity,5004,143,2,1,0.5,0.5,500.0,500.0,467.8125
old_reserved,identity,5004,144,2,1,0.5,0.5,500.0,500.0,441.22918701171875
old_reserved,identity,5004,145,2,1,0.5,0.5,500.0,185.6999969482422,466.859375
old_reserved,identity,5004,146,2,1,0.5,0.5,500.0,98.70000457763672,486.4322814941406
old_reserved,identity,5004,147,2,1,0.5,0.5,500.0,183.8000030517578,478.390625
old_reserved,identity,5004,148,2,1,0.5,0.5,500.0,500.0,472.2291564941406
old_reserved,identity,5004,149,2,1,0.5,0.5,500.0,500.0,451.63543701171875
old_reserved,identity,5004,150,2,1,0.5,0.5,500.0,500.0,465.4895935058594
old_reserved,identity,5004,151,2,1,0.5,0.5,500.0,500.0,485.1875
old_reserved,identity,5004,152,2,1,0.5,0.5,500.0,500.0,453.77081298828125
old_reserved,identity,5004,153,2,1,0.5,0.5,500.0,500.0,440.9322814941406
old_reserved,identity,5004,154,2,1,0.5,0.5,500.0,500.0,427.0104064941406
old_reserved,identity,5004,155,2,1,0.5,0.5,500.0,500.0,421.4947814941406
old_reserved,identity,5004,156,2,1,0.5,0.5,500.0,500.0,479.7083435058594
old_reserved,identity,5004,157,2,1,0.5,0.5,500.0,500.0,462.08856201171875
old_reserved,identity,5004,158,2,1,0.5,0.5,500.0,500.0,460.859375
old_reserved,identity,5004,159,2,1,0.5,0.5,500.0,500.0,485.609375
old_reserved,identity,5004,160,3,0,0.5,0.5,500.0,500.0,369.8489685058594
old_reserved,identity,5004,161,3,0,0.5,0.5,500.0,500.0,443.6978759765625
old_reserved,identity,5004,162,3,0,0.5,0.5,500.0,500.0,469.6197814941406
old_reserved,identity,5004,163,3,0,0.5,0.5,500.0,500.0,459.18231201171875
old_reserved,identity,5004,164,3,0,0.5,0.5,500.0,500.0,457.70831298828125
old_reserved,identity,5004,165,3,0,0.5,0.5,500.0,500.0,467.93231201171875
old_reserved,identity,5004,166,3,0,0.5,0.5,500.0,500.0,468.78125
old_reserved,identity,5004,167,3,0,0.5,0.5,500.0,500.0,489.7708435058594
old_reserved,identity,5004,168,3,0,0.5,0.5,500.0,500.0,454.046875
old_reserved,identity,5004,169,3,0,0.5,0.5,500.0,500.0,450.078125
old_reserved,identity,5004,170,3,0,0.5,0.5,500.0,500.0,467.0260314941406
old_reserved,identity,5004,171,3,0,0.5,0.5,500.0,500.0,463.33856201171875
old_reserved,identity,5004,172,3,0,0.5,0.5,500.0,500.0,462.96875
old_reserved,identity,5004,173,3,0,0.5,0.5,500.0,500.0,476.88543701171875
old_reserved,identity,5004,174,3,0,0.5,0.5,500.0,500.0,475.80731201171875
old_reserved,identity,5004,175,3,0,0.5,0.5,500.0,500.0,451.13543701171875
old_reserved,identity,5004,176,3,0,0.5,0.5,500.0,500.0,469.5
old_reserved,identity,5004,177,3,0,0.5,0.5,500.0,500.0,463.96356201171875
old_reserved,identity,5004,178,3,0,0.5,0.5,500.0,500.0,479.4010314941406
old_reserved,identity,5004,179,3,0,0.5,0.5,500.0,500.0,488.02606201171875
old_reserved,identity,5004,180,3,0,0.5,0.5,500.0,500.0,473.953125
old_reserved,identity,5004,181,3,0,0.5,0.5,500.0,500.0,476.2864685058594
old_reserved,identity,5004,182,3,0,0.5,0.5,500.0,500.0,477.9270935058594
old_reserved,identity,5004,183,3,0,0.5,0.5,500.0,500.0,478.53125
old_reserved,identity,5004,184,3,0,0.5,0.5,500.0,500.0,449.046875
old_reserved,identity,5004,185,3,0,0.5,0.5,500.0,500.0,462.64581298828125
old_reserved,identity,5004,186,3,0,0.5,0.5,500.0,500.0,484.984375
old_reserved,identity,5004,187,3,0,0.5,0.5,500.0,494.3000183105469,482.34375
old_reserved,identity,5004,188,3,0,0.5,0.5,500.0,500.0,489.5625
old_reserved,identity,5004,189,3,0,0.5,0.5,500.0,466.6000061035156,478.2395935058594
old_reserved,identity,5004,190,3,0,0.5,0.5,500.0,353.70001220703125,485.39581298828125
old_reserved,identity,5004,191,3,0,0.5,0.5,500.0,426.5,472.890625
old_reserved,identity,5004,192,3,0,0.5,0.5,500.0,350.5,478.03643798828125
old_reserved,identity,5004,193,3,0,0.5,0.5,500.0,337.0,472.984375
old_reserved,identity,5004,194,3,0,0.5,0.5,500.0,348.0,460.7552185058594
old_reserved,identity,5004,195,3,0,0.5,0.5,500.0,413.8000183105469,491.30731201171875
old_reserved,identity,5004,196,3,0,0.5,0.5,500.0,378.6000061035156,483.49481201171875
old_reserved,identity,5004,197,3,0,0.5,0.5,500.0,252.8000030517578,475.98956298828125
old_reserved,identity,5004,198,3,0,0.5,0.5,500.0,246.8000030517578,477.375
old_reserved,identity,5004,199,3,0,0.5,0.5,500.0,355.3000183105469,464.6875
old_reserved,identity,5004,200,3,0,0.5,0.5,500.0,280.20001220703125,486.7760314941406
old_reserved,identity,5004,201,3,0,0.5,0.5,500.0,400.20001220703125,486.34893798828125
old_reserved,identity,5004,202,3,0,0.5,0.5,500.0,465.20001220703125,485.921875
old_reserved,identity,5004,203,3,0,0.5,0.5,500.0,500.0,465.58331298828125
old_reserved,identity,5004,204,3,0,0.5,0.5,500.0,500.0,475.85418701171875
old_reserved,identity,5004,205,3,0,0.5,0.5,500.0,500.0,482.77081298828125
old_reserved,identity,5004,206,3,0,0.5,0.5,500.0,487.8999938964844,475.1770935058594
old_reserved,identity,5004,207,3,0,0.5,0.5,500.0,484.3000183105469,479.078125
old_reserved,identity,5004,208,3,0,0.5,0.5,500.0,483.0,481.1614685058594
old_reserved,identity,5004,209,3,0,0.5,0.5,500.0,486.8000183105469,463.90106201171875
old_reserved,identity,5004,210,3,0,0.5,0.5,500.0,488.8999938964844,449.79168701171875
old_reserved,identity,5004,211,3,0,0.5,0.5,500.0,479.8000183105469,491.8125
old_reserved,identity,5004,212,3,0,0.5,0.5,500.0,436.3999938964844,468.2552490234375
old_reserved,identity,5004,213,3,0,0.5,0.5,500.0,350.1000061035156,471.640625
old_reserved,identity,5004,214,3,0,0.5,0.5,500.0,262.3999938964844,478.05206298828125
old_reserved,identity,5004,215,3,0,0.5,0.5,500.0,354.0,485.421875
old_reserved,identity,5004,216,3,0,0.5,0.5,500.0,258.3999938964844,471.74481201171875
old_reserved,identity,5004,217,3,0,0.5,0.5,500.0,223.0,490.91668701171875
old_reserved,identity,5004,218,3,0,0.5,0.5,500.0,235.0,473.51043701171875
old_reserved,identity,5004,219,3,0,0.5,0.5,500.0,320.20001220703125,490.0989685058594
old_reserved,identity,5004,220,3,0,0.5,0.5,500.0,302.6000061035156,485.9947814941406
old_reserved,identity,5004,221,3,0,0.5,0.5,500.0,445.1000061035156,488.96875
old_reserved,identity,5004,222,3,0,0.5,0.5,500.0,412.70001220703125,464.3958435058594
old_reserved,identity,5004,223,3,0,0.5,0.5,500.0,483.70001220703125,486.421875
old_reserved,identity,5004,224,3,0,0.5,0.5,500.0,500.0,480.0989685058594
old_reserved,identity,5004,225,3,0,0.5,0.5,500.0,500.0,473.16143798828125
old_reserved,identity,5004,226,3,0,0.5,0.5,500.0,500.0,479.75518798828125
old_reserved,identity,5004,227,3,0,0.5,0.5,500.0,500.0,495.859375
old_reserved,identity,5004,228,3,0,0.5,0.5,500.0,500.0,499.02081298828125
old_reserved,identity,5004,229,3,0,0.5,0.5,500.0,500.0,483.1875
old_reserved,identity,5004,230,3,0,0.5,0.5,500.0,500.0,494.890625
old_reserved,identity,5004,231,3,0,0.5,0.5,500.0,500.0,482.1875
old_reserved,identity,5004,232,3,0,0.5,0.5,500.0,500.0,482.89581298828125
old_reserved,identity,5004,233,3,0,0.5,0.5,500.0,500.0,488.453125
old_reserved,identity,5004,234,3,0,0.5,0.5,500.0,500.0,490.52606201171875
old_reserved,identity,5004,235,3,0,0.5,0.5,500.0,500.0,494.46875
old_reserved,identity,5004,236,3,0,0.5,0.5,500.0,500.0,485.90106201171875
old_reserved,identity,5004,237,3,0,0.5,0.5,500.0,500.0,484.00518798828125
old_reserved,identity,5004,238,3,0,0.5,0.5,500.0,500.0,498.234375
old_reserved,identity,5004,239,3,0,0.5,0.5,500.0,500.0,477.58856201171875
old_reserved,identity,5004,240,4,1,0.5,0.5,500.0,500.0,219.4427032470703
old_reserved,identity,5004,241,4,1,0.5,0.5,500.0,500.0,327.609375
old_reserved,identity,5004,242,4,1,0.5,0.5,500.0,500.0,415.9114685058594
old_reserved,identity,5004,243,4,1,0.5,0.5,500.0,500.0,452.34375
old_reserved,identity,5004,244,4,1,0.5,0.5,500.0,500.0,465.78125
old_reserved,identity,5004,245,4,1,0.5,0.5,500.0,500.0,465.8125
old_reserved,identity,5004,246,4,1,0.5,0.5,500.0,500.0,475.66143798828125
old_reserved,identity,5004,247,4,1,0.5,0.5,500.0,500.0,495.0
old_reserved,identity,5004,248,4,1,0.5,0.5,500.0,500.0,476.90625
old_reserved,identity,5004,249,4,1,0.5,0.5,500.0,500.0,469.8177185058594
old_reserved,identity,5004,250,4,1,0.5,0.5,500.0,500.0,476.47918701171875
old_reserved,identity,5004,251,4,1,0.5,0.5,500.0,500.0,472.40625
old_reserved,identity,5004,252,4,1,0.5,0.5,500.0,500.0,464.59375
old_reserved,identity,5004,253,4,1,0.5,0.5,500.0,500.0,460.7864990234375
old_reserved,identity,5004,254,4,1,0.5,0.5,500.0,500.0,474.9114685058594
old_reserved,identity,5004,255,4,1,0.5,0.5,500.0,500.0,452.84893798828125
old_reserved,identity,5004,256,4,1,0.5,0.5,500.0,500.0,467.6458435058594
old_reserved,identity,5004,257,4,1,0.5,0.5,500.0,500.0,475.26043701171875
old_reserved,identity,5004,258,4,1,0.5,0.5,500.0,500.0,479.30206298828125
old_reserved,identity,5004,259,4,1,0.5,0.5,500.0,500.0,482.69268798828125
old_reserved,identity,5004,260,4,1,0.5,0.5,500.0,500.0,487.390625
old_reserved,identity,5004,261,4,1,0.5,0.5,500.0,500.0,478.04168701171875
old_reserved,identity,5004,262,4,1,0.5,0.5,500.0,500.0,476.9114685058594
old_reserved,identity,5004,263,4,1,0.5,0.5,500.0,500.0,477.55731201171875
old_reserved,identity,5004,264,4,1,0.5,0.5,500.0,500.0,487.26043701171875
old_reserved,identity,5004,265,4,1,0.5,0.5,500.0,497.8999938964844,483.99481201171875
old_reserved,identity,5004,266,4,1,0.5,0.5,500.0,500.0,480.578125
old_reserved,identity,5004,267,4,1,0.5,0.5,500.0,500.0,477.11981201171875
old_reserved,identity,5004,268,4,1,0.5,0.5,500.0,500.0,473.65625
old_reserved,identity,5004,269,4,1,0.5,0.5,500.0,500.0,466.515625
old_reserved,identity,5004,270,4,1,0.5,0.5,500.0,500.0,467.3541564941406
old_reserved,identity,5004,271,4,1,0.5,0.5,500.0,500.0,474.34375
old_reserved,identity,5004,272,4,1,0.5,0.5,500.0,500.0,460.71875
old_reserved,identity,5004,273,4,1,0.5,0.5,500.0,500.0,488.4947814941406
old_reserved,identity,5004,274,4,1,0.5,0.5,500.0,500.0,487.63018798828125
old_reserved,identity,5004,275,4,1,0.5,0.5,500.0,500.0,459.14581298828125
old_reserved,identity,5004,276,4,1,0.5,0.5,500.0,500.0,465.3697814941406
old_reserved,identity,5004,277,4,1,0.5,0.5,500.0,500.0,479.046875
old_reserved,identity,5004,278,4,1,0.5,0.5,500.0,500.0,493.08331298828125
old_reserved,identity,5004,279,4,1,0.5,0.5,500.0,500.0,490.671875
old_reserved,identity,5004,280,4,1,0.5,0.5,500.0,500.0,467.49481201171875
old_reserved,identity,5004,281,4,1,0.5,0.5,500.0,500.0,477.49481201171875
old_reserved,identity,5004,282,4,1,0.5,0.5,500.0,500.0,486.34375
old_reserved,identity,5004,283,4,1,0.5,0.5,500.0,500.0,468.98956298828125
old_reserved,identity,5004,284,4,1,0.5,0.5,500.0,500.0,492.38543701171875
old_reserved,identity,5004,285,4,1,0.5,0.5,500.0,500.0,490.5625
old_reserved,identity,5004,286,4,1,0.5,0.5,500.0,500.0,457.68231201171875
old_reserved,identity,5004,287,4,1,0.5,0.5,500.0,500.0,477.8333435058594
old_reserved,identity,5004,288,4,1,0.5,0.5,500.0,500.0,479.33856201171875
old_reserved,identity,5004,289,4,1,0.5,0.5,500.0,500.0,476.9010314941406
old_reserved,identity,5004,290,4,1,0.5,0.5,500.0,500.0,472.01043701171875
old_reserved,identity,5004,291,4,1,0.5,0.5,500.0,500.0,483.078125
old_reserved,identity,5004,292,4,1,0.5,0.5,500.0,478.3000183105469,436.88018798828125
old_reserved,identity,5004,293,4,1,0.5,0.5,500.0,433.5,468.15106201171875
old_reserved,identity,5004,294,4,1,0.5,0.5,500.0,404.5,438.8385314941406
old_reserved,identity,5004,295,4,1,0.5,0.5,500.0,500.0,471.34893798828125
old_reserved,identity,5004,296,4,1,0.5,0.5,500.0,500.0,495.2395935058594
old_reserved,identity,5004,297,4,1,0.5,0.5,500.0,500.0,473.36456298828125
old_reserved,identity,5004,298,4,1,0.5,0.5,500.0,500.0,477.0260314941406
old_reserved,identity,5004,299,4,1,0.5,0.5,500.0,500.0,474.90625
old_reserved,identity,5004,300,4,1,0.5,0.5,500.0,500.0,479.15106201171875
old_reserved,identity,5004,301,4,1,0.5,0.5,500.0,500.0,446.0989685058594
old_reserved,identity,5004,302,4,1,0.5,0.5,500.0,500.0,479.15625
old_reserved,identity,5004,303,4,1,0.5,0.5,500.0,500.0,465.52081298828125
old_reserved,identity,5004,304,4,1,0.5,0.5,500.0,500.0,467.27081298828125
old_reserved,identity,5004,305,4,1,0.5,0.5,500.0,500.0,456.5937194824219
old_reserved,identity,5004,306,4,1,0.5,0.5,500.0,500.0,484.515625
old_reserved,identity,5004,307,4,1,0.5,0.5,500.0,500.0,475.93231201171875
old_reserved,identity,5004,308,4,1,0.5,0.5,500.0,500.0,472.375
old_reserved,identity,5004,309,4,1,0.5,0.5,500.0,500.0,445.63543701171875
old_reserved,identity,5004,310,4,1,0.5,0.5,500.0,500.0,456.7708435058594
old_reserved,identity,5004,311,4,1,0.5,0.5,500.0,500.0,487.796875
old_reserved,identity,5004,312,4,1,0.5,0.5,500.0,500.0,484.60418701171875
old_reserved,identity,5004,313,4,1,0.5,0.5,500.0,500.0,482.65106201171875
old_reserved,identity,5004,314,4,1,0.5,0.5,500.0,500.0,474.9375
old_reserved,identity,5004,315,4,1,0.5,0.5,500.0,500.0,491.4895935058594
old_reserved,identity,5004,316,4,1,0.5,0.5,500.0,500.0,468.046875
old_reserved,identity,5004,317,4,1,0.5,0.5,500.0,500.0,467.57293701171875
old_reserved,identity,5004,318,4,1,0.5,0.5,500.0,500.0,474.640625
old_reserved,identity,5004,319,4,1,0.5,0.5,500.0,500.0,476.0989685058594
old_reserved,identity,5005,0,1,0,0.5,0.5,9.40000057220459,9.199999809265137,19.98958396911621
old_reserved,identity,5005,1,1,0,0.5,0.5,9.300000190734863,9.699999809265137,23.156253814697266
old_reserved,identity,5005,2,1,0,0.5,0.5,8.800000190734863,9.100000381469727,25.114582061767578
old_reserved,identity,5005,3,1,0,0.5,0.5,9.40000057220459,9.40000057220459,27.552082061767578
old_reserved,identity,5005,4,1,0,0.5,0.5,9.100000381469727,9.800000190734863,31.020837783813477
old_reserved,identity,5005,5,1,0,0.5,0.5,9.5,9.199999809265137,39.21875
old_reserved,identity,5005,6,1,0,0.5,0.5,9.40000057220459,9.800000190734863,43.916664123535156
old_reserved,identity,5005,7,1,0,0.5,0.5,10.199999809265137,10.300000190734863,45.718746185302734
old_reserved,identity,5005,8,1,0,0.5,0.5,9.100000381469727,9.800000190734863,51.963539123535156
old_reserved,identity,5005,9,1,0,0.5,0.5,10.5,11.0,51.75520706176758
old_reserved,identity,5005,10,1,0,0.5,0.5,11.90000057220459,12.40000057220459,61.25
old_reserved,identity,5005,11,1,0,0.5,0.5,20.600000381469727,21.100000381469727,62.786468505859375
old_reserved,identity,5005,12,1,0,0.5,0.5,18.30000114440918,18.100000381469727,68.640625
old_reserved,identity,5005,13,1,0,0.5,0.5,9.199999809265137,9.5,73.875
old_reserved,identity,5005,14,1,0,0.5,0.5,9.5,9.5,77.46353149414062
old_reserved,identity,5005,15,1,0,0.5,0.5,9.300000190734863,9.300000190734863,84.31771850585938
old_reserved,identity,5005,16,1,0,0.5,0.5,9.300000190734863,9.300000190734863,97.47916412353516
old_reserved,identity,5005,17,1,0,0.5,0.5,9.800000190734863,9.0,92.92708587646484
old_reserved,identity,5005,18,1,0,0.5,0.5,9.300000190734863,9.100000381469727,93.08332824707031
old_reserved,identity,5005,19,1,0,0.5,0.5,9.699999809265137,9.199999809265137,101.02603149414062
old_reserved,identity,5005,20,1,0,0.5,0.5,9.100000381469727,9.5,107.125
old_reserved,identity,5005,21,1,0,0.5,0.5,9.699999809265137,9.100000381469727,106.96354675292969
old_reserved,identity,5005,22,1,0,0.5,0.5,9.800000190734863,9.40000057220459,117.140625
old_reserved,identity,5005,23,1,0,0.5,0.5,9.40000057220459,9.5,112.06771850585938
old_reserved,identity,5005,24,1,0,0.5,0.5,13.300000190734863,17.399999618530273,121.56250762939453
old_reserved,identity,5005,25,1,0,0.5,0.5,18.30000114440918,23.80000114440918,121.97396850585938
old_reserved,identity,5005,26,1,0,0.5,0.5,11.199999809265137,12.5,121.67709350585938
old_reserved,identity,5005,27,1,0,0.5,0.5,15.100000381469727,17.5,128.53125
old_reserved,identity,5005,28,1,0,0.5,0.5,11.199999809265137,12.800000190734863,148.6145782470703
old_reserved,identity,5005,29,1,0,0.5,0.5,12.100000381469727,13.40000057220459,140.75001525878906
old_reserved,identity,5005,30,1,0,0.5,0.5,9.800000190734863,10.90000057220459,146.30209350585938
old_reserved,identity,5005,31,1,0,0.5,0.5,9.90000057220459,9.90000057220459,151.76040649414062
old_reserved,identity,5005,32,1,0,0.5,0.5,10.0,10.5,162.0104217529297
old_reserved,identity,5005,33,1,0,0.5,0.5,9.300000190734863,9.600000381469727,165.40101623535156
old_reserved,identity,5005,34,1,0,0.5,0.5,10.199999809265137,10.699999809265137,173.1875
old_reserved,identity,5005,35,1,0,0.5,0.5,10.800000190734863,15.90000057220459,179.36459350585938
old_reserved,identity,5005,36,1,0,0.5,0.5,12.100000381469727,83.80000305175781,201.78121948242188
old_reserved,identity,5005,37,1,0,0.5,0.5,92.4000015258789,135.10000610351562,212.03125
old_reserved,identity,5005,38,1,0,0.5,0.5,144.10000610351562,222.90000915527344,220.3541717529297
old_reserved,identity,5005,39,1,0,0.5,0.5,154.0,226.0,238.35939025878906
old_reserved,identity,5005,40,1,0,0.5,0.5,164.8000030517578,246.40000915527344,232.5625
old_reserved,identity,5005,41,1,0,0.5,0.5,176.1999969482422,244.0,239.53121948242188
old_reserved,identity,5005,42,1,0,0.5,0.5,173.60000610351562,242.1999969482422,264.89581298828125
old_reserved,identity,5005,43,1,0,0.5,0.5,158.40000915527344,214.1999969482422,272.9166564941406
old_reserved,identity,5005,44,1,0,0.5,0.5,163.10000610351562,262.5,286.0
old_reserved,identity,5005,45,1,0,0.5,0.5,132.5,170.1999969482422,279.10418701171875
old_reserved,identity,5005,46,1,0,0.5,0.5,124.5,158.0,292.15625
old_reserved,identity,5005,47,1,0,0.5,0.5,75.0999984741211,185.90000915527344,288.0260009765625
old_reserved,identity,5005,48,1,0,0.5,0.5,127.0999984741211,272.20001220703125,310.33856201171875
old_reserved,identity,5005,49,1,0,0.5,0.5,97.5,279.70001220703125,316.8229064941406
old_reserved,identity,5005,50,1,0,0.5,0.5,82.0,180.8000030517578,310.93231201171875
old_reserved,identity,5005,51,1,0,0.5,0.5,78.0,365.5,319.234375
old_reserved,identity,5005,52,1,0,0.5,0.5,86.80000305175781,238.40000915527344,344.921875
old_reserved,identity,5005,53,1,0,0.5,0.5,330.8000183105469,234.8000030517578,349.953125
old_reserved,identity,5005,54,1,0,0.5,0.5,37.79999923706055,23.700000762939453,351.671875
old_reserved,identity,5005,55,1,0,0.5,0.5,36.5,17.0,328.796875
old_reserved,identity,5005,56,1,0,0.5,0.5,78.5999984741211,18.5,338.10418701171875
old_reserved,identity,5005,57,1,0,0.5,0.5,396.3999938964844,291.6000061035156,356.8385314941406
old_reserved,identity,5005,58,1,0,0.5,0.5,500.0,500.0,363.09375
old_reserved,identity,5005,59,1,0,0.5,0.5,500.0,500.0,381.9114685058594
old_reserved,identity,5005,60,1,0,0.5,0.5,500.0,500.0,393.03125
old_reserved,identity,5005,61,1,0,0.5,0.5,500.0,500.0,386.8385314941406
old_reserved,identity,5005,62,1,0,0.5,0.5,500.0,487.8000183105469,356.875
old_reserved,identity,5005,63,1,0,0.5,0.5,500.0,500.0,381.9166564941406
old_reserved,identity,5005,64,1,0,0.5,0.5,500.0,500.0,365.41668701171875
old_reserved,identity,5005,65,1,0,0.5,0.5,500.0,487.8000183105469,383.46875
old_reserved,identity,5005,66,1,0,0.5,0.5,487.8000183105469,54.29999923706055,361.3125
old_reserved,identity,5005,67,1,0,0.5,0.5,500.0,496.0,370.4739685058594
old_reserved,identity,5005,68,1,0,0.5,0.5,500.0,500.0,341.3802185058594
old_reserved,identity,5005,69,1,0,0.5,0.5,500.0,500.0,381.1145935058594
old_reserved,identity,5005,70,1,0,0.5,0.5,500.0,500.0,398.4375
old_reserved,identity,5005,71,1,0,0.5,0.5,500.0,500.0,401.140625
old_reserved,identity,5005,72,1,0,0.5,0.5,500.0,468.8999938964844,409.08331298828125
old_reserved,identity,5005,73,1,0,0.5,0.5,500.0,500.0,398.94793701171875
old_reserved,identity,5005,74,1,0,0.5,0.5,500.0,500.0,413.328125
old_reserved,identity,5005,75,1,0,0.5,0.5,500.0,500.0,426.890625
old_reserved,identity,5005,76,1,0,0.5,0.5,500.0,500.0,421.41668701171875
old_reserved,identity,5005,77,1,0,0.5,0.5,500.0,500.0,413.4166564941406
old_reserved,identity,5005,78,1,0,0.5,0.5,500.0,500.0,391.78125
old_reserved,identity,5005,79,1,0,0.5,0.5,500.0,500.0,387.36456298828125
old_reserved,identity,5005,80,2,1,0.5,0.5,500.0,500.0,379.6041259765625
old_reserved,identity,5005,81,2,1,0.5,0.5,500.0,500.0,413.51043701171875
old_reserved,identity,5005,82,2,1,0.5,0.5,500.0,500.0,443.6822814941406
old_reserved,identity,5005,83,2,1,0.5,0.5,500.0,500.0,401.9166564941406
old_reserved,identity,5005,84,2,1,0.5,0.5,500.0,500.0,431.88018798828125
old_reserved,identity,5005,85,2,1,0.5,0.5,500.0,500.0,441.8645935058594
old_reserved,identity,5005,86,2,1,0.5,0.5,500.0,500.0,424.18231201171875
old_reserved,identity,5005,87,2,1,0.5,0.5,500.0,500.0,435.45831298828125
old_reserved,identity,5005,88,2,1,0.5,0.5,500.0,500.0,448.33856201171875
old_reserved,identity,5005,89,2,1,0.5,0.5,500.0,500.0,432.859375
old_reserved,identity,5005,90,2,1,0.5,0.5,500.0,500.0,445.859375
old_reserved,identity,5005,91,2,1,0.5,0.5,500.0,500.0,423.8228759765625
old_reserved,identity,5005,92,2,1,0.5,0.5,500.0,500.0,437.54168701171875
old_reserved,identity,5005,93,2,1,0.5,0.5,500.0,500.0,448.02606201171875
old_reserved,identity,5005,94,2,1,0.5,0.5,500.0,500.0,463.88543701171875
old_reserved,identity,5005,95,2,1,0.5,0.5,500.0,500.0,444.29168701171875
old_reserved,identity,5005,96,2,1,0.5,0.5,500.0,500.0,473.0
old_reserved,identity,5005,97,2,1,0.5,0.5,500.0,500.0,485.3958435058594
old_reserved,identity,5005,98,2,1,0.5,0.5,500.0,500.0,457.69793701171875
old_reserved,identity,5005,99,2,1,0.5,0.5,500.0,500.0,457.2083740234375
old_reserved,identity,5005,100,2,1,0.5,0.5,500.0,500.0,441.5
old_reserved,identity,5005,101,2,1,0.5,0.5,500.0,500.0,440.83331298828125
old_reserved,identity,5005,102,2,1,0.5,0.5,500.0,500.0,452.9635314941406
old_reserved,identity,5005,103,2,1,0.5,0.5,500.0,461.70001220703125,445.71356201171875
old_reserved,identity,5005,104,2,1,0.5,0.5,438.8999938964844,140.90000915527344,445.453125
old_reserved,identity,5005,105,2,1,0.5,0.5,500.0,401.20001220703125,420.40625
old_reserved,identity,5005,106,2,1,0.5,0.5,500.0,451.1000061035156,460.4739685058594
old_reserved,identity,5005,107,2,1,0.5,0.5,500.0,500.0,470.53643798828125
old_reserved,identity,5005,108,2,1,0.5,0.5,500.0,500.0,476.52081298828125
old_reserved,identity,5005,109,2,1,0.5,0.5,500.0,500.0,477.9791564941406
old_reserved,identity,5005,110,2,1,0.5,0.5,500.0,500.0,470.1510314941406
old_reserved,identity,5005,111,2,1,0.5,0.5,500.0,500.0,481.65106201171875
old_reserved,identity,5005,112,2,1,0.5,0.5,500.0,500.0,462.3750305175781
old_reserved,identity,5005,113,2,1,0.5,0.5,500.0,500.0,475.8802185058594
old_reserved,identity,5005,114,2,1,0.5,0.5,500.0,500.0,481.32293701171875
old_reserved,identity,5005,115,2,1,0.5,0.5,500.0,500.0,484.4635314941406
old_reserved,identity,5005,116,2,1,0.5,0.5,500.0,500.0,481.578125
old_reserved,identity,5005,117,2,1,0.5,0.5,500.0,500.0,481.25518798828125
old_reserved,identity,5005,118,2,1,0.5,0.5,500.0,500.0,479.609375
old_reserved,identity,5005,119,2,1,0.5,0.5,500.0,500.0,481.03125
old_reserved,identity,5005,120,2,1,0.5,0.5,500.0,500.0,466.8541564941406
old_reserved,identity,5005,121,2,1,0.5,0.5,500.0,124.4000015258789,463.93231201171875
old_reserved,identity,5005,122,2,1,0.5,0.5,500.0,75.80000305175781,471.0677185058594
old_reserved,identity,5005,123,2,1,0.5,0.5,500.0,373.70001220703125,467.921875
old_reserved,identity,5005,124,2,1,0.5,0.5,500.0,500.0,464.3854064941406
old_reserved,identity,5005,125,2,1,0.5,0.5,500.0,500.0,465.41143798828125
old_reserved,identity,5005,126,2,1,0.5,0.5,500.0,500.0,458.8541564941406
old_reserved,identity,5005,127,2,1,0.5,0.5,500.0,500.0,480.8385009765625
old_reserved,identity,5005,128,2,1,0.5,0.5,500.0,500.0,480.41668701171875
old_reserved,identity,5005,129,2,1,0.5,0.5,500.0,500.0,474.58856201171875
old_reserved,identity,5005,130,2,1,0.5,0.5,500.0,500.0,479.03643798828125
old_reserved,identity,5005,131,2,1,0.5,0.5,500.0,500.0,479.60418701171875
old_reserved,identity,5005,132,2,1,0.5,0.5,500.0,500.0,461.17706298828125
old_reserved,identity,5005,133,2,1,0.5,0.5,500.0,500.0,494.328125
old_reserved,identity,5005,134,2,1,0.5,0.5,500.0,500.0,470.4166564941406
old_reserved,identity,5005,135,2,1,0.5,0.5,500.0,500.0,487.3802185058594
old_reserved,identity,5005,136,2,1,0.5,0.5,500.0,500.0,471.3333740234375
old_reserved,identity,5005,137,2,1,0.5,0.5,500.0,500.0,482.0625
old_reserved,identity,5005,138,2,1,0.5,0.5,500.0,500.0,487.01043701171875
old_reserved,identity,5005,139,2,1,0.5,0.5,500.0,500.0,495.203125
old_reserved,identity,5005,140,2,1,0.5,0.5,500.0,500.0,485.72393798828125
old_reserved,identity,5005,141,2,1,0.5,0.5,500.0,500.0,458.7864990234375
old_reserved,identity,5005,142,2,1,0.5,0.5,500.0,500.0,490.0520935058594
old_reserved,identity,5005,143,2,1,0.5,0.5,500.0,500.0,478.38543701171875
old_reserved,identity,5005,144,2,1,0.5,0.5,500.0,500.0,483.27606201171875
old_reserved,identity,5005,145,2,1,0.5,0.5,500.0,500.0,491.0104064941406
old_reserved,identity,5005,146,2,1,0.5,0.5,500.0,500.0,458.765625
old_reserved,identity,5005,147,2,1,0.5,0.5,500.0,500.0,464.28125
old_reserved,identity,5005,148,2,1,0.5,0.5,500.0,500.0,468.8385314941406
old_reserved,identity,5005,149,2,1,0.5,0.5,500.0,500.0,491.27606201171875
old_reserved,identity,5005,150,2,1,0.5,0.5,500.0,500.0,473.234375
old_reserved,identity,5005,151,2,1,0.5,0.5,500.0,500.0,484.8125
old_reserved,identity,5005,152,2,1,0.5,0.5,500.0,500.0,482.16143798828125
old_reserved,identity,5005,153,2,1,0.5,0.5,500.0,500.0,497.859375
old_reserved,identity,5005,154,2,1,0.5,0.5,500.0,500.0,488.1458435058594
old_reserved,identity,5005,155,2,1,0.5,0.5,500.0,500.0,484.78643798828125
old_reserved,identity,5005,156,2,1,0.5,0.5,500.0,500.0,493.47918701171875
old_reserved,identity,5005,157,2,1,0.5,0.5,500.0,500.0,481.36981201171875
old_reserved,identity,5005,158,2,1,0.5,0.5,500.0,500.0,486.63543701171875
old_reserved,identity,5005,159,2,1,0.5,0.5,500.0,500.0,491.828125
old_reserved,identity,5005,160,3,0,0.5,0.5,500.0,500.0,432.015625
old_reserved,identity,5005,161,3,0,0.5,0.5,500.0,500.0,461.390625
old_reserved,identity,5005,162,3,0,0.5,0.5,500.0,500.0,459.4583435058594
old_reserved,identity,5005,163,3,0,0.5,0.5,500.0,500.0,463.78125
old_reserved,identity,5005,164,3,0,0.5,0.5,500.0,500.0,466.08331298828125
old_reserved,identity,5005,165,3,0,0.5,0.5,500.0,500.0,489.9583435058594
old_reserved,identity,5005,166,3,0,0.5,0.5,500.0,500.0,464.203125
old_reserved,identity,5005,167,3,0,0.5,0.5,500.0,500.0,476.625
old_reserved,identity,5005,168,3,0,0.5,0.5,500.0,500.0,485.625
old_reserved,identity,5005,169,3,0,0.5,0.5,500.0,500.0,489.34893798828125
old_reserved,identity,5005,170,3,0,0.5,0.5,500.0,500.0,476.3489685058594
old_reserved,identity,5005,171,3,0,0.5,0.5,500.0,500.0,465.046875
old_reserved,identity,5005,172,3,0,0.5,0.5,500.0,500.0,482.20831298828125
old_reserved,identity,5005,173,3,0,0.5,0.5,500.0,500.0,479.046875
old_reserved,identity,5005,174,3,0,0.5,0.5,500.0,500.0,484.296875
old_reserved,identity,5005,175,3,0,0.5,0.5,500.0,500.0,479.6927185058594
old_reserved,identity,5005,176,3,0,0.5,0.5,500.0,500.0,469.6458435058594
old_reserved,identity,5005,177,3,0,0.5,0.5,500.0,500.0,484.36456298828125
old_reserved,identity,5005,178,3,0,0.5,0.5,500.0,500.0,463.32293701171875
old_reserved,identity,5005,179,3,0,0.5,0.5,500.0,500.0,484.4270935058594
old_reserved,identity,5005,180,3,0,0.5,0.5,500.0,500.0,444.3645935058594
old_reserved,identity,5005,181,3,0,0.5,0.5,500.0,500.0,439.7395935058594
old_reserved,identity,5005,182,3,0,0.5,0.5,500.0,500.0,457.0729064941406
old_reserved,identity,5005,183,3,0,0.5,0.5,500.0,500.0,487.0104064941406
old_reserved,identity,5005,184,3,0,0.5,0.5,500.0,500.0,464.90625
old_reserved,identity,5005,185,3,0,0.5,0.5,500.0,500.0,475.38543701171875
old_reserved,identity,5005,186,3,0,0.5,0.5,500.0,500.0,490.1354064941406
old_reserved,identity,5005,187,3,0,0.5,0.5,500.0,500.0,492.3958435058594
old_reserved,identity,5005,188,3,0,0.5,0.5,500.0,500.0,465.41143798828125
old_reserved,identity,5005,189,3,0,0.5,0.5,500.0,500.0,489.66668701171875
old_reserved,identity,5005,190,3,0,0.5,0.5,500.0,500.0,483.09375
old_reserved,identity,5005,191,3,0,0.5,0.5,500.0,500.0,490.8125
old_reserved,identity,5005,192,3,0,0.5,0.5,500.0,500.0,476.0625
old_reserved,identity,5005,193,3,0,0.5,0.5,500.0,494.1000061035156,495.34375
old_reserved,identity,5005,194,3,0,0.5,0.5,500.0,500.0,490.63543701171875
old_reserved,identity,5005,195,3,0,0.5,0.5,500.0,498.0,486.390625
old_reserved,identity,5005,196,3,0,0.5,0.5,500.0,495.3000183105469,494.5989685058594
old_reserved,identity,5005,197,3,0,0.5,0.5,500.0,500.0,482.96875
old_reserved,identity,5005,198,3,0,0.5,0.5,500.0,500.0,499.94793701171875
old_reserved,identity,5005,199,3,0,0.5,0.5,500.0,500.0,480.5625
old_reserved,identity,5005,200,3,0,0.5,0.5,500.0,500.0,488.390625
old_reserved,identity,5005,201,3,0,0.5,0.5,500.0,500.0,495.65106201171875
old_reserved,identity,5005,202,3,0,0.5,0.5,500.0,500.0,487.80731201171875
old_reserved,identity,5005,203,3,0,0.5,0.5,500.0,500.0,500.0
old_reserved,identity,5005,204,3,0,0.5,0.5,500.0,500.0,495.1770935058594
old_reserved,identity,5005,205,3,0,0.5,0.5,500.0,500.0,480.04168701171875
old_reserved,identity,5005,206,3,0,0.5,0.5,500.0,500.0,499.86456298828125
old_reserved,identity,5005,207,3,0,0.5,0.5,500.0,500.0,479.328125
old_reserved,identity,5005,208,3,0,0.5,0.5,500.0,500.0,495.50518798828125
old_reserved,identity,5005,209,3,0,0.5,0.5,500.0,500.0,486.64581298828125
old_reserved,identity,5005,210,3,0,0.5,0.5,500.0,500.0,491.86456298828125
old_reserved,identity,5005,211,3,0,0.5,0.5,500.0,500.0,485.94793701171875
old_reserved,identity,5005,212,3,0,0.5,0.5,500.0,500.0,484.21875
old_reserved,identity,5005,213,3,0,0.5,0.5,500.0,500.0,495.65625
old_reserved,identity,5005,214,3,0,0.5,0.5,500.0,500.0,487.7708435058594
old_reserved,identity,5005,215,3,0,0.5,0.5,500.0,500.0,487.4947814941406
old_reserved,identity,5005,216,3,0,0.5,0.5,500.0,500.0,499.56768798828125
old_reserved,identity,5005,217,3,0,0.5,0.5,500.0,500.0,498.4947814941406
old_reserved,identity,5005,218,3,0,0.5,0.5,500.0,500.0,475.49481201171875
old_reserved,identity,5005,219,3,0,0.5,0.5,500.0,500.0,487.15106201171875
old_reserved,identity,5005,220,3,0,0.5,0.5,500.0,500.0,482.02081298828125
old_reserved,identity,5005,221,3,0,0.5,0.5,500.0,500.0,489.6875
old_reserved,identity,5005,222,3,0,0.5,0.5,500.0,500.0,490.3385314941406
old_reserved,identity,5005,223,3,0,0.5,0.5,500.0,500.0,487.73956298828125
old_reserved,identity,5005,224,3,0,0.5,0.5,500.0,500.0,473.1875
old_reserved,identity,5005,225,3,0,0.5,0.5,500.0,500.0,485.1875
old_reserved,identity,5005,226,3,0,0.5,0.5,500.0,500.0,472.234375
old_reserved,identity,5005,227,3,0,0.5,0.5,500.0,500.0,473.953125
old_reserved,identity,5005,228,3,0,0.5,0.5,500.0,500.0,468.35418701171875
old_reserved,identity,5005,229,3,0,0.5,0.5,500.0,500.0,493.45831298828125
old_reserved,identity,5005,230,3,0,0.5,0.5,500.0,500.0,490.71875
old_reserved,identity,5005,231,3,0,0.5,0.5,500.0,500.0,479.20831298828125
old_reserved,identity,5005,232,3,0,0.5,0.5,500.0,500.0,489.4010314941406
old_reserved,identity,5005,233,3,0,0.5,0.5,500.0,500.0,485.9896240234375
old_reserved,identity,5005,234,3,0,0.5,0.5,500.0,500.0,495.23956298828125
old_reserved,identity,5005,235,3,0,0.5,0.5,500.0,500.0,495.75
old_reserved,identity,5005,236,3,0,0.5,0.5,500.0,500.0,496.203125
old_reserved,identity,5005,237,3,0,0.5,0.5,500.0,500.0,483.5572814941406
old_reserved,identity,5005,238,3,0,0.5,0.5,500.0,500.0,497.796875
old_reserved,identity,5005,239,3,0,0.5,0.5,500.0,500.0,496.9270935058594
old_reserved,identity,5005,240,4,1,0.5,0.5,500.0,500.0,487.7395935058594
old_reserved,identity,5005,241,4,1,0.5,0.5,500.0,500.0,469.1614685058594
old_reserved,identity,5005,242,4,1,0.5,0.5,500.0,500.0,498.91668701171875
old_reserved,identity,5005,243,4,1,0.5,0.5,500.0,500.0,490.234375
old_reserved,identity,5005,244,4,1,0.5,0.5,500.0,500.0,497.77606201171875
old_reserved,identity,5005,245,4,1,0.5,0.5,500.0,500.0,487.359375
old_reserved,identity,5005,246,4,1,0.5,0.5,500.0,500.0,499.40625
old_reserved,identity,5005,247,4,1,0.5,0.5,500.0,500.0,488.31768798828125
old_reserved,identity,5005,248,4,1,0.5,0.5,500.0,500.0,495.6197814941406
old_reserved,identity,5005,249,4,1,0.5,0.5,500.0,500.0,490.5260314941406
old_reserved,identity,5005,250,4,1,0.5,0.5,500.0,500.0,488.75
old_reserved,identity,5005,251,4,1,0.5,0.5,500.0,500.0,483.3802185058594
old_reserved,identity,5005,252,4,1,0.5,0.5,500.0,500.0,495.47918701171875
old_reserved,identity,5005,253,4,1,0.5,0.5,500.0,500.0,488.859375
old_reserved,identity,5005,254,4,1,0.5,0.5,500.0,500.0,484.9375
old_reserved,identity,5005,255,4,1,0.5,0.5,500.0,500.0,480.83856201171875
old_reserved,identity,5005,256,4,1,0.5,0.5,500.0,500.0,492.03125
old_reserved,identity,5005,257,4,1,0.5,0.5,500.0,500.0,498.109375
old_reserved,identity,5005,258,4,1,0.5,0.5,500.0,500.0,479.6770935058594
old_reserved,identity,5005,259,4,1,0.5,0.5,500.0,500.0,478.33856201171875
old_reserved,identity,5005,260,4,1,0.5,0.5,500.0,500.0,487.0833435058594
old_reserved,identity,5005,261,4,1,0.5,0.5,500.0,500.0,491.296875
old_reserved,identity,5005,262,4,1,0.5,0.5,500.0,500.0,495.80731201171875
old_reserved,identity,5005,263,4,1,0.5,0.5,500.0,500.0,483.49481201171875
old_reserved,identity,5005,264,4,1,0.5,0.5,500.0,500.0,492.828125
old_reserved,identity,5005,265,4,1,0.5,0.5,500.0,500.0,495.6875
old_reserved,identity,5005,266,4,1,0.5,0.5,500.0,500.0,493.9635314941406
old_reserved,identity,5005,267,4,1,0.5,0.5,500.0,500.0,491.72918701171875
old_reserved,identity,5005,268,4,1,0.5,0.5,500.0,500.0,483.76043701171875
old_reserved,identity,5005,269,4,1,0.5,0.5,500.0,500.0,482.296875
old_reserved,identity,5005,270,4,1,0.5,0.5,500.0,500.0,495.78125
old_reserved,identity,5005,271,4,1,0.5,0.5,500.0,500.0,493.9010314941406
old_reserved,identity,5005,272,4,1,0.5,0.5,500.0,500.0,485.71356201171875
old_reserved,identity,5005,273,4,1,0.5,0.5,500.0,500.0,486.328125
old_reserved,identity,5005,274,4,1,0.5,0.5,500.0,500.0,458.734375
old_reserved,identity,5005,275,4,1,0.5,0.5,500.0,500.0,488.859375
old_reserved,identity,5005,276,4,1,0.5,0.5,500.0,500.0,493.5
old_reserved,identity,5005,277,4,1,0.5,0.5,500.0,500.0,493.3125
old_reserved,identity,5005,278,4,1,0.5,0.5,500.0,500.0,485.75
old_reserved,identity,5005,279,4,1,0.5,0.5,500.0,500.0,478.53125
old_reserved,identity,5005,280,4,1,0.5,0.5,500.0,500.0,479.72918701171875
old_reserved,identity,5005,281,4,1,0.5,0.5,500.0,500.0,494.4583435058594
old_reserved,identity,5005,282,4,1,0.5,0.5,500.0,500.0,492.49481201171875
old_reserved,identity,5005,283,4,1,0.5,0.5,500.0,500.0,485.88543701171875
old_reserved,identity,5005,284,4,1,0.5,0.5,500.0,500.0,483.77081298828125
old_reserved,identity,5005,285,4,1,0.5,0.5,500.0,500.0,483.7708435058594
old_reserved,identity,5005,286,4,1,0.5,0.5,500.0,500.0,466.2604064941406
old_reserved,identity,5005,287,4,1,0.5,0.5,500.0,500.0,459.99481201171875
old_reserved,identity,5005,288,4,1,0.5,0.5,500.0,500.0,491.56768798828125
old_reserved,identity,5005,289,4,1,0.5,0.5,500.0,500.0,499.55206298828125
old_reserved,identity,5005,290,4,1,0.5,0.5,500.0,500.0,487.3541564941406
old_reserved,identity,5005,291,4,1,0.5,0.5,500.0,500.0,488.21875
old_reserved,identity,5005,292,4,1,0.5,0.5,500.0,500.0,475.19793701171875
old_reserved,identity,5005,293,4,1,0.5,0.5,500.0,500.0,488.02081298828125
old_reserved,identity,5005,294,4,1,0.5,0.5,500.0,500.0,492.89581298828125
old_reserved,identity,5005,295,4,1,0.5,0.5,500.0,500.0,491.7083435058594
old_reserved,identity,5005,296,4,1,0.5,0.5,500.0,500.0,482.14581298828125
old_reserved,identity,5005,297,4,1,0.5,0.5,500.0,500.0,491.34893798828125
old_reserved,identity,5005,298,4,1,0.5,0.5,500.0,500.0,491.46356201171875
old_reserved,identity,5005,299,4,1,0.5,0.5,500.0,500.0,484.4479064941406
old_reserved,identity,5005,300,4,1,0.5,0.5,500.0,500.0,483.9895935058594
old_reserved,identity,5005,301,4,1,0.5,0.5,500.0,500.0,498.91668701171875
old_reserved,identity,5005,302,4,1,0.5,0.5,500.0,500.0,493.015625
old_reserved,identity,5005,303,4,1,0.5,0.5,500.0,500.0,498.80206298828125
old_reserved,identity,5005,304,4,1,0.5,0.5,500.0,500.0,494.83331298828125
old_reserved,identity,5005,305,4,1,0.5,0.5,500.0,500.0,497.546875
old_reserved,identity,5005,306,4,1,0.5,0.5,500.0,500.0,488.46356201171875
old_reserved,identity,5005,307,4,1,0.5,0.5,500.0,500.0,494.6197814941406
old_reserved,identity,5005,308,4,1,0.5,0.5,500.0,500.0,481.78643798828125
old_reserved,identity,5005,309,4,1,0.5,0.5,500.0,500.0,499.3489685058594
old_reserved,identity,5005,310,4,1,0.5,0.5,500.0,500.0,495.0364685058594
old_reserved,identity,5005,311,4,1,0.5,0.5,500.0,500.0,500.0
old_reserved,identity,5005,312,4,1,0.5,0.5,500.0,500.0,500.0
old_reserved,identity,5005,313,4,1,0.5,0.5,500.0,500.0,496.59893798828125
old_reserved,identity,5005,314,4,1,0.5,0.5,500.0,500.0,495.640625
old_reserved,identity,5005,315,4,1,0.5,0.5,500.0,500.0,499.77606201171875
old_reserved,identity,5005,316,4,1,0.5,0.5,500.0,500.0,496.02081298828125
old_reserved,identity,5005,317,4,1,0.5,0.5,500.0,500.0,493.59375
old_reserved,identity,5005,318,4,1,0.5,0.5,500.0,500.0,497.0677185058594
old_reserved,identity,5005,319,4,1,0.5,0.5,500.0,500.0,492.65625
old_reserved,arithmetic,5001,0,1,0,0.5,0.5047095417976379,9.0,9.40000057220459,12.90625
old_reserved,arithmetic,5001,1,1,0,0.5047095417976379,0.4984399378299713,9.600000381469727,9.300000190734863,17.078125
old_reserved,arithmetic,5001,2,1,0,0.4984399378299713,0.4876549541950226,8.600000381469727,9.199999809265137,23.359375
old_reserved,arithmetic,5001,3,1,0,0.4876549541950226,0.46970653533935547,9.699999809265137,9.0,26.791671752929688
old_reserved,arithmetic,5001,4,1,0,0.46970653533935547,0.45100709795951843,9.699999809265137,9.40000057220459,28.260417938232422
old_reserved,arithmetic,5001,5,1,0,0.45100709795951843,0.43849924206733704,17.200000762939453,11.0,40.390625
old_reserved,arithmetic,5001,6,1,0,0.43849924206733704,0.43035396933555603,27.5,17.30000114440918,51.18229675292969
old_reserved,arithmetic,5001,7,1,0,0.43035396933555603,0.4158119261264801,30.100000381469727,15.600000381469727,60.447914123535156
old_reserved,arithmetic,5001,8,1,0,0.4158119261264801,0.4030187427997589,117.9000015258789,14.5,77.39060974121094
old_reserved,arithmetic,5001,9,1,0,0.4030187427997589,0.3894003927707672,69.80000305175781,123.30000305175781,80.53124237060547
old_reserved,arithmetic,5001,10,1,0,0.3894003927707672,0.3738979995250702,121.5999984741211,12.40000057220459,88.890625
old_reserved,arithmetic,5001,11,1,0,0.3738979995250702,0.35789263248443604,133.90000915527344,320.5,89.86457824707031
old_reserved,arithmetic,5001,12,1,0,0.35789263248443604,0.3490562438964844,159.3000030517578,15.90000057220459,107.71875
old_reserved,arithmetic,5001,13,1,0,0.3490562438964844,0.3372613191604614,176.8000030517578,376.1000061035156,118.86979675292969
old_reserved,arithmetic,5001,14,1,0,0.3372613191604614,0.32282426953315735,271.1000061035156,194.10000610351562,138.2135467529297
old_reserved,arithmetic,5001,15,1,0,0.32282426953315735,0.30997234582901,465.0,500.0,149.453125
old_reserved,arithmetic,5001,16,1,0,0.30997234582901,0.2985636293888092,183.1999969482422,311.1000061035156,154.39060974121094
old_reserved,arithmetic,5001,17,1,0,0.2985636293888092,0.2866775393486023,214.5,265.3000183105469,166.25521850585938
old_reserved,arithmetic,5001,18,1,0,0.2866775393486023,0.27699044346809387,186.10000610351562,167.40000915527344,206.078125
old_reserved,arithmetic,5001,19,1,0,0.27699044346809387,0.2693086266517639,30.30000114440918,22.100000381469727,236.13540649414062
old_reserved,arithmetic,5001,20,1,0,0.2693086266517639,0.2610228657722473,470.8000183105469,38.5,261.20306396484375
old_reserved,arithmetic,5001,21,1,0,0.2610228657722473,0.2522026598453522,275.1000061035156,18.5,290.9739685058594
old_reserved,arithmetic,5001,22,1,0,0.2522026598453522,0.23990260064601898,17.0,9.199999809265137,361.796875
old_reserved,arithmetic,5001,23,1,0,0.23990260064601898,0.22820241749286652,13.600000381469727,9.5,351.53125
old_reserved,arithmetic,5001,24,1,0,0.22820241749286652,0.21707285940647125,9.5,9.199999809265137,325.8020935058594
old_reserved,arithmetic,5001,25,1,0,0.21707285940647125,0.20648609101772308,9.699999809265137,9.199999809265137,356.77606201171875
old_reserved,arithmetic,5001,26,1,0,0.20648609101772308,0.19641564786434174,10.100000381469727,9.5,355.39581298828125
old_reserved,arithmetic,5001,27,1,0,0.19641564786434174,0.1868363469839096,8.90000057220459,9.40000057220459,394.35418701171875
old_reserved,arithmetic,5001,28,1,0,0.1868363469839096,0.17772424221038818,104.80000305175781,12.300000190734863,396.94268798828125
old_reserved,arithmetic,5001,29,1,0,0.17772424221038818,0.16905653476715088,128.0,11.300000190734863,439.25518798828125
old_reserved,arithmetic,5001,30,1,0,0.16905653476715088,0.16081155836582184,157.8000030517578,9.40000057220459,433.43231201171875
old_reserved,arithmetic,5001,31,1,0,0.16081155836582184,0.15296868979930878,83.4000015258789,9.100000381469727,423.375
old_reserved,arithmetic,5001,32,1,0,0.15296868979930878,0.1455083191394806,108.0,10.100000381469727,450.8072814941406
old_reserved,arithmetic,5001,33,1,0,0.1455083191394806,0.13841180503368378,98.20000457763672,15.40000057220459,437.2760314941406
old_reserved,arithmetic,5001,34,1,0,0.13841180503368378,0.13166138529777527,94.4000015258789,15.100000381469727,434.09375
old_reserved,arithmetic,5001,35,1,0,0.13166138529777527,0.12524019181728363,107.80000305175781,11.100000381469727,444.203125
old_reserved,arithmetic,5001,36,1,0,0.12524019181728363,0.1191321611404419,77.0,9.300000190734863,441.2291564941406
old_reserved,arithmetic,5001,37,1,0,0.1191321611404419,0.11332201957702637,59.0,9.300000190734863,466.234375
old_reserved,arithmetic,5001,38,1,0,0.11332201957702637,0.10779524594545364,235.40000915527344,9.40000057220459,443.296875
old_reserved,arithmetic,5001,39,1,0,0.10779524594545364,0.10253801196813583,495.70001220703125,9.800000190734863,437.44268798828125
old_reserved,arithmetic,5001,40,1,0,0.10253801196813583,0.09753717482089996,441.0,14.40000057220459,480.140625
old_reserved,arithmetic,5001,41,1,0,0.09753717482089996,0.0927802324295044,154.10000610351562,10.0,457.22393798828125
old_reserved,arithmetic,5001,42,1,0,0.0927802324295044,0.08825528621673584,500.0,12.199999809265137,450.6718444824219
old_reserved,arithmetic,5001,43,1,0,0.08825528621673584,0.08395102620124817,500.0,10.40000057220459,454.1875
old_reserved,arithmetic,5001,44,1,0,0.08395102620124817,0.07985668629407883,500.0,9.5,473.08856201171875
old_reserved,arithmetic,5001,45,1,0,0.07985668629407883,0.07596202939748764,500.0,9.800000190734863,476.82293701171875
old_reserved,arithmetic,5001,46,1,0,0.07596202939748764,0.07225731760263443,353.6000061035156,9.90000057220459,479.28125
old_reserved,arithmetic,5001,47,1,0,0.07225731760263443,0.06873328983783722,500.0,8.90000057220459,496.8385314941406
old_reserved,arithmetic,5001,48,1,0,0.06873328983783722,0.06538113206624985,13.199999809265137,9.5,494.90106201171875
old_reserved,arithmetic,5001,49,1,0,0.06538113206624985,0.06219245865941048,369.5,9.0,494.89581298828125
old_reserved,arithmetic,5001,50,1,0,0.06219245865941048,0.0591592974960804,451.0,9.5,486.4739685058594
old_reserved,arithmetic,5001,51,1,0,0.0591592974960804,0.05627406761050224,451.0,9.5,487.60418701171875
old_reserved,arithmetic,5001,52,1,0,0.05627406761050224,0.05352954939007759,500.0,9.600000381469727,492.16143798828125
old_reserved,arithmetic,5001,53,1,0,0.05352954939007759,0.050918884575366974,463.3000183105469,9.699999809265137,484.58331298828125
old_reserved,arithmetic,5001,54,1,0,0.050918884575366974,0.04843554273247719,500.0,9.199999809265137,493.2239685058594
old_reserved,arithmetic,5001,55,1,0,0.04843554273247719,0.0460733138024807,500.0,9.5,498.90625
old_reserved,arithmetic,5001,56,1,0,0.0460733138024807,0.04382629320025444,500.0,9.800000190734863,494.75
old_reserved,arithmetic,5001,57,1,0,0.04382629320025444,0.04168885946273804,500.0,10.100000381469727,492.36456298828125
old_reserved,arithmetic,5001,58,1,0,0.04168885946273804,0.039655670523643494,500.0,10.0,498.921875
old_reserved,arithmetic,5001,59,1,0,0.039655670523643494,0.03772164136171341,500.0,9.40000057220459,499.4375
old_reserved,arithmetic,5001,60,1,0,0.03772164136171341,0.03588193655014038,500.0,9.699999809265137,500.0
old_reserved,arithmetic,5001,61,1,0,0.03588193655014038,0.03413195535540581,500.0,9.699999809265137,497.4010314941406
old_reserved,arithmetic,5001,62,1,0,0.03413195535540581,0.032467320561409,500.0,9.800000190734863,496.38543701171875
old_reserved,arithmetic,5001,63,1,0,0.032467320561409,0.030883871018886566,490.8999938964844,10.100000381469727,491.03125
old_reserved,arithmetic,5001,64,1,0,0.030883871018886566,0.0293776486068964,476.3999938964844,9.40000057220459,496.3125
old_reserved,arithmetic,5001,65,1,0,0.0293776486068964,0.027944885194301605,458.6000061035156,9.199999809265137,498.27606201171875
old_reserved,arithmetic,5001,66,1,0,0.027944885194301605,0.02658199705183506,500.0,9.699999809265137,498.25
old_reserved,arithmetic,5001,67,1,0,0.02658199705183506,0.02528557926416397,500.0,10.0,496.6302185058594
old_reserved,arithmetic,5001,68,1,0,0.02528557926416397,0.024052387103438377,412.20001220703125,9.5,491.5520935058594
old_reserved,arithmetic,5001,69,1,0,0.024052387103438377,0.02287933975458145,476.1000061035156,9.699999809265137,496.29168701171875
old_reserved,arithmetic,5001,70,1,0,0.02287933975458145,0.021763501688838005,404.6000061035156,9.5,495.1875
old_reserved,arithmetic,5001,71,1,0,0.021763501688838005,0.02070208452641964,290.5,9.40000057220459,496.765625
old_reserved,arithmetic,5001,72,1,0,0.02070208452641964,0.01969243213534355,348.8000183105469,9.699999809265137,499.33856201171875
old_reserved,arithmetic,5001,73,1,0,0.01969243213534355,0.018732020631432533,276.1000061035156,10.5,500.0
old_reserved,arithmetic,5001,74,1,0,0.018732020631432533,0.017818449065089226,392.20001220703125,9.600000381469727,495.61981201171875
old_reserved,arithmetic,5001,75,1,0,0.017818449065089226,0.016949433833360672,356.3000183105469,9.600000381469727,499.5208435058594
old_reserved,arithmetic,5001,76,1,0,0.016949433833360672,0.01612280122935772,367.3000183105469,9.40000057220459,496.5677185058594
old_reserved,arithmetic,5001,77,1,0,0.01612280122935772,0.015336483716964722,345.20001220703125,10.0,500.0
old_reserved,arithmetic,5001,78,1,0,0.015336483716964722,0.014588515274226665,395.20001220703125,9.90000057220459,498.875
old_reserved,arithmetic,5001,79,1,0,0.014588515274226665,0.013877025805413723,378.20001220703125,9.800000190734863,500.0
old_reserved,arithmetic,5001,80,2,1,0.013877025805413723,0.013964029029011726,9.600000381469727,302.20001220703125,12.473958015441895
old_reserved,arithmetic,5001,81,2,1,0.013964029029011726,0.014095556922256947,19.399999618530273,500.0,15.244791030883789
old_reserved,arithmetic,5001,82,2,1,0.014095556922256947,0.014317529276013374,24.600000381469727,500.0,20.4375
old_reserved,arithmetic,5001,83,2,1,0.014317529276013374,0.014542996883392334,25.0,500.0,22.932289123535156
old_reserved,arithmetic,5001,84,2,1,0.014542996883392334,0.014679978601634502,25.5,500.0,23.20833396911621
old_reserved,arithmetic,5001,85,2,1,0.014679978601634502,0.014772015623748302,23.899999618530273,500.0,23.963542938232422
old_reserved,arithmetic,5001,86,2,1,0.014772015623748302,0.014772015623748302,24.700000762939453,500.0,23.90625
old_reserved,arithmetic,5001,87,2,1,0.014772015623748302,0.014542996883392334,21.30000114440918,500.0,24.968746185302734
old_reserved,arithmetic,5001,88,2,1,0.014542996883392334,0.014183929190039635,21.5,500.0,25.609375
old_reserved,arithmetic,5001,89,2,1,0.014183929190039635,0.014407292939722538,25.0,500.0,25.927082061767578
old_reserved,arithmetic,5001,90,2,1,0.014407292939722538,0.014497620984911919,24.700000762939453,500.0,25.55729103088379
old_reserved,arithmetic,5001,91,2,1,0.014497620984911919,0.0143175283446908,26.0,500.0,27.536460876464844
old_reserved,arithmetic,5001,92,2,1,0.0143175283446908,0.014139672741293907,26.200000762939453,500.0,28.536457061767578
old_reserved,arithmetic,5001,93,2,1,0.014139672741293907,0.014183927327394485,31.5,500.0,32.57292175292969
old_reserved,arithmetic,5001,94,2,1,0.014183927327394485,0.01431752648204565,30.600000381469727,500.0,35.65625
old_reserved,arithmetic,5001,95,2,1,0.01431752648204565,0.01454299408942461,52.5,500.0,42.25
old_reserved,arithmetic,5001,96,2,1,0.01454299408942461,0.014497618190944195,41.10000228881836,500.0,47.640625
old_reserved,arithmetic,5001,97,2,1,0.014497618190944195,0.014725921675562859,49.5,500.0,56.859375
old_reserved,arithmetic,5001,98,2,1,0.014725921675562859,0.014588511548936367,38.400001525878906,500.0,61.703121185302734
old_reserved,arithmetic,5001,99,2,1,0.014588511548936367,0.014725921675562859,82.9000015258789,500.0,68.55209350585938
old_reserved,arithmetic,5001,100,2,1,0.014725921675562859,0.014588511548936367,79.9000015258789,500.0,75.171875
old_reserved,arithmetic,5001,101,2,1,0.014588511548936367,0.01463417150080204,63.29999923706055,500.0,78.58855438232422
old_reserved,arithmetic,5001,102,2,1,0.01463417150080204,0.014588510617613792,115.0999984741211,500.0,85.80207824707031
old_reserved,arithmetic,5001,103,2,1,0.014588510617613792,0.014634170569479465,102.30000305175781,500.0,93.44271087646484
old_reserved,arithmetic,5001,104,2,1,0.014634170569479465,0.014588509686291218,85.70000457763672,500.0,103.07290649414062
old_reserved,arithmetic,5001,105,2,1,0.014588509686291218,0.014407288283109665,111.4000015258789,500.0,100.15625
old_reserved,arithmetic,5001,106,2,1,0.014407288283109665,0.014452381059527397,127.9000015258789,500.0,100.41146087646484
old_reserved,arithmetic,5001,107,2,1,0.014452381059527397,0.014272850938141346,117.4000015258789,500.0,107.828125
old_reserved,arithmetic,5001,108,2,1,0.014272850938141346,0.014139669016003609,154.6999969482422,500.0,112.52084350585938
old_reserved,arithmetic,5001,109,2,1,0.014139669016003609,0.014051571488380432,135.8000030517578,500.0,114.43750762939453
old_reserved,arithmetic,5001,110,2,1,0.014051571488380432,0.013920454308390617,103.30000305175781,500.0,125.47915649414062
old_reserved,arithmetic,5001,111,2,1,0.013920454308390617,0.013704637065529823,96.0,500.0,122.61457824707031
old_reserved,arithmetic,5001,112,2,1,0.013704637065529823,0.013241545297205448,143.8000030517578,500.0,122.00521850585938
old_reserved,arithmetic,5001,113,2,1,0.013241545297205448,0.012955031357705593,154.0,500.0,128.27081298828125
old_reserved,arithmetic,5001,114,2,1,0.012955031357705593,0.012874314561486244,121.30000305175781,500.0,134.6875
old_reserved,arithmetic,5001,115,2,1,0.012874314561486244,0.012914609163999557,151.8000030517578,500.0,124.19792175292969
old_reserved,arithmetic,5001,116,2,1,0.012914609163999557,0.013036252930760384,139.40000915527344,500.0,126.15625
old_reserved,arithmetic,5001,117,2,1,0.013036252930760384,0.012955030426383018,114.5999984741211,500.0,129.57810974121094
old_reserved,arithmetic,5001,118,2,1,0.012955030426383018,0.013036252930760384,118.5,500.0,135.515625
old_reserved,arithmetic,5001,119,2,1,0.013036252930760384,0.01287431363016367,157.0,500.0,131.69271850585938
old_reserved,arithmetic,5001,120,2,1,0.01287431363016367,0.013117983937263489,130.40000915527344,500.0,138.75521850585938
old_reserved,arithmetic,5001,121,2,1,0.013117983937263489,0.013408102095127106,143.1999969482422,500.0,142.390625
old_reserved,arithmetic,5001,122,2,1,0.013408102095127106,0.013366267085075378,167.8000030517578,500.0,139.703125
old_reserved,arithmetic,5001,123,2,1,0.013366267085075378,0.013241544365882874,140.1999969482422,500.0,150.71356201171875
old_reserved,arithmetic,5001,124,2,1,0.013241544365882874,0.013200229033827782,162.6999969482422,500.0,148.21353149414062
old_reserved,arithmetic,5001,125,2,1,0.013200229033827782,0.013159042224287987,147.5,500.0,153.3125
old_reserved,arithmetic,5001,126,2,1,0.013159042224287987,0.012995578348636627,143.1999969482422,500.0,150.42185974121094
old_reserved,arithmetic,5001,127,2,1,0.012995578348636627,0.012874314561486244,157.8000030517578,500.0,156.0260467529297
old_reserved,arithmetic,5001,128,2,1,0.012874314561486244,0.012874314561486244,154.5,500.0,158.4375
old_reserved,arithmetic,5001,129,2,1,0.012874314561486244,0.012794100679457188,172.8000030517578,500.0,161.39584350585938
old_reserved,arithmetic,5001,130,2,1,0.012794100679457188,0.012834143824875355,147.40000915527344,500.0,163.04165649414062
old_reserved,arithmetic,5001,131,2,1,0.012834143824875355,0.01275418046861887,163.3000030517578,500.0,165.984375
old_reserved,arithmetic,5001,132,2,1,0.01275418046861887,0.012635168619453907,175.5,500.0,165.046875
old_reserved,arithmetic,5001,133,2,1,0.012635168619453907,0.012361775152385235,200.10000610351562,500.0,164.4270782470703
old_reserved,arithmetic,5001,134,2,1,0.012361775152385235,0.012132151052355766,181.3000030517578,500.0,155.91146850585938
old_reserved,arithmetic,5001,135,2,1,0.012132151052355766,0.012056561186909676,158.8000030517578,500.0,171.453125
old_reserved,arithmetic,5001,136,2,1,0.012056561186909676,0.012132151052355766,193.5,500.0,164.91146850585938
old_reserved,arithmetic,5001,137,2,1,0.012132151052355766,0.011944059282541275,226.90000915527344,500.0,171.19271850585938
old_reserved,arithmetic,5001,138,2,1,0.011944059282541275,0.011722194962203503,188.8000030517578,500.0,172.21876525878906
old_reserved,arithmetic,5001,139,2,1,0.011722194962203503,0.011504451744258404,184.60000610351562,500.0,168.40625
old_reserved,arithmetic,5001,140,2,1,0.011504451744258404,0.011432772502303123,196.90000915527344,500.0,179.18228149414062
old_reserved,arithmetic,5001,141,2,1,0.011432772502303123,0.011361540295183659,165.3000030517578,500.0,182.35415649414062
old_reserved,arithmetic,5001,142,2,1,0.011361540295183659,0.011220404878258705,188.0,500.0,181.92189025878906
old_reserved,arithmetic,5001,143,2,1,0.011220404878258705,0.011185395531356335,161.1999969482422,500.0,181.94268798828125
old_reserved,arithmetic,5001,144,2,1,0.011185395531356335,0.011255523189902306,180.3000030517578,500.0,179.88021850585938
old_reserved,arithmetic,5001,145,2,1,0.011255523189902306,0.011115704663097858,229.6999969482422,500.0,186.24478149414062
old_reserved,arithmetic,5001,146,2,1,0.011115704663097858,0.011081022210419178,253.90000915527344,500.0,185.734375
old_reserved,arithmetic,5001,147,2,1,0.011081022210419178,0.011046447791159153,194.1999969482422,500.0,186.17709350585938
old_reserved,arithmetic,5001,148,2,1,0.011046447791159153,0.011397100053727627,235.60000610351562,500.0,172.52603149414062
old_reserved,arithmetic,5001,149,2,1,0.011397100053727627,0.011468554846942425,176.8000030517578,500.0,176.4375
old_reserved,arithmetic,5001,150,2,1,0.011468554846942425,0.01129075139760971,218.6999969482422,500.0,204.0625
old_reserved,arithmetic,5001,151,2,1,0.01129075139760971,0.01122040394693613,204.40000915527344,500.0,188.4010467529297
old_reserved,arithmetic,5001,152,2,1,0.01122040394693613,0.011150495149195194,167.10000610351562,500.0,187.23959350585938
old_reserved,arithmetic,5001,153,2,1,0.011150495149195194,0.010943370871245861,209.90000915527344,500.0,193.49481201171875
old_reserved,arithmetic,5001,154,2,1,0.010943370871245861,0.010807430371642113,183.8000030517578,500.0,193.4739532470703
old_reserved,arithmetic,5001,155,2,1,0.010807430371642113,0.010474920272827148,237.60000610351562,500.0,189.265625
old_reserved,arithmetic,5001,156,2,1,0.010474920272827148,0.01040965598076582,169.3000030517578,500.0,195.93228149414062
old_reserved,arithmetic,5001,157,2,1,0.01040965598076582,0.010377176105976105,234.90000915527344,500.0,199.9375
old_reserved,arithmetic,5001,158,2,1,0.010377176105976105,0.01018441654741764,235.10000610351562,500.0,197.55728149414062
old_reserved,arithmetic,5001,159,2,1,0.01018441654741764,0.01012096181511879,189.40000915527344,500.0,187.32814025878906
old_reserved,arithmetic,5001,160,3,0,0.01012096181511879,0.009627357125282288,500.0,195.8000030517578,496.3489685058594
old_reserved,arithmetic,5001,161,3,0,0.009627357125282288,0.009157825261354446,500.0,200.6999969482422,496.203125
old_reserved,arithmetic,5001,162,3,0,0.009157825261354446,0.00871119275689125,500.0,209.8000030517578,491.57293701171875
old_reserved,arithmetic,5001,163,3,0,0.00871119275689125,0.008286342956125736,500.0,192.60000610351562,500.0
old_reserved,arithmetic,5001,164,3,0,0.008286342956125736,0.007882213220000267,500.0,224.10000610351562,500.0
old_reserved,arithmetic,5001,165,3,0,0.007882213220000267,0.0074977935291826725,500.0,202.60000610351562,500.0
old_reserved,arithmetic,5001,166,3,0,0.0074977935291826725,0.007132121827453375,500.0,181.1999969482422,500.0
old_reserved,arithmetic,5001,167,3,0,0.007132121827453375,0.006784284487366676,500.0,261.1000061035156,500.0
old_reserved,arithmetic,5001,168,3,0,0.006784284487366676,0.006453411187976599,500.0,207.3000030517578,500.0
old_reserved,arithmetic,5001,169,3,0,0.006453411187976599,0.0061386749148368835,500.0,245.3000030517578,500.0
old_reserved,arithmetic,5001,170,3,0,0.0061386749148368835,0.005839288234710693,500.0,172.90000915527344,500.0
old_reserved,arithmetic,5001,171,3,0,0.005839288234710693,0.005554502829909325,500.0,187.40000915527344,500.0
old_reserved,arithmetic,5001,172,3,0,0.005554502829909325,0.005283606704324484,500.0,204.3000030517578,500.0
old_reserved,arithmetic,5001,173,3,0,0.005283606704324484,0.005025922320783138,500.0,227.5,500.0
old_reserved,arithmetic,5001,174,3,0,0.005025922320783138,0.004780805204063654,500.0,204.90000915527344,500.0
old_reserved,arithmetic,5001,175,3,0,0.004780805204063654,0.004547642543911934,500.0,174.8000030517578,500.0
old_reserved,arithmetic,5001,176,3,0,0.004547642543911934,0.004325851332396269,500.0,163.60000610351562,500.0
old_reserved,arithmetic,5001,177,3,0,0.004325851332396269,0.004114876966923475,500.0,167.40000915527344,500.0
old_reserved,arithmetic,5001,178,3,0,0.004114876966923475,0.003914192318916321,500.0,163.8000030517578,500.0
old_reserved,arithmetic,5001,179,3,0,0.003914192318916321,0.0037232949398458004,500.0,183.0,500.0
old_reserved,arithmetic,5001,180,3,0,0.0037232949398458004,0.0035417077597230673,500.0,191.90000915527344,500.0
old_reserved,arithmetic,5001,181,3,0,0.0035417077597230673,0.0033689767587929964,500.0,190.3000030517578,500.0
old_reserved,arithmetic,5001,182,3,0,0.0033689767587929964,0.003204669803380966,500.0,189.8000030517578,500.0
old_reserved,arithmetic,5001,183,3,0,0.003204669803380966,0.003048376413062215,500.0,212.5,500.0
old_reserved,arithmetic,5001,184,3,0,0.003048376413062215,0.002899705432355404,500.0,193.3000030517578,500.0
old_reserved,arithmetic,5001,185,3,0,0.002899705432355404,0.0027582852635532618,500.0,179.3000030517578,500.0
old_reserved,arithmetic,5001,186,3,0,0.0027582852635532618,0.002623762236908078,500.0,178.1999969482422,500.0
old_reserved,arithmetic,5001,187,3,0,0.002623762236908078,0.0024957999121397734,500.0,196.1999969482422,500.0
old_reserved,arithmetic,5001,188,3,0,0.0024957999121397734,0.002374078379943967,500.0,199.90000915527344,500.0
old_reserved,arithmetic,5001,189,3,0,0.002374078379943967,0.002258293330669403,500.0,196.0,500.0
old_reserved,arithmetic,5001,190,3,0,0.002258293330669403,0.0021481551229953766,500.0,247.5,500.0
old_reserved,arithmetic,5001,191,3,0,0.0021481551229953766,0.002043388318270445,500.0,178.1999969482422,500.0
old_reserved,arithmetic,5001,192,3,0,0.002043388318270445,0.0019437310984358191,500.0,194.90000915527344,500.0
old_reserved,arithmetic,5001,193,3,0,0.0019437310984358191,0.001848934218287468,500.0,202.60000610351562,500.0
old_reserved,arithmetic,5001,194,3,0,0.001848934218287468,0.0017587606562301517,500.0,180.6999969482422,500.0
old_reserved,arithmetic,5001,195,3,0,0.0017587606562301517,0.0016729849157854915,500.0,199.1999969482422,500.0
old_reserved,arithmetic,5001,196,3,0,0.0016729849157854915,0.0015913925599306822,500.0,190.1999969482422,500.0
old_reserved,arithmetic,5001,197,3,0,0.0015913925599306822,0.0015137795126065612,500.0,176.1999969482422,500.0
old_reserved,arithmetic,5001,198,3,0,0.0015137795126065612,0.001439951709471643,500.0,202.40000915527344,500.0
old_reserved,arithmetic,5001,199,3,0,0.001439951709471643,0.00136972451582551,500.0,205.3000030517578,500.0
old_reserved,arithmetic,5001,200,3,0,0.00136972451582551,0.0013029222609475255,500.0,215.8000030517578,500.0
old_reserved,arithmetic,5001,201,3,0,0.0013029222609475255,0.0012393780052661896,500.0,178.6999969482422,500.0
old_reserved,arithmetic,5001,202,3,0,0.0012393780052661896,0.0011789328418672085,500.0,224.40000915527344,500.0
old_reserved,arithmetic,5001,203,3,0,0.0011789328418672085,0.0011214356636628509,500.0,187.8000030517578,500.0
old_reserved,arithmetic,5001,204,3,0,0.0011214356636628509,0.0010667425813153386,500.0,185.90000915527344,500.0
old_reserved,arithmetic,5001,205,3,0,0.0010667425813153386,0.001014716923236847,500.0,221.5,500.0
old_reserved,arithmetic,5001,206,3,0,0.001014716923236847,0.0010000000474974513,500.0,165.0,500.0
old_reserved,arithmetic,5001,207,3,0,0.0010000000474974513,0.0010000000474974513,500.0,198.90000915527344,500.0
old_reserved,arithmetic,5001,208,3,0,0.0010000000474974513,0.0010000000474974513,500.0,218.90000915527344,500.0
old_reserved,arithmetic,5001,209,3,0,0.0010000000474974513,0.0010000000474974513,500.0,188.0,500.0
old_reserved,arithmetic,5001,210,3,0,0.0010000000474974513,0.0010000000474974513,500.0,242.10000610351562,500.0
old_reserved,arithmetic,5001,211,3,0,0.0010000000474974513,0.0010000000474974513,500.0,184.10000610351562,500.0
old_reserved,arithmetic,5001,212,3,0,0.0010000000474974513,0.0010000000474974513,500.0,177.3000030517578,500.0
old_reserved,arithmetic,5001,213,3,0,0.0010000000474974513,0.0010000000474974513,500.0,214.0,500.0
old_reserved,arithmetic,5001,214,3,0,0.0010000000474974513,0.0010000000474974513,500.0,203.60000610351562,500.0
old_reserved,arithmetic,5001,215,3,0,0.0010000000474974513,0.0010000000474974513,500.0,205.60000610351562,500.0
old_reserved,arithmetic,5001,216,3,0,0.0010000000474974513,0.0010000000474974513,500.0,186.5,500.0
old_reserved,arithmetic,5001,217,3,0,0.0010000000474974513,0.0010000000474974513,500.0,182.3000030517578,500.0
old_reserved,arithmetic,5001,218,3,0,0.0010000000474974513,0.0010000000474974513,500.0,218.5,500.0
old_reserved,arithmetic,5001,219,3,0,0.0010000000474974513,0.0010000000474974513,500.0,213.0,500.0
old_reserved,arithmetic,5001,220,3,0,0.0010000000474974513,0.0010000000474974513,500.0,182.40000915527344,500.0
old_reserved,arithmetic,5001,221,3,0,0.0010000000474974513,0.0010000000474974513,500.0,151.3000030517578,500.0
old_reserved,arithmetic,5001,222,3,0,0.0010000000474974513,0.0010000000474974513,500.0,219.10000610351562,500.0
old_reserved,arithmetic,5001,223,3,0,0.0010000000474974513,0.0010000000474974513,500.0,197.40000915527344,500.0
old_reserved,arithmetic,5001,224,3,0,0.0010000000474974513,0.0010000000474974513,500.0,199.8000030517578,500.0
old_reserved,arithmetic,5001,225,3,0,0.0010000000474974513,0.0010000000474974513,500.0,198.40000915527344,500.0
old_reserved,arithmetic,5001,226,3,0,0.0010000000474974513,0.0010000000474974513,500.0,211.10000610351562,500.0
old_reserved,arithmetic,5001,227,3,0,0.0010000000474974513,0.0010000000474974513,500.0,188.60000610351562,500.0
old_reserved,arithmetic,5001,228,3,0,0.0010000000474974513,0.0010000000474974513,500.0,198.40000915527344,500.0
old_reserved,arithmetic,5001,229,3,0,0.0010000000474974513,0.0010000000474974513,500.0,151.90000915527344,500.0
old_reserved,arithmetic,5001,230,3,0,0.0010000000474974513,0.0010000000474974513,500.0,201.60000610351562,500.0
old_reserved,arithmetic,5001,231,3,0,0.0010000000474974513,0.0010000000474974513,500.0,212.90000915527344,500.0
old_reserved,arithmetic,5001,232,3,0,0.0010000000474974513,0.0010000000474974513,500.0,184.10000610351562,500.0
old_reserved,arithmetic,5001,233,3,0,0.0010000000474974513,0.0010000000474974513,500.0,194.60000610351562,500.0
old_reserved,arithmetic,5001,234,3,0,0.0010000000474974513,0.0010000000474974513,500.0,222.1999969482422,500.0
old_reserved,arithmetic,5001,235,3,0,0.0010000000474974513,0.0010000000474974513,500.0,234.6999969482422,500.0
old_reserved,arithmetic,5001,236,3,0,0.0010000000474974513,0.0010000000474974513,500.0,192.10000610351562,500.0
old_reserved,arithmetic,5001,237,3,0,0.0010000000474974513,0.0010000000474974513,500.0,209.0,500.0
old_reserved,arithmetic,5001,238,3,0,0.0010000000474974513,0.0010000000474974513,500.0,229.0,500.0
old_reserved,arithmetic,5001,239,3,0,0.0010000000474974513,0.0010000000474974513,500.0,180.60000610351562,500.0
old_reserved,arithmetic,5001,240,4,1,0.0010000000474974513,0.0010000000474974513,207.8000030517578,500.0,194.04689025878906
old_reserved,arithmetic,5001,241,4,1,0.0010000000474974513,0.0010031298734247684,196.5,500.0,196.09896850585938
old_reserved,arithmetic,5001,242,4,1,0.0010031298734247684,0.0010000000474974513,215.60000610351562,500.0,182.0520782470703
old_reserved,arithmetic,5001,243,4,1,0.0010000000474974513,0.0010000000474974513,226.3000030517578,500.0,187.58334350585938
old_reserved,arithmetic,5001,244,4,1,0.0010000000474974513,0.0010000000474974513,156.0,500.0,197.75
old_reserved,arithmetic,5001,245,4,1,0.0010000000474974513,0.0010000000474974513,193.10000610351562,500.0,196.4010467529297
old_reserved,arithmetic,5001,246,4,1,0.0010000000474974513,0.0010031298734247684,172.1999969482422,500.0,184.5416717529297
old_reserved,arithmetic,5001,247,4,1,0.0010031298734247684,0.0010157477809116244,200.5,500.0,201.60415649414062
old_reserved,arithmetic,5001,248,4,1,0.0010157477809116244,0.001031743478961289,230.90000915527344,500.0,193.28125
old_reserved,arithmetic,5001,249,4,1,0.001031743478961289,0.0010349727235734463,221.90000915527344,500.0,193.14584350585938
old_reserved,arithmetic,5001,250,4,1,0.0010349727235734463,0.0010382119799032807,214.8000030517578,500.0,195.03125
old_reserved,arithmetic,5001,251,4,1,0.0010382119799032807,0.0010382119799032807,201.40000915527344,500.0,196.671875
old_reserved,arithmetic,5001,252,4,1,0.0010382119799032807,0.0010414613643661141,205.5,500.0,192.5625
old_reserved,arithmetic,5001,253,4,1,0.0010414613643661141,0.001031743362545967,202.90000915527344,500.0,200.515625
old_reserved,arithmetic,5001,254,4,1,0.001031743362545967,0.0010221160482615232,190.1999969482422,500.0,193.4479217529297
old_reserved,arithmetic,5001,255,4,1,0.0010221160482615232,0.0010349727235734463,205.1999969482422,500.0,196.77081298828125
old_reserved,arithmetic,5001,256,4,1,0.0010349727235734463,0.0010221160482615232,254.6999969482422,500.0,204.69271850585938
old_reserved,arithmetic,5001,257,4,1,0.0010221160482615232,0.0010000000474974513,193.40000915527344,500.0,195.40103149414062
old_reserved,arithmetic,5001,258,4,1,0.0010000000474974513,0.0010062695946544409,252.10000610351562,500.0,203.92709350585938
old_reserved,arithmetic,5001,259,4,1,0.0010062695946544409,0.0010157477809116244,192.8000030517578,500.0,200.65103149414062
old_reserved,arithmetic,5001,260,4,1,0.0010157477809116244,0.0010189269669353962,246.90000915527344,500.0,206.8645782470703
old_reserved,arithmetic,5001,261,4,1,0.0010189269669353962,0.0010221160482615232,209.10000610351562,500.0,201.89584350585938
old_reserved,arithmetic,5001,262,4,1,0.0010221160482615232,0.0010157476644963026,225.1999969482422,500.0,205.078125
old_reserved,arithmetic,5001,263,4,1,0.0010157476644963026,0.0010062695946544409,220.90000915527344,500.0,206.71875
old_reserved,arithmetic,5001,264,4,1,0.0010062695946544409,0.0010062695946544409,186.0,500.0,208.328125
old_reserved,arithmetic,5001,265,4,1,0.0010062695946544409,0.0010000000474974513,181.60000610351562,500.0,211.546875
old_reserved,arithmetic,5001,266,4,1,0.0010000000474974513,0.0010000000474974513,173.0,500.0,205.96873474121094
old_reserved,arithmetic,5001,267,4,1,0.0010000000474974513,0.0010000000474974513,238.10000610351562,500.0,205.61978149414062
old_reserved,arithmetic,5001,268,4,1,0.0010000000474974513,0.0010094190947711468,169.10000610351562,500.0,207.6145782470703
old_reserved,arithmetic,5001,269,4,1,0.0010094190947711468,0.0010062695946544409,201.10000610351562,500.0,201.53643798828125
old_reserved,arithmetic,5001,270,4,1,0.0010062695946544409,0.0010094190947711468,210.6999969482422,500.0,203.171875
old_reserved,arithmetic,5001,271,4,1,0.0010094190947711468,0.0010031298734247684,197.3000030517578,500.0,198.09375
old_reserved,arithmetic,5001,272,4,1,0.0010031298734247684,0.0010285242460668087,190.8000030517578,500.0,197.10415649414062
old_reserved,arithmetic,5001,273,4,1,0.0010285242460668087,0.0010253151413053274,234.90000915527344,500.0,212.98959350585938
old_reserved,arithmetic,5001,274,4,1,0.0010253151413053274,0.0010221160482615232,206.0,500.0,203.40625
old_reserved,arithmetic,5001,275,4,1,0.0010221160482615232,0.0010189269669353962,217.8000030517578,500.0,210.21353149414062
old_reserved,arithmetic,5001,276,4,1,0.0010189269669353962,0.0010349727235734463,191.10000610351562,500.0,211.26043701171875
old_reserved,arithmetic,5001,277,4,1,0.0010349727235734463,0.001044721226207912,219.40000915527344,500.0,218.9375
old_reserved,arithmetic,5001,278,4,1,0.001044721226207912,0.001044721226207912,250.6999969482422,500.0,211.09893798828125
old_reserved,arithmetic,5001,279,4,1,0.001044721226207912,0.0010221160482615232,197.3000030517578,500.0,201.19268798828125
old_reserved,arithmetic,5001,280,4,1,0.0010221160482615232,0.0010253151413053274,189.0,500.0,225.3229217529297
old_reserved,arithmetic,5001,281,4,1,0.0010253151413053274,0.0010031298734247684,202.90000915527344,500.0,210.79165649414062
old_reserved,arithmetic,5001,282,4,1,0.0010031298734247684,0.0010094190947711468,199.40000915527344,500.0,215.66146850585938
old_reserved,arithmetic,5001,283,4,1,0.0010094190947711468,0.0010000000474974513,217.90000915527344,500.0,214.90103149414062
old_reserved,arithmetic,5001,284,4,1,0.0010000000474974513,0.0010000000474974513,203.40000915527344,500.0,208.01043701171875
old_reserved,arithmetic,5001,285,4,1,0.0010000000474974513,0.001012578490190208,210.0,500.0,216.02084350585938
old_reserved,arithmetic,5001,286,4,1,0.001012578490190208,0.0010189269669353962,199.8000030517578,500.0,208.08853149414062
old_reserved,arithmetic,5001,287,4,1,0.0010189269669353962,0.001031743478961289,213.6999969482422,500.0,218.4895782470703
old_reserved,arithmetic,5001,288,4,1,0.001031743478961289,0.0010349727235734463,220.6999969482422,500.0,207.21356201171875
old_reserved,arithmetic,5001,289,4,1,0.0010349727235734463,0.0010285242460668087,228.8000030517578,500.0,211.04684448242188
old_reserved,arithmetic,5001,290,4,1,0.0010285242460668087,0.0010382119799032807,198.8000030517578,500.0,215.640625
old_reserved,arithmetic,5001,291,4,1,0.0010382119799032807,0.0010349726071581244,238.0,500.0,213.78126525878906
old_reserved,arithmetic,5001,292,4,1,0.0010349726071581244,0.0010157476644963026,288.3000183105469,500.0,212.96875
old_reserved,arithmetic,5001,293,4,1,0.0010157476644963026,0.0010189267341047525,210.8000030517578,500.0,215.31771850585938
old_reserved,arithmetic,5001,294,4,1,0.0010189267341047525,0.0010031297570094466,240.8000030517578,500.0,215.60418701171875
old_reserved,arithmetic,5001,295,4,1,0.0010031297570094466,0.0010062693618237972,225.90000915527344,500.0,211.45834350585938
old_reserved,arithmetic,5001,296,4,1,0.0010062693618237972,0.0010094188619405031,223.0,500.0,226.18228149414062
old_reserved,arithmetic,5001,297,4,1,0.0010094188619405031,0.0010094188619405031,184.6999969482422,500.0,213.12498474121094
old_reserved,arithmetic,5001,298,4,1,0.0010094188619405031,0.0010125781409442425,247.3000030517578,500.0,211.17709350585938
old_reserved,arithmetic,5001,299,4,1,0.0010125781409442425,0.0010157473152503371,269.3999938964844,500.0,213.26040649414062
old_reserved,arithmetic,5001,300,4,1,0.0010157473152503371,0.001022115582600236,201.3000030517578,500.0,221.4375
old_reserved,arithmetic,5001,301,4,1,0.001022115582600236,0.0010189265012741089,224.10000610351562,500.0,218.43228149414062
old_reserved,arithmetic,5001,302,4,1,0.0010189265012741089,0.0010157473152503371,216.3000030517578,500.0,215.90106201171875
old_reserved,arithmetic,5001,303,4,1,0.0010157473152503371,0.0010285238968208432,205.40000915527344,500.0,214.52603149414062
old_reserved,arithmetic,5001,304,4,1,0.0010285238968208432,0.0010317430133000016,199.0,500.0,205.98440551757812
old_reserved,arithmetic,5001,305,4,1,0.0010317430133000016,0.0010414611315354705,192.3000030517578,500.0,214.20831298828125
old_reserved,arithmetic,5001,306,4,1,0.0010414611315354705,0.0010221156990155578,197.0,500.0,208.93228149414062
old_reserved,arithmetic,5001,307,4,1,0.0010221156990155578,0.0010221156990155578,215.1999969482422,500.0,214.8385467529297
old_reserved,arithmetic,5001,308,4,1,0.0010221156990155578,0.0010285238968208432,220.1999969482422,500.0,223.3125
old_reserved,arithmetic,5001,309,4,1,0.0010285238968208432,0.0010447207605466247,221.5,500.0,206.2916717529297
old_reserved,arithmetic,5001,310,4,1,0.0010447207605466247,0.0010644940193742514,198.10000610351562,500.0,212.75
old_reserved,arithmetic,5001,311,4,1,0.0010644940193742514,0.00107788376044482,186.60000610351562,500.0,205.04168701171875
old_reserved,arithmetic,5001,312,4,1,0.00107788376044482,0.0010678258258849382,198.60000610351562,500.0,219.171875
old_reserved,arithmetic,5001,313,4,1,0.0010678258258849382,0.001061172690242529,228.3000030517578,500.0,216.54164123535156
old_reserved,arithmetic,5001,314,4,1,0.001061172690242529,0.0010880364570766687,222.10000610351562,500.0,212.75521850585938
old_reserved,arithmetic,5001,315,4,1,0.0010880364570766687,0.0010414611315354705,204.5,500.0,218.4322967529297
old_reserved,arithmetic,5001,316,4,1,0.0010414611315354705,0.0010382116306573153,254.5,500.0,203.34896850585938
old_reserved,arithmetic,5001,317,4,1,0.0010382116306573153,0.001034972257912159,226.90000915527344,500.0,215.515625
old_reserved,arithmetic,5001,318,4,1,0.001034972257912159,0.0010414611315354705,230.90000915527344,500.0,212.671875
old_reserved,arithmetic,5001,319,4,1,0.0010414611315354705,0.0010512707522138953,209.0,500.0,224.640625
old_reserved,arithmetic,5002,0,1,0,0.5,0.5031347870826721,9.199999809265137,9.40000057220459,12.885417938232422
old_reserved,arithmetic,5002,1,1,0,0.5031347870826721,0.49224820733070374,43.29999923706055,129.6999969482422,20.635417938232422
old_reserved,arithmetic,5002,2,1,0,0.49224820733070374,0.4771033227443695,17.200000762939453,11.699999809265137,23.989582061767578
old_reserved,arithmetic,5002,3,1,0,0.4771033227443695,0.4609815776348114,25.899999618530273,18.100000381469727,28.281251907348633
old_reserved,arithmetic,5002,4,1,0,0.4609815776348114,0.45100709795951843,11.600000381469727,20.5,39.703125
old_reserved,arithmetic,5002,5,1,0,0.45100709795951843,0.43576717376708984,11.800000190734863,20.100000381469727,47.125
old_reserved,arithmetic,5002,6,1,0,0.43576717376708984,0.41972851753234863,48.900001525878906,14.40000057220459,52.302085876464844
old_reserved,arithmetic,5002,7,1,0,0.41972851753234863,0.4030187427997589,106.9000015258789,16.700000762939453,57.296875
old_reserved,arithmetic,5002,8,1,0,0.4030187427997589,0.3833633065223694,21.5,34.79999923706055,58.40625
old_reserved,arithmetic,5002,9,1,0,0.3833633065223694,0.37040913105010986,24.700000762939453,39.10000228881836,62.484371185302734
old_reserved,arithmetic,5002,10,1,0,0.37040913105010986,0.35455313324928284,37.79999923706055,21.899999618530273,63.567710876464844
old_reserved,arithmetic,5002,11,1,0,0.35455313324928284,0.3393758535385132,28.399999618530273,312.20001220703125,80.89582824707031
old_reserved,arithmetic,5002,12,1,0,0.3393758535385132,0.32893434166908264,11.300000190734863,11.600000381469727,78.07292175292969
old_reserved,arithmetic,5002,13,1,0,0.32893434166908264,0.3168277144432068,18.399999618530273,14.40000057220459,88.02603912353516
old_reserved,arithmetic,5002,14,1,0,0.3168277144432068,0.306121826171875,9.300000190734863,9.600000381469727,106.9375
old_reserved,arithmetic,5002,15,1,0,0.306121826171875,0.29210346937179565,14.699999809265137,9.5,106.80207824707031
old_reserved,arithmetic,5002,16,1,0,0.29210346937179565,0.28047457337379456,9.300000190734863,9.600000381469727,115.16145324707031
old_reserved,arithmetic,5002,17,1,0,0.28047457337379456,0.2701515555381775,9.40000057220459,9.100000381469727,115.66665649414062
old_reserved,arithmetic,5002,18,1,0,0.2701515555381775,0.2610228955745697,9.40000057220459,9.199999809265137,115.875
old_reserved,arithmetic,5002,19,1,0,0.2610228955745697,0.2498493492603302,9.5,9.40000057220459,111.06250762939453
old_reserved,arithmetic,5002,20,1,0,0.2498493492603302,0.24140672385692596,9.40000057220459,9.600000381469727,121.58334350585938
old_reserved,arithmetic,5002,21,1,0,0.24140672385692596,0.23252160847187042,9.40000057220459,9.40000057220459,123.38542175292969
old_reserved,arithmetic,5002,22,1,0,0.23252160847187042,0.22466449439525604,9.5,9.600000381469727,148.5364532470703
old_reserved,arithmetic,5002,23,1,0,0.22466449439525604,0.21639558672904968,9.199999809265137,9.600000381469727,153.40625
old_reserved,arithmetic,5002,24,1,0,0.21639558672904968,0.2103942632675171,9.100000381469727,9.300000190734863,180.9739532470703
old_reserved,arithmetic,5002,25,1,0,0.2103942632675171,0.20584185421466827,103.0999984741211,72.5999984741211,237.63540649414062
old_reserved,arithmetic,5002,26,1,0,0.20584185421466827,0.19826573133468628,98.5999984741211,93.0999984741211,239.34896850585938
old_reserved,arithmetic,5002,27,1,0,0.19826573133468628,0.19096845388412476,409.8999938964844,177.5,274.609375
old_reserved,arithmetic,5002,28,1,0,0.19096845388412476,0.18393975496292114,173.6999969482422,79.20000457763672,288.6875
old_reserved,arithmetic,5002,29,1,0,0.18393975496292114,0.1749689131975174,498.0,66.30000305175781,350.81768798828125
old_reserved,arithmetic,5002,30,1,0,0.1749689131975174,0.1664355844259262,500.0,500.0,380.890625
old_reserved,arithmetic,5002,31,1,0,0.1664355844259262,0.158318430185318,500.0,500.0,365.078125
old_reserved,arithmetic,5002,32,1,0,0.158318430185318,0.15059715509414673,500.0,500.0,414.16668701171875
old_reserved,arithmetic,5002,33,1,0,0.15059715509414673,0.1432524472475052,500.0,500.0,417.2864685058594
old_reserved,arithmetic,5002,34,1,0,0.1432524472475052,0.13626594841480255,500.0,500.0,402.97918701171875
old_reserved,arithmetic,5002,35,1,0,0.13626594841480255,0.12962017953395844,500.0,500.0,397.25
old_reserved,arithmetic,5002,36,1,0,0.12962017953395844,0.1232985332608223,500.0,500.0,421.40625
old_reserved,arithmetic,5002,37,1,0,0.1232985332608223,0.11728519946336746,500.0,500.0,460.421875
old_reserved,arithmetic,5002,38,1,0,0.11728519946336746,0.11156513541936874,500.0,500.0,401.79168701171875
old_reserved,arithmetic,5002,39,1,0,0.11156513541936874,0.10612404346466064,500.0,500.0,440.734375
old_reserved,arithmetic,5002,40,1,0,0.10612404346466064,0.10094831883907318,500.0,500.0,481.84375
old_reserved,arithmetic,5002,41,1,0,0.10094831883907318,0.0960250124335289,500.0,500.0,482.82293701171875
old_reserved,arithmetic,5002,42,1,0,0.0960250124335289,0.09134182333946228,500.0,500.0,451.171875
old_reserved,arithmetic,5002,43,1,0,0.09134182333946228,0.08688703179359436,500.0,500.0,474.30731201171875
old_reserved,arithmetic,5002,44,1,0,0.08688703179359436,0.08264950662851334,500.0,500.0,489.33856201171875
old_reserved,arithmetic,5002,45,1,0,0.08264950662851334,0.07861864566802979,500.0,500.0,478.828125
old_reserved,arithmetic,5002,46,1,0,0.07861864566802979,0.07478436827659607,500.0,500.0,469.6510314941406
old_reserved,arithmetic,5002,47,1,0,0.07478436827659607,0.07113709300756454,500.0,500.0,489.43231201171875
old_reserved,arithmetic,5002,48,1,0,0.07113709300756454,0.06766770035028458,500.0,500.0,482.78643798828125
old_reserved,arithmetic,5002,49,1,0,0.06766770035028458,0.06436751037836075,500.0,500.0,492.0208435058594
old_reserved,arithmetic,5002,50,1,0,0.06436751037836075,0.06122827157378197,500.0,500.0,490.29168701171875
old_reserved,arithmetic,5002,51,1,0,0.06122827157378197,0.058242134749889374,500.0,500.0,488.421875
old_reserved,arithmetic,5002,52,1,0,0.058242134749889374,0.05540163442492485,500.0,500.0,477.875
old_reserved,arithmetic,5002,53,1,0,0.05540163442492485,0.05269966647028923,500.0,500.0,485.75
old_reserved,arithmetic,5002,54,1,0,0.05269966647028923,0.050129473209381104,500.0,500.0,497.8229064941406
old_reserved,arithmetic,5002,55,1,0,0.050129473209381104,0.04768463224172592,500.0,500.0,494.85418701171875
old_reserved,arithmetic,5002,56,1,0,0.04768463224172592,0.04535902664065361,500.0,500.0,498.73956298828125
old_reserved,arithmetic,5002,57,1,0,0.04535902664065361,0.04314684122800827,500.0,500.0,500.0
old_reserved,arithmetic,5002,58,1,0,0.04314684122800827,0.041042547672986984,500.0,500.0,492.984375
old_reserved,arithmetic,5002,59,1,0,0.041042547672986984,0.03904087841510773,500.0,500.0,496.99481201171875
old_reserved,arithmetic,5002,60,1,0,0.03904087841510773,0.03713683411478996,500.0,500.0,492.28125
old_reserved,arithmetic,5002,61,1,0,0.03713683411478996,0.03532565012574196,500.0,500.0,497.78643798828125
old_reserved,arithmetic,5002,62,1,0,0.03532565012574196,0.03360280022025108,500.0,500.0,497.3645935058594
old_reserved,arithmetic,5002,63,1,0,0.03360280022025108,0.03196397423744202,500.0,500.0,498.57293701171875
old_reserved,arithmetic,5002,64,1,0,0.03196397423744202,0.03040507435798645,500.0,500.0,500.0
old_reserved,arithmetic,5002,65,1,0,0.03040507435798645,0.028922202065587044,500.0,500.0,500.0
old_reserved,arithmetic,5002,66,1,0,0.028922202065587044,0.027511650696396828,500.0,500.0,500.0
old_reserved,arithmetic,5002,67,1,0,0.027511650696396828,0.02616989240050316,500.0,500.0,500.0
old_reserved,arithmetic,5002,68,1,0,0.02616989240050316,0.02489357255399227,500.0,500.0,500.0
old_reserved,arithmetic,5002,69,1,0,0.02489357255399227,0.023679498583078384,500.0,500.0,499.9375
old_reserved,arithmetic,5002,70,1,0,0.023679498583078384,0.0225246362388134,500.0,500.0,492.59893798828125
old_reserved,arithmetic,5002,71,1,0,0.0225246362388134,0.021426096558570862,500.0,500.0,498.203125
old_reserved,arithmetic,5002,72,1,0,0.021426096558570862,0.020381134003400803,500.0,500.0,500.0
old_reserved,arithmetic,5002,73,1,0,0.020381134003400803,0.01938713528215885,500.0,315.20001220703125,500.0
old_reserved,arithmetic,5002,74,1,0,0.01938713528215885,0.018441613763570786,500.0,364.3000183105469,498.40625
old_reserved,arithmetic,5002,75,1,0,0.018441613763570786,0.01754220575094223,500.0,469.0,499.921875
old_reserved,arithmetic,5002,76,1,0,0.01754220575094223,0.016686663031578064,500.0,439.8999938964844,500.0
old_reserved,arithmetic,5002,77,1,0,0.016686663031578064,0.01587284542620182,500.0,500.0,500.0
old_reserved,arithmetic,5002,78,1,0,0.01587284542620182,0.015098717994987965,500.0,500.0,495.81768798828125
old_reserved,arithmetic,5002,79,1,0,0.015098717994987965,0.014362345449626446,500.0,287.3000183105469,500.0
old_reserved,arithmetic,5002,80,2,1,0.014362345449626446,0.014588518999516964,500.0,489.5,363.3697509765625
old_reserved,arithmetic,5002,81,2,1,0.014588518999516964,0.013877028599381447,500.0,500.0,478.61456298828125
old_reserved,arithmetic,5002,82,2,1,0.013877028599381447,0.013200238347053528,500.0,457.6000061035156,477.91668701171875
old_reserved,arithmetic,5002,83,2,1,0.013200238347053528,0.012556455098092556,500.0,477.5,494.53125
old_reserved,arithmetic,5002,84,2,1,0.012556455098092556,0.011944069527089596,500.0,500.0,494.89581298828125
old_reserved,arithmetic,5002,85,2,1,0.011944069527089596,0.01136155053973198,412.3999938964844,500.0,490.4114685058594
old_reserved,arithmetic,5002,86,2,1,0.01136155053973198,0.010807441547513008,369.70001220703125,457.5,493.30206298828125
old_reserved,arithmetic,5002,87,2,1,0.010807441547513008,0.010280356742441654,369.8000183105469,487.8000183105469,496.90625
old_reserved,arithmetic,5002,88,2,1,0.010280356742441654,0.009778978303074837,500.0,500.0,500.0
old_reserved,arithmetic,5002,89,2,1,0.009778978303074837,0.009302051737904549,456.3999938964844,487.70001220703125,499.0260314941406
old_reserved,arithmetic,5002,90,2,1,0.009302051737904549,0.008848385885357857,413.1000061035156,425.20001220703125,500.0
old_reserved,arithmetic,5002,91,2,1,0.008848385885357857,0.008416845463216305,456.6000061035156,419.1000061035156,500.0
old_reserved,arithmetic,5002,92,2,1,0.008416845463216305,0.008006351068615913,456.5,414.6000061035156,500.0
old_reserved,arithmetic,5002,93,2,1,0.008006351068615913,0.007615876849740744,412.70001220703125,457.1000061035156,500.0
old_reserved,arithmetic,5002,94,2,1,0.007615876849740744,0.007244446314871311,413.5,467.3000183105469,500.0
old_reserved,arithmetic,5002,95,2,1,0.007244446314871311,0.006891130935400724,456.70001220703125,456.8000183105469,497.8333435058594
old_reserved,arithmetic,5002,96,2,1,0.006891130935400724,0.006555046886205673,500.0,451.5,500.0
old_reserved,arithmetic,5002,97,2,1,0.006555046886205673,0.006235353648662567,370.5,499.5,500.0
old_reserved,arithmetic,5002,98,2,1,0.006235353648662567,0.005931252148002386,277.70001220703125,340.8999938964844,500.0
old_reserved,arithmetic,5002,99,2,1,0.005931252148002386,0.0056419819593429565,354.70001220703125,442.3000183105469,500.0
old_reserved,arithmetic,5002,100,2,1,0.0056419819593429565,0.005366819445043802,326.3000183105469,446.3000183105469,500.0
old_reserved,arithmetic,5002,101,2,1,0.005366819445043802,0.00510507682338357,457.1000061035156,414.8999938964844,500.0
old_reserved,arithmetic,5002,102,2,1,0.00510507682338357,0.004856099374592304,413.1000061035156,468.70001220703125,500.0
old_reserved,arithmetic,5002,103,2,1,0.004856099374592304,0.004619264975190163,283.8999938964844,457.6000061035156,500.0
old_reserved,arithmetic,5002,104,2,1,0.004619264975190163,0.004393980838358402,369.0,500.0,500.0
old_reserved,arithmetic,5002,105,2,1,0.004393980838358402,0.004179683979600668,369.3000183105469,453.3000183105469,500.0
old_reserved,arithmetic,5002,106,2,1,0.004179683979600668,0.0039758384227752686,413.0,500.0,500.0
old_reserved,arithmetic,5002,107,2,1,0.0039758384227752686,0.0037819345016032457,500.0,500.0,500.0
old_reserved,arithmetic,5002,108,2,1,0.0037819345016032457,0.003597487462684512,500.0,500.0,500.0
old_reserved,arithmetic,5002,109,2,1,0.003597487462684512,0.0034220360685139894,500.0,500.0,500.0
old_reserved,arithmetic,5002,110,2,1,0.0034220360685139894,0.00325514143332839,500.0,500.0,500.0
old_reserved,arithmetic,5002,111,2,1,0.00325514143332839,0.0030963863246142864,500.0,500.0,500.0
old_reserved,arithmetic,5002,112,2,1,0.0030963863246142864,0.0029453737661242485,500.0,500.0,500.0
old_reserved,arithmetic,5002,113,2,1,0.0029453737661242485,0.0028017263393849134,500.0,500.0,500.0
old_reserved,arithmetic,5002,114,2,1,0.0028017263393849134,0.0026650845538824797,500.0,500.0,500.0
old_reserved,arithmetic,5002,115,2,1,0.0026650845538824797,0.002535106847062707,500.0,500.0,500.0
old_reserved,arithmetic,5002,116,2,1,0.002535106847062707,0.0024114681873470545,500.0,500.0,500.0
old_reserved,arithmetic,5002,117,2,1,0.0024114681873470545,0.0022938596084713936,500.0,500.0,500.0
old_reserved,arithmetic,5002,118,2,1,0.0022938596084713936,0.0021819868125021458,500.0,500.0,500.0
old_reserved,arithmetic,5002,119,2,1,0.0021819868125021458,0.0020755701698362827,500.0,500.0,500.0
old_reserved,arithmetic,5002,120,2,1,0.0020755701698362827,0.001974343555048108,457.0,500.0,500.0
old_reserved,arithmetic,5002,121,2,1,0.001974343555048108,0.0018780537648126483,500.0,500.0,500.0
old_reserved,arithmetic,5002,122,2,1,0.0018780537648126483,0.0017864600522443652,500.0,500.0,500.0
old_reserved,arithmetic,5002,123,2,1,0.0017864600522443652,0.0016993334284052253,500.0,500.0,500.0
old_reserved,arithmetic,5002,124,2,1,0.0016993334284052253,0.0016164559638127685,500.0,500.0,500.0
old_reserved,arithmetic,5002,125,2,1,0.0016164559638127685,0.0015376205556094646,500.0,500.0,500.0
old_reserved,arithmetic,5002,126,2,1,0.0015376205556094646,0.001462629996240139,500.0,500.0,500.0
old_reserved,arithmetic,5002,127,2,1,0.001462629996240139,0.0013912967406213284,500.0,500.0,500.0
old_reserved,arithmetic,5002,128,2,1,0.0013912967406213284,0.0013234424404799938,500.0,500.0,500.0
old_reserved,arithmetic,5002,129,2,1,0.0013234424404799938,0.0012588974786922336,500.0,500.0,500.0
old_reserved,arithmetic,5002,130,2,1,0.0012588974786922336,0.0011975003872066736,500.0,500.0,500.0
old_reserved,arithmetic,5002,131,2,1,0.0011975003872066736,0.0011390976142138243,500.0,500.0,500.0
old_reserved,arithmetic,5002,132,2,1,0.0011390976142138243,0.0010835431749001145,500.0,500.0,500.0
old_reserved,arithmetic,5002,133,2,1,0.0010835431749001145,0.0010306981857866049,500.0,500.0,500.0
old_reserved,arithmetic,5002,134,2,1,0.0010306981857866049,0.0010000000474974513,500.0,500.0,500.0
old_reserved,arithmetic,5002,135,2,1,0.0010000000474974513,0.0010000000474974513,500.0,500.0,500.0
old_reserved,arithmetic,5002,136,2,1,0.0010000000474974513,0.0010000000474974513,500.0,500.0,500.0
old_reserved,arithmetic,5002,137,2,1,0.0010000000474974513,0.0010000000474974513,500.0,500.0,500.0
old_reserved,arithmetic,5002,138,2,1,0.0010000000474974513,0.0010000000474974513,500.0,500.0,500.0
old_reserved,arithmetic,5002,139,2,1,0.0010000000474974513,0.0010000000474974513,500.0,500.0,500.0
old_reserved,arithmetic,5002,140,2,1,0.0010000000474974513,0.0010000000474974513,500.0,500.0,500.0
old_reserved,arithmetic,5002,141,2,1,0.0010000000474974513,0.0010000000474974513,500.0,500.0,500.0
old_reserved,arithmetic,5002,142,2,1,0.0010000000474974513,0.0010000000474974513,500.0,500.0,500.0
old_reserved,arithmetic,5002,143,2,1,0.0010000000474974513,0.0010000000474974513,500.0,500.0,500.0
old_reserved,arithmetic,5002,144,2,1,0.0010000000474974513,0.0010000000474974513,500.0,500.0,500.0
old_reserved,arithmetic,5002,145,2,1,0.0010000000474974513,0.0010000000474974513,500.0,500.0,500.0
old_reserved,arithmetic,5002,146,2,1,0.0010000000474974513,0.0010000000474974513,500.0,500.0,500.0
old_reserved,arithmetic,5002,147,2,1,0.0010000000474974513,0.0010000000474974513,500.0,500.0,500.0
old_reserved,arithmetic,5002,148,2,1,0.0010000000474974513,0.0010000000474974513,500.0,500.0,500.0
old_reserved,arithmetic,5002,149,2,1,0.0010000000474974513,0.0010000000474974513,500.0,500.0,500.0
old_reserved,arithmetic,5002,150,2,1,0.0010000000474974513,0.0010000000474974513,500.0,500.0,500.0
old_reserved,arithmetic,5002,151,2,1,0.0010000000474974513,0.0010000000474974513,500.0,500.0,500.0
old_reserved,arithmetic,5002,152,2,1,0.0010000000474974513,0.0010000000474974513,500.0,500.0,500.0
old_reserved,arithmetic,5002,153,2,1,0.0010000000474974513,0.0010000000474974513,500.0,500.0,500.0
old_reserved,arithmetic,5002,154,2,1,0.0010000000474974513,0.0010000000474974513,500.0,500.0,500.0
old_reserved,arithmetic,5002,155,2,1,0.0010000000474974513,0.0010000000474974513,500.0,500.0,500.0
old_reserved,arithmetic,5002,156,2,1,0.0010000000474974513,0.0010000000474974513,500.0,500.0,500.0
old_reserved,arithmetic,5002,157,2,1,0.0010000000474974513,0.0010000000474974513,500.0,500.0,500.0
old_reserved,arithmetic,5002,158,2,1,0.0010000000474974513,0.0010000000474974513,500.0,500.0,500.0
old_reserved,arithmetic,5002,159,2,1,0.0010000000474974513,0.0010000000474974513,500.0,500.0,500.0
old_reserved,arithmetic,5002,160,3,0,0.0010000000474974513,0.0010000000474974513,500.0,500.0,500.0
old_reserved,arithmetic,5002,161,3,0,0.0010000000474974513,0.0010000000474974513,500.0,500.0,500.0
old_reserved,arithmetic,5002,162,3,0,0.0010000000474974513,0.0010000000474974513,500.0,500.0,500.0
old_reserved,arithmetic,5002,163,3,0,0.0010000000474974513,0.0010000000474974513,500.0,500.0,500.0
old_reserved,arithmetic,5002,164,3,0,0.0010000000474974513,0.0010000000474974513,500.0,500.0,500.0
old_reserved,arithmetic,5002,165,3,0,0.0010000000474974513,0.0010000000474974513,500.0,500.0,500.0
old_reserved,arithmetic,5002,166,3,0,0.0010000000474974513,0.0010000000474974513,500.0,500.0,500.0
old_reserved,arithmetic,5002,167,3,0,0.0010000000474974513,0.0010000000474974513,500.0,500.0,500.0
old_reserved,arithmetic,5002,168,3,0,0.0010000000474974513,0.0010000000474974513,500.0,500.0,500.0
old_reserved,arithmetic,5002,169,3,0,0.0010000000474974513,0.0010000000474974513,500.0,500.0,500.0
old_reserved,arithmetic,5002,170,3,0,0.0010000000474974513,0.0010000000474974513,500.0,500.0,500.0
old_reserved,arithmetic,5002,171,3,0,0.0010000000474974513,0.0010000000474974513,500.0,500.0,500.0
old_reserved,arithmetic,5002,172,3,0,0.0010000000474974513,0.0010000000474974513,500.0,500.0,500.0
old_reserved,arithmetic,5002,173,3,0,0.0010000000474974513,0.0010000000474974513,500.0,500.0,500.0
old_reserved,arithmetic,5002,174,3,0,0.0010000000474974513,0.0010000000474974513,500.0,500.0,500.0
old_reserved,arithmetic,5002,175,3,0,0.0010000000474974513,0.0010000000474974513,500.0,500.0,500.0
old_reserved,arithmetic,5002,176,3,0,0.0010000000474974513,0.0010000000474974513,500.0,500.0,500.0
old_reserved,arithmetic,5002,177,3,0,0.0010000000474974513,0.0010000000474974513,500.0,500.0,500.0
old_reserved,arithmetic,5002,178,3,0,0.0010000000474974513,0.0010000000474974513,500.0,500.0,500.0
old_reserved,arithmetic,5002,179,3,0,0.0010000000474974513,0.0010000000474974513,500.0,500.0,500.0
old_reserved,arithmetic,5002,180,3,0,0.0010000000474974513,0.0010000000474974513,500.0,500.0,500.0
old_reserved,arithmetic,5002,181,3,0,0.0010000000474974513,0.0010000000474974513,500.0,500.0,500.0
old_reserved,arithmetic,5002,182,3,0,0.0010000000474974513,0.0010000000474974513,500.0,500.0,500.0
old_reserved,arithmetic,5002,183,3,0,0.0010000000474974513,0.0010000000474974513,500.0,500.0,500.0
old_reserved,arithmetic,5002,184,3,0,0.0010000000474974513,0.0010000000474974513,500.0,500.0,500.0
old_reserved,arithmetic,5002,185,3,0,0.0010000000474974513,0.0010000000474974513,500.0,500.0,500.0
old_reserved,arithmetic,5002,186,3,0,0.0010000000474974513,0.0010000000474974513,500.0,500.0,500.0
old_reserved,arithmetic,5002,187,3,0,0.0010000000474974513,0.0010000000474974513,500.0,500.0,500.0
old_reserved,arithmetic,5002,188,3,0,0.0010000000474974513,0.0010000000474974513,500.0,500.0,500.0
old_reserved,arithmetic,5002,189,3,0,0.0010000000474974513,0.0010000000474974513,500.0,500.0,500.0
old_reserved,arithmetic,5002,190,3,0,0.0010000000474974513,0.0010000000474974513,500.0,500.0,500.0
old_reserved,arithmetic,5002,191,3,0,0.0010000000474974513,0.0010000000474974513,500.0,500.0,500.0
old_reserved,arithmetic,5002,192,3,0,0.0010000000474974513,0.0010000000474974513,500.0,500.0,500.0
old_reserved,arithmetic,5002,193,3,0,0.0010000000474974513,0.0010000000474974513,500.0,500.0,500.0
old_reserved,arithmetic,5002,194,3,0,0.0010000000474974513,0.0010000000474974513,500.0,500.0,500.0
old_reserved,arithmetic,5002,195,3,0,0.0010000000474974513,0.0010000000474974513,500.0,500.0,500.0
old_reserved,arithmetic,5002,196,3,0,0.0010000000474974513,0.0010000000474974513,500.0,500.0,500.0
old_reserved,arithmetic,5002,197,3,0,0.0010000000474974513,0.0010000000474974513,500.0,500.0,500.0
old_reserved,arithmetic,5002,198,3,0,0.0010000000474974513,0.0010000000474974513,500.0,500.0,500.0
old_reserved,arithmetic,5002,199,3,0,0.0010000000474974513,0.0010000000474974513,500.0,500.0,500.0
old_reserved,arithmetic,5002,200,3,0,0.0010000000474974513,0.0010000000474974513,500.0,500.0,500.0
old_reserved,arithmetic,5002,201,3,0,0.0010000000474974513,0.0010000000474974513,500.0,500.0,500.0
old_reserved,arithmetic,5002,202,3,0,0.0010000000474974513,0.0010000000474974513,500.0,500.0,500.0
old_reserved,arithmetic,5002,203,3,0,0.0010000000474974513,0.0010000000474974513,500.0,500.0,500.0
old_reserved,arithmetic,5002,204,3,0,0.0010000000474974513,0.0010000000474974513,500.0,500.0,500.0
old_reserved,arithmetic,5002,205,3,0,0.0010000000474974513,0.0010000000474974513,500.0,500.0,500.0
old_reserved,arithmetic,5002,206,3,0,0.0010000000474974513,0.0010000000474974513,500.0,500.0,500.0
old_reserved,arithmetic,5002,207,3,0,0.0010000000474974513,0.0010000000474974513,500.0,500.0,500.0
old_reserved,arithmetic,5002,208,3,0,0.0010000000474974513,0.0010000000474974513,500.0,500.0,500.0
old_reserved,arithmetic,5002,209,3,0,0.0010000000474974513,0.0010000000474974513,500.0,500.0,500.0
old_reserved,arithmetic,5002,210,3,0,0.0010000000474974513,0.0010000000474974513,500.0,500.0,500.0
old_reserved,arithmetic,5002,211,3,0,0.0010000000474974513,0.0010000000474974513,500.0,500.0,500.0
old_reserved,arithmetic,5002,212,3,0,0.0010000000474974513,0.0010000000474974513,500.0,500.0,500.0
old_reserved,arithmetic,5002,213,3,0,0.0010000000474974513,0.0010000000474974513,500.0,500.0,500.0
old_reserved,arithmetic,5002,214,3,0,0.0010000000474974513,0.0010000000474974513,500.0,500.0,500.0
old_reserved,arithmetic,5002,215,3,0,0.0010000000474974513,0.0010000000474974513,500.0,500.0,500.0
old_reserved,arithmetic,5002,216,3,0,0.0010000000474974513,0.0010000000474974513,500.0,500.0,500.0
old_reserved,arithmetic,5002,217,3,0,0.0010000000474974513,0.0010000000474974513,500.0,500.0,500.0
old_reserved,arithmetic,5002,218,3,0,0.0010000000474974513,0.0010000000474974513,500.0,500.0,500.0
old_reserved,arithmetic,5002,219,3,0,0.0010000000474974513,0.0010000000474974513,500.0,500.0,500.0
old_reserved,arithmetic,5002,220,3,0,0.0010000000474974513,0.0010000000474974513,500.0,500.0,500.0
old_reserved,arithmetic,5002,221,3,0,0.0010000000474974513,0.0010000000474974513,500.0,500.0,500.0
old_reserved,arithmetic,5002,222,3,0,0.0010000000474974513,0.0010000000474974513,500.0,500.0,500.0
old_reserved,arithmetic,5002,223,3,0,0.0010000000474974513,0.0010000000474974513,500.0,500.0,500.0
old_reserved,arithmetic,5002,224,3,0,0.0010000000474974513,0.0010000000474974513,500.0,500.0,500.0
old_reserved,arithmetic,5002,225,3,0,0.0010000000474974513,0.0010000000474974513,500.0,500.0,500.0
old_reserved,arithmetic,5002,226,3,0,0.0010000000474974513,0.0010000000474974513,500.0,500.0,500.0
old_reserved,arithmetic,5002,227,3,0,0.0010000000474974513,0.0010000000474974513,500.0,500.0,500.0
old_reserved,arithmetic,5002,228,3,0,0.0010000000474974513,0.0010000000474974513,500.0,500.0,500.0
old_reserved,arithmetic,5002,229,3,0,0.0010000000474974513,0.0010000000474974513,500.0,500.0,500.0
old_reserved,arithmetic,5002,230,3,0,0.0010000000474974513,0.0010000000474974513,500.0,500.0,500.0
old_reserved,arithmetic,5002,231,3,0,0.0010000000474974513,0.0010000000474974513,500.0,500.0,500.0
old_reserved,arithmetic,5002,232,3,0,0.0010000000474974513,0.0010000000474974513,500.0,500.0,500.0
old_reserved,arithmetic,5002,233,3,0,0.0010000000474974513,0.0010000000474974513,500.0,500.0,500.0
old_reserved,arithmetic,5002,234,3,0,0.0010000000474974513,0.0010000000474974513,500.0,500.0,500.0
old_reserved,arithmetic,5002,235,3,0,0.0010000000474974513,0.0010000000474974513,500.0,500.0,500.0
old_reserved,arithmetic,5002,236,3,0,0.0010000000474974513,0.0010000000474974513,500.0,500.0,500.0
old_reserved,arithmetic,5002,237,3,0,0.0010000000474974513,0.0010000000474974513,500.0,500.0,500.0
old_reserved,arithmetic,5002,238,3,0,0.0010000000474974513,0.0010000000474974513,500.0,500.0,500.0
old_reserved,arithmetic,5002,239,3,0,0.0010000000474974513,0.0010000000474974513,500.0,500.0,500.0
old_reserved,arithmetic,5002,240,4,1,0.0010000000474974513,0.0010000000474974513,500.0,500.0,500.0
old_reserved,arithmetic,5002,241,4,1,0.0010000000474974513,0.0010000000474974513,500.0,500.0,500.0
old_reserved,arithmetic,5002,242,4,1,0.0010000000474974513,0.0010000000474974513,500.0,500.0,500.0
old_reserved,arithmetic,5002,243,4,1,0.0010000000474974513,0.0010000000474974513,500.0,500.0,500.0
old_reserved,arithmetic,5002,244,4,1,0.0010000000474974513,0.0010000000474974513,500.0,500.0,500.0
old_reserved,arithmetic,5002,245,4,1,0.0010000000474974513,0.0010000000474974513,500.0,500.0,500.0
old_reserved,arithmetic,5002,246,4,1,0.0010000000474974513,0.0010000000474974513,500.0,500.0,500.0
old_reserved,arithmetic,5002,247,4,1,0.0010000000474974513,0.0010000000474974513,500.0,500.0,500.0
old_reserved,arithmetic,5002,248,4,1,0.0010000000474974513,0.0010000000474974513,500.0,500.0,500.0
old_reserved,arithmetic,5002,249,4,1,0.0010000000474974513,0.0010000000474974513,500.0,500.0,500.0
old_reserved,arithmetic,5002,250,4,1,0.0010000000474974513,0.0010000000474974513,500.0,500.0,500.0
old_reserved,arithmetic,5002,251,4,1,0.0010000000474974513,0.0010000000474974513,500.0,500.0,500.0
old_reserved,arithmetic,5002,252,4,1,0.0010000000474974513,0.0010000000474974513,500.0,500.0,500.0
old_reserved,arithmetic,5002,253,4,1,0.0010000000474974513,0.0010000000474974513,500.0,500.0,500.0
old_reserved,arithmetic,5002,254,4,1,0.0010000000474974513,0.0010000000474974513,500.0,500.0,500.0
old_reserved,arithmetic,5002,255,4,1,0.0010000000474974513,0.0010000000474974513,500.0,500.0,500.0
old_reserved,arithmetic,5002,256,4,1,0.0010000000474974513,0.0010000000474974513,500.0,500.0,500.0
old_reserved,arithmetic,5002,257,4,1,0.0010000000474974513,0.0010000000474974513,500.0,500.0,500.0
old_reserved,arithmetic,5002,258,4,1,0.0010000000474974513,0.0010000000474974513,500.0,500.0,500.0
old_reserved,arithmetic,5002,259,4,1,0.0010000000474974513,0.0010000000474974513,500.0,500.0,500.0
old_reserved,arithmetic,5002,260,4,1,0.0010000000474974513,0.0010000000474974513,500.0,500.0,500.0
old_reserved,arithmetic,5002,261,4,1,0.0010000000474974513,0.0010000000474974513,500.0,500.0,500.0
old_reserved,arithmetic,5002,262,4,1,0.0010000000474974513,0.0010000000474974513,500.0,500.0,500.0
old_reserved,arithmetic,5002,263,4,1,0.0010000000474974513,0.0010000000474974513,500.0,500.0,500.0
old_reserved,arithmetic,5002,264,4,1,0.0010000000474974513,0.0010000000474974513,500.0,500.0,500.0
old_reserved,arithmetic,5002,265,4,1,0.0010000000474974513,0.0010000000474974513,500.0,500.0,500.0
old_reserved,arithmetic,5002,266,4,1,0.0010000000474974513,0.0010000000474974513,500.0,500.0,500.0
old_reserved,arithmetic,5002,267,4,1,0.0010000000474974513,0.0010000000474974513,500.0,500.0,500.0
old_reserved,arithmetic,5002,268,4,1,0.0010000000474974513,0.0010000000474974513,500.0,500.0,500.0
old_reserved,arithmetic,5002,269,4,1,0.0010000000474974513,0.0010000000474974513,500.0,500.0,500.0
old_reserved,arithmetic,5002,270,4,1,0.0010000000474974513,0.0010000000474974513,500.0,500.0,500.0
old_reserved,arithmetic,5002,271,4,1,0.0010000000474974513,0.0010000000474974513,500.0,500.0,500.0
old_reserved,arithmetic,5002,272,4,1,0.0010000000474974513,0.0010000000474974513,500.0,500.0,500.0
old_reserved,arithmetic,5002,273,4,1,0.0010000000474974513,0.0010000000474974513,500.0,500.0,500.0
old_reserved,arithmetic,5002,274,4,1,0.0010000000474974513,0.0010000000474974513,500.0,500.0,500.0
old_reserved,arithmetic,5002,275,4,1,0.0010000000474974513,0.0010000000474974513,500.0,500.0,500.0
old_reserved,arithmetic,5002,276,4,1,0.0010000000474974513,0.0010000000474974513,500.0,500.0,500.0
old_reserved,arithmetic,5002,277,4,1,0.0010000000474974513,0.0010000000474974513,500.0,500.0,500.0
old_reserved,arithmetic,5002,278,4,1,0.0010000000474974513,0.0010000000474974513,500.0,500.0,500.0
old_reserved,arithmetic,5002,279,4,1,0.0010000000474974513,0.0010000000474974513,500.0,500.0,500.0
old_reserved,arithmetic,5002,280,4,1,0.0010000000474974513,0.0010000000474974513,500.0,500.0,500.0
old_reserved,arithmetic,5002,281,4,1,0.0010000000474974513,0.0010000000474974513,500.0,500.0,500.0
old_reserved,arithmetic,5002,282,4,1,0.0010000000474974513,0.0010000000474974513,500.0,500.0,500.0
old_reserved,arithmetic,5002,283,4,1,0.0010000000474974513,0.0010000000474974513,500.0,500.0,500.0
old_reserved,arithmetic,5002,284,4,1,0.0010000000474974513,0.0010000000474974513,500.0,500.0,500.0
old_reserved,arithmetic,5002,285,4,1,0.0010000000474974513,0.0010000000474974513,500.0,500.0,500.0
old_reserved,arithmetic,5002,286,4,1,0.0010000000474974513,0.0010000000474974513,500.0,500.0,500.0
old_reserved,arithmetic,5002,287,4,1,0.0010000000474974513,0.0010000000474974513,500.0,500.0,500.0
old_reserved,arithmetic,5002,288,4,1,0.0010000000474974513,0.0010000000474974513,500.0,500.0,500.0
old_reserved,arithmetic,5002,289,4,1,0.0010000000474974513,0.0010000000474974513,500.0,500.0,500.0
old_reserved,arithmetic,5002,290,4,1,0.0010000000474974513,0.0010000000474974513,500.0,500.0,500.0
old_reserved,arithmetic,5002,291,4,1,0.0010000000474974513,0.0010000000474974513,500.0,500.0,500.0
old_reserved,arithmetic,5002,292,4,1,0.0010000000474974513,0.0010000000474974513,500.0,500.0,500.0
old_reserved,arithmetic,5002,293,4,1,0.0010000000474974513,0.0010000000474974513,500.0,500.0,500.0
old_reserved,arithmetic,5002,294,4,1,0.0010000000474974513,0.0010000000474974513,500.0,500.0,500.0
old_reserved,arithmetic,5002,295,4,1,0.0010000000474974513,0.0010000000474974513,500.0,500.0,500.0
old_reserved,arithmetic,5002,296,4,1,0.0010000000474974513,0.0010000000474974513,500.0,500.0,500.0
old_reserved,arithmetic,5002,297,4,1,0.0010000000474974513,0.0010000000474974513,500.0,500.0,500.0
old_reserved,arithmetic,5002,298,4,1,0.0010000000474974513,0.0010000000474974513,500.0,500.0,500.0
old_reserved,arithmetic,5002,299,4,1,0.0010000000474974513,0.0010000000474974513,500.0,500.0,500.0
old_reserved,arithmetic,5002,300,4,1,0.0010000000474974513,0.0010000000474974513,500.0,500.0,500.0
old_reserved,arithmetic,5002,301,4,1,0.0010000000474974513,0.0010000000474974513,500.0,500.0,500.0
old_reserved,arithmetic,5002,302,4,1,0.0010000000474974513,0.0010000000474974513,500.0,500.0,500.0
old_reserved,arithmetic,5002,303,4,1,0.0010000000474974513,0.0010000000474974513,500.0,500.0,500.0
old_reserved,arithmetic,5002,304,4,1,0.0010000000474974513,0.0010000000474974513,500.0,500.0,500.0
old_reserved,arithmetic,5002,305,4,1,0.0010000000474974513,0.0010000000474974513,500.0,500.0,500.0
old_reserved,arithmetic,5002,306,4,1,0.0010000000474974513,0.0010000000474974513,500.0,500.0,500.0
old_reserved,arithmetic,5002,307,4,1,0.0010000000474974513,0.0010000000474974513,500.0,500.0,500.0
old_reserved,arithmetic,5002,308,4,1,0.0010000000474974513,0.0010000000474974513,500.0,500.0,500.0
old_reserved,arithmetic,5002,309,4,1,0.0010000000474974513,0.0010000000474974513,500.0,500.0,500.0
old_reserved,arithmetic,5002,310,4,1,0.0010000000474974513,0.0010000000474974513,500.0,500.0,500.0
old_reserved,arithmetic,5002,311,4,1,0.0010000000474974513,0.0010000000474974513,500.0,500.0,500.0
old_reserved,arithmetic,5002,312,4,1,0.0010000000474974513,0.0010000000474974513,500.0,500.0,500.0
old_reserved,arithmetic,5002,313,4,1,0.0010000000474974513,0.0010000000474974513,500.0,500.0,500.0
old_reserved,arithmetic,5002,314,4,1,0.0010000000474974513,0.0010000000474974513,500.0,500.0,500.0
old_reserved,arithmetic,5002,315,4,1,0.0010000000474974513,0.0010000000474974513,500.0,500.0,500.0
old_reserved,arithmetic,5002,316,4,1,0.0010000000474974513,0.0010000000474974513,500.0,500.0,500.0
old_reserved,arithmetic,5002,317,4,1,0.0010000000474974513,0.0010000000474974513,500.0,500.0,500.0
old_reserved,arithmetic,5002,318,4,1,0.0010000000474974513,0.0010000000474974513,500.0,500.0,500.0
old_reserved,arithmetic,5002,319,4,1,0.0010000000474974513,0.0010000000474974513,500.0,500.0,500.0
old_reserved,arithmetic,5003,0,1,0,0.5,0.5015649199485779,9.0,9.100000381469727,11.333333969116211
old_reserved,arithmetic,5003,1,1,0,0.5015649199485779,0.49378886818885803,9.300000190734863,8.699999809265137,13.979166030883789
old_reserved,arithmetic,5003,2,1,0,0.49378886818885803,0.4861333668231964,9.199999809265137,9.699999809265137,18.302082061767578
old_reserved,arithmetic,5003,3,1,0,0.4861333668231964,0.478596568107605,9.600000381469727,9.300000190734863,27.932292938232422
old_reserved,arithmetic,5003,4,1,0,0.478596568107605,0.4667799770832062,9.40000057220459,9.300000190734863,46.07813262939453
old_reserved,arithmetic,5003,5,1,0,0.4667799770832062,0.45100706815719604,9.300000190734863,9.5,50.312496185302734
old_reserved,arithmetic,5003,6,1,0,0.45100706815719604,0.434407502412796,9.699999809265137,9.800000190734863,62.223960876464844
old_reserved,arithmetic,5003,7,1,0,0.434407502412796,0.41711336374282837,70.80000305175781,18.700000762939453,65.77083587646484
old_reserved,arithmetic,5003,8,1,0,0.41711336374282837,0.4042801260948181,90.80000305175781,17.100000381469727,76.05209350585938
old_reserved,arithmetic,5003,9,1,0,0.4042801260948181,0.3869742155075073,62.79999923706055,61.0,84.49998474121094
old_reserved,arithmetic,5003,10,1,0,0.3869742155075073,0.3750682771205902,54.29999923706055,137.1999969482422,98.59896850585938
old_reserved,arithmetic,5003,11,1,0,0.3750682771205902,0.360136479139328,118.70000457763672,107.80000305175781,107.70310974121094
old_reserved,arithmetic,5003,12,1,0,0.360136479139328,0.3468814492225647,238.6999969482422,105.30000305175781,131.56771850585938
old_reserved,arithmetic,5003,13,1,0,0.3468814492225647,0.3362090289592743,386.20001220703125,12.0,162.45834350585938
old_reserved,arithmetic,5003,14,1,0,0.3362090289592743,0.3238346576690674,409.3999938964844,173.5,190.4270782470703
old_reserved,arithmetic,5003,15,1,0,0.3238346576690674,0.31094250082969666,489.1000061035156,284.8999938964844,213.4375
old_reserved,arithmetic,5003,16,1,0,0.31094250082969666,0.3042144775390625,453.20001220703125,452.6000061035156,279.3385925292969
old_reserved,arithmetic,5003,17,1,0,0.3042144775390625,0.2948547899723053,483.70001220703125,398.1000061035156,344.95831298828125
old_reserved,arithmetic,5003,18,1,0,0.2948547899723053,0.28047457337379456,500.0,368.70001220703125,334.6197814941406
old_reserved,arithmetic,5003,19,1,0,0.28047457337379456,0.26679566502571106,500.0,395.8000183105469,348.5885314941406
old_reserved,arithmetic,5003,20,1,0,0.26679566502571106,0.2537838816642761,500.0,500.0,383.49481201171875
old_reserved,arithmetic,5003,21,1,0,0.2537838816642761,0.24140670895576477,500.0,497.3999938964844,408.390625
old_reserved,arithmetic,5003,22,1,0,0.24140670895576477,0.229633167386055,500.0,492.8999938964844,404.1145935058594
old_reserved,arithmetic,5003,23,1,0,0.229633167386055,0.21843382716178894,500.0,418.8999938964844,441.6979064941406
old_reserved,arithmetic,5003,24,1,0,0.21843382716178894,0.20778068900108337,500.0,474.3999938964844,423.078125
old_reserved,arithmetic,5003,25,1,0,0.20778068900108337,0.1976471096277237,500.0,470.0,400.9114685058594
old_reserved,arithmetic,5003,26,1,0,0.1976471096277237,0.18800775706768036,500.0,500.0,427.6302490234375
old_reserved,arithmetic,5003,27,1,0,0.18800775706768036,0.17883852124214172,500.0,500.0,416.70831298828125
old_reserved,arithmetic,5003,28,1,0,0.17883852124214172,0.17011646926403046,500.0,500.0,428.328125
old_reserved,arithmetic,5003,29,1,0,0.17011646926403046,0.16181980073451996,500.0,500.0,450.046875
old_reserved,arithmetic,5003,30,1,0,0.16181980073451996,0.1539277583360672,500.0,500.0,469.22918701171875
old_reserved,arithmetic,5003,31,1,0,0.1539277583360672,0.14642061293125153,500.0,500.0,437.7343444824219
old_reserved,arithmetic,5003,32,1,0,0.14642061293125153,0.13927960395812988,500.0,500.0,465.9375
old_reserved,arithmetic,5003,33,1,0,0.13927960395812988,0.13248686492443085,500.0,500.0,475.8125
old_reserved,arithmetic,5003,34,1,0,0.13248686492443085,0.12602540850639343,500.0,500.0,464.0572814941406
old_reserved,arithmetic,5003,35,1,0,0.12602540850639343,0.11987908184528351,500.0,208.90000915527344,464.93231201171875
old_reserved,arithmetic,5003,36,1,0,0.11987908184528351,0.11403251439332962,500.0,423.8999938964844,483.6145935058594
old_reserved,arithmetic,5003,37,1,0,0.11403251439332962,0.1084710881114006,500.0,358.5,471.89581298828125
old_reserved,arithmetic,5003,38,1,0,0.1084710881114006,0.103180892765522,500.0,367.70001220703125,458.078125
old_reserved,arithmetic,5003,39,1,0,0.103180892765522,0.09814870357513428,500.0,443.8000183105469,477.86981201171875
old_reserved,arithmetic,5003,40,1,0,0.09814870357513428,0.09336193650960922,500.0,500.0,459.50518798828125
old_reserved,arithmetic,5003,41,1,0,0.09336193650960922,0.08880862593650818,500.0,430.3999938964844,478.5625
old_reserved,arithmetic,5003,42,1,0,0.08880862593650818,0.08447737991809845,500.0,500.0,494.0
old_reserved,arithmetic,5003,43,1,0,0.08447737991809845,0.0803573727607727,500.0,498.3999938964844,496.89581298828125
old_reserved,arithmetic,5003,44,1,0,0.0803573727607727,0.0764383003115654,500.0,500.0,482.140625
old_reserved,arithmetic,5003,45,1,0,0.0764383003115654,0.07271036505699158,500.0,500.0,491.81768798828125
old_reserved,arithmetic,5003,46,1,0,0.07271036505699158,0.06916423887014389,500.0,500.0,493.72918701171875
old_reserved,arithmetic,5003,47,1,0,0.06916423887014389,0.0657910630106926,500.0,500.0,479.40106201171875
old_reserved,arithmetic,5003,48,1,0,0.0657910630106926,0.06258239597082138,500.0,500.0,463.3125
old_reserved,arithmetic,5003,49,1,0,0.06258239597082138,0.059530217200517654,500.0,500.0,491.97393798828125
old_reserved,arithmetic,5003,50,1,0,0.059530217200517654,0.05662689730525017,500.0,500.0,471.67706298828125
old_reserved,arithmetic,5003,51,1,0,0.05662689730525017,0.05386517196893692,500.0,500.0,492.28125
old_reserved,arithmetic,5003,52,1,0,0.05386517196893692,0.05123813822865486,500.0,500.0,494.546875
old_reserved,arithmetic,5003,53,1,0,0.05123813822865486,0.048739224672317505,500.0,495.8000183105469,490.609375
old_reserved,arithmetic,5003,54,1,0,0.048739224672317505,0.04636218771338463,500.0,500.0,499.90106201171875
old_reserved,arithmetic,5003,55,1,0,0.04636218771338463,0.04410107806324959,500.0,500.0,497.96875
old_reserved,arithmetic,5003,56,1,0,0.04410107806324959,0.04195024445652962,500.0,499.3000183105469,481.59375
old_reserved,arithmetic,5003,57,1,0,0.04195024445652962,0.03990430757403374,500.0,352.70001220703125,492.7083435058594
old_reserved,arithmetic,5003,58,1,0,0.03990430757403374,0.03795815259218216,500.0,462.5,472.828125
old_reserved,arithmetic,5003,59,1,0,0.03795815259218216,0.03610691428184509,500.0,500.0,497.0208435058594
old_reserved,arithmetic,5003,60,1,0,0.03610691428184509,0.03434596210718155,500.0,365.3000183105469,497.72393798828125
old_reserved,arithmetic,5003,61,1,0,0.03434596210718155,0.03267088904976845,500.0,235.40000915527344,492.6875
old_reserved,arithmetic,5003,62,1,0,0.03267088904976845,0.031077511608600616,500.0,225.1999969482422,486.34893798828125
old_reserved,arithmetic,5003,63,1,0,0.031077511608600616,0.0295618437230587,500.0,234.60000610351562,494.88018798828125
old_reserved,arithmetic,5003,64,1,0,0.0295618437230587,0.028120096772909164,500.0,221.3000030517578,497.4583435058594
old_reserved,arithmetic,5003,65,1,0,0.028120096772909164,0.026748664677143097,500.0,204.6999969482422,495.265625
old_reserved,arithmetic,5003,66,1,0,0.026748664677143097,0.025444118306040764,499.8999938964844,214.8000030517578,499.1875
old_reserved,arithmetic,5003,67,1,0,0.025444118306040764,0.024203194305300713,500.0,188.3000030517578,497.33856201171875
old_reserved,arithmetic,5003,68,1,0,0.024203194305300713,0.023022791370749474,500.0,162.8000030517578,496.74481201171875
old_reserved,arithmetic,5003,69,1,0,0.023022791370749474,0.021899957209825516,500.0,220.3000030517578,500.0
old_reserved,arithmetic,5003,70,1,0,0.021899957209825516,0.020831884816288948,500.0,213.10000610351562,500.0
old_reserved,arithmetic,5003,71,1,0,0.020831884816288948,0.019815903156995773,500.0,430.20001220703125,497.48956298828125
old_reserved,arithmetic,5003,72,1,0,0.019815903156995773,0.01884947158396244,500.0,460.6000061035156,500.0
old_reserved,arithmetic,5003,73,1,0,0.01884947158396244,0.017930172383785248,500.0,389.1000061035156,500.0
old_reserved,arithmetic,5003,74,1,0,0.017930172383785248,0.017055708914995193,500.0,499.8999938964844,500.0
old_reserved,arithmetic,5003,75,1,0,0.017055708914995193,0.01622389256954193,500.0,500.0,500.0
old_reserved,arithmetic,5003,76,1,0,0.01622389256954193,0.015432644635438919,500.0,497.5,500.0
old_reserved,arithmetic,5003,77,1,0,0.015432644635438919,0.0146799860522151,500.0,363.8000183105469,500.0
old_reserved,arithmetic,5003,78,1,0,0.0146799860522151,0.013964035548269749,500.0,321.5,497.45831298828125
old_reserved,arithmetic,5003,79,1,0,0.013964035548269749,0.013283002190291882,500.0,463.5,500.0
old_reserved,arithmetic,5003,80,2,1,0.013283002190291882,0.013283002190291882,500.0,500.0,267.2083435058594
old_reserved,arithmetic,5003,81,2,1,0.013283002190291882,0.012635182589292526,500.0,500.0,452.0885314941406
old_reserved,arithmetic,5003,82,2,1,0.012635182589292526,0.012018958106637001,500.0,500.0,497.0520935058594
old_reserved,arithmetic,5003,83,2,1,0.012018958106637001,0.011432787403464317,500.0,500.0,500.0
old_reserved,arithmetic,5003,84,2,1,0.011432787403464317,0.010875203646719456,500.0,500.0,495.2552185058594
old_reserved,arithmetic,5003,85,2,1,0.010875203646719456,0.010344813577830791,500.0,500.0,500.0
old_reserved,arithmetic,5003,86,2,1,0.010344813577830791,0.009840290993452072,500.0,500.0,500.0
old_reserved,arithmetic,5003,87,2,1,0.009840290993452072,0.009360374882817268,500.0,500.0,500.0
old_reserved,arithmetic,5003,88,2,1,0.009360374882817268,0.008903863839805126,500.0,484.8000183105469,497.63543701171875
old_reserved,arithmetic,5003,89,2,1,0.008903863839805126,0.008469617925584316,500.0,491.6000061035156,490.50518798828125
old_reserved,arithmetic,5003,90,2,1,0.008469617925584316,0.008056550286710262,500.0,494.3999938964844,500.0
old_reserved,arithmetic,5003,91,2,1,0.008056550286710262,0.007663628086447716,500.0,500.0,500.0
old_reserved,arithmetic,5003,92,2,1,0.007663628086447716,0.007289868779480457,500.0,474.8000183105469,500.0
old_reserved,arithmetic,5003,93,2,1,0.007289868779480457,0.00693433778360486,500.0,500.0,500.0
old_reserved,arithmetic,5003,94,2,1,0.00693433778360486,0.006596146151423454,500.0,500.0,500.0
old_reserved,arithmetic,5003,95,2,1,0.006596146151423454,0.006274448707699776,500.0,482.3000183105469,499.16143798828125
old_reserved,arithmetic,5003,96,2,1,0.006274448707699776,0.0059684403240680695,500.0,481.3999938964844,500.0
old_reserved,arithmetic,5003,97,2,1,0.0059684403240680695,0.005677356384694576,500.0,475.3000183105469,500.0
old_reserved,arithmetic,5003,98,2,1,0.005677356384694576,0.005400468595325947,500.0,494.6000061035156,500.0
old_reserved,arithmetic,5003,99,2,1,0.005400468595325947,0.005137084983289242,500.0,482.0,500.0
old_reserved,arithmetic,5003,100,2,1,0.005137084983289242,0.004886546637862921,500.0,500.0,500.0
old_reserved,arithmetic,5003,101,2,1,0.004886546637862921,0.004648227244615555,500.0,500.0,500.0
old_reserved,arithmetic,5003,102,2,1,0.004648227244615555,0.00442153075709939,500.0,464.3999938964844,500.0
old_reserved,arithmetic,5003,103,2,1,0.00442153075709939,0.004205890465527773,500.0,437.70001220703125,500.0
old_reserved,arithmetic,5003,104,2,1,0.004205890465527773,0.004000766668468714,500.0,482.1000061035156,500.0
old_reserved,arithmetic,5003,105,2,1,0.004000766668468714,0.003805647138506174,500.0,435.0,500.0
old_reserved,arithmetic,5003,106,2,1,0.003805647138506174,0.0036200436297804117,500.0,493.1000061035156,500.0
old_reserved,arithmetic,5003,107,2,1,0.0036200436297804117,0.0034434921108186245,500.0,432.1000061035156,500.0
old_reserved,arithmetic,5003,108,2,1,0.0034434921108186245,0.0032755511347204447,500.0,499.3000183105469,500.0
old_reserved,arithmetic,5003,109,2,1,0.0032755511347204447,0.0031158006750047207,500.0,496.0,500.0
old_reserved,arithmetic,5003,110,2,1,0.0031158006750047207,0.002963841427117586,500.0,462.3000183105469,500.0
old_reserved,arithmetic,5003,111,2,1,0.002963841427117586,0.0028192931786179543,500.0,499.70001220703125,500.0
old_reserved,arithmetic,5003,112,2,1,0.0028192931786179543,0.002681794809177518,500.0,498.70001220703125,500.0
old_reserved,arithmetic,5003,113,2,1,0.002681794809177518,0.0025510021951049566,500.0,436.8999938964844,500.0
old_reserved,arithmetic,5003,114,2,1,0.0025510021951049566,0.0024265884421765804,500.0,489.3000183105469,500.0
old_reserved,arithmetic,5003,115,2,1,0.0024265884421765804,0.0023082424886524677,500.0,485.5,500.0
old_reserved,arithmetic,5003,116,2,1,0.0023082424886524677,0.002195668173953891,500.0,472.6000061035156,500.0
old_reserved,arithmetic,5003,117,2,1,0.002195668173953891,0.0020885842386633158,500.0,457.20001220703125,500.0
old_reserved,arithmetic,5003,118,2,1,0.0020885842386633158,0.0019867229275405407,500.0,470.5,500.0
old_reserved,arithmetic,5003,119,2,1,0.0019867229275405407,0.0018898294074460864,500.0,482.1000061035156,500.0
old_reserved,arithmetic,5003,120,2,1,0.0018898294074460864,0.001797661418095231,500.0,486.1000061035156,500.0
old_reserved,arithmetic,5003,121,2,1,0.001797661418095231,0.0017099884571507573,500.0,480.70001220703125,500.0
old_reserved,arithmetic,5003,122,2,1,0.0017099884571507573,0.0016265914309769869,500.0,488.20001220703125,500.0
old_reserved,arithmetic,5003,123,2,1,0.0016265914309769869,0.001547261723317206,500.0,485.3000183105469,500.0
old_reserved,arithmetic,5003,124,2,1,0.001547261723317206,0.0014718009624630213,500.0,476.8999938964844,500.0
old_reserved,arithmetic,5003,125,2,1,0.0014718009624630213,0.0014000204391777515,500.0,479.8000183105469,500.0
old_reserved,arithmetic,5003,126,2,1,0.0014000204391777515,0.0013317406410351396,500.0,472.70001220703125,500.0
old_reserved,arithmetic,5003,127,2,1,0.0013317406410351396,0.001266790903173387,500.0,497.5,500.0
old_reserved,arithmetic,5003,128,2,1,0.001266790903173387,0.0012050088262185454,500.0,492.3000183105469,500.0
old_reserved,arithmetic,5003,129,2,1,0.0012050088262185454,0.0011462399270385504,500.0,488.6000061035156,500.0
old_reserved,arithmetic,5003,130,2,1,0.0011462399270385504,0.0010903371730819345,500.0,479.8999938964844,500.0
old_reserved,arithmetic,5003,131,2,1,0.0010903371730819345,0.0010371608659625053,500.0,473.0,500.0
old_reserved,arithmetic,5003,132,2,1,0.0010371608659625053,0.0010000000474974513,500.0,443.8000183105469,500.0
old_reserved,arithmetic,5003,133,2,1,0.0010000000474974513,0.0010000000474974513,500.0,450.0,500.0
old_reserved,arithmetic,5003,134,2,1,0.0010000000474974513,0.0010000000474974513,500.0,497.0,500.0
old_reserved,arithmetic,5003,135,2,1,0.0010000000474974513,0.0010000000474974513,500.0,458.6000061035156,500.0
old_reserved,arithmetic,5003,136,2,1,0.0010000000474974513,0.0010000000474974513,500.0,450.1000061035156,500.0
old_reserved,arithmetic,5003,137,2,1,0.0010000000474974513,0.0010000000474974513,500.0,429.3000183105469,500.0
old_reserved,arithmetic,5003,138,2,1,0.0010000000474974513,0.0010000000474974513,500.0,464.8000183105469,500.0
old_reserved,arithmetic,5003,139,2,1,0.0010000000474974513,0.0010000000474974513,500.0,438.8999938964844,500.0
old_reserved,arithmetic,5003,140,2,1,0.0010000000474974513,0.0010000000474974513,500.0,449.20001220703125,500.0
old_reserved,arithmetic,5003,141,2,1,0.0010000000474974513,0.0010000000474974513,500.0,439.1000061035156,500.0
old_reserved,arithmetic,5003,142,2,1,0.0010000000474974513,0.0010000000474974513,500.0,449.70001220703125,500.0
old_reserved,arithmetic,5003,143,2,1,0.0010000000474974513,0.0010000000474974513,500.0,444.20001220703125,500.0
old_reserved,arithmetic,5003,144,2,1,0.0010000000474974513,0.0010000000474974513,500.0,460.0,500.0
old_reserved,arithmetic,5003,145,2,1,0.0010000000474974513,0.0010000000474974513,500.0,457.5,500.0
old_reserved,arithmetic,5003,146,2,1,0.0010000000474974513,0.0010000000474974513,500.0,436.5,500.0
old_reserved,arithmetic,5003,147,2,1,0.0010000000474974513,0.0010000000474974513,500.0,442.70001220703125,500.0
old_reserved,arithmetic,5003,148,2,1,0.0010000000474974513,0.0010000000474974513,500.0,436.3000183105469,500.0
old_reserved,arithmetic,5003,149,2,1,0.0010000000474974513,0.0010000000474974513,500.0,440.6000061035156,500.0
old_reserved,arithmetic,5003,150,2,1,0.0010000000474974513,0.0010000000474974513,500.0,433.6000061035156,500.0
old_reserved,arithmetic,5003,151,2,1,0.0010000000474974513,0.0010000000474974513,500.0,424.6000061035156,500.0
old_reserved,arithmetic,5003,152,2,1,0.0010000000474974513,0.0010000000474974513,500.0,438.6000061035156,500.0
old_reserved,arithmetic,5003,153,2,1,0.0010000000474974513,0.0010000000474974513,500.0,432.5,500.0
old_reserved,arithmetic,5003,154,2,1,0.0010000000474974513,0.0010000000474974513,500.0,434.1000061035156,500.0
old_reserved,arithmetic,5003,155,2,1,0.0010000000474974513,0.0010000000474974513,500.0,411.3999938964844,500.0
old_reserved,arithmetic,5003,156,2,1,0.0010000000474974513,0.0010000000474974513,500.0,457.20001220703125,500.0
old_reserved,arithmetic,5003,157,2,1,0.0010000000474974513,0.0010000000474974513,500.0,447.70001220703125,500.0
old_reserved,arithmetic,5003,158,2,1,0.0010000000474974513,0.0010000000474974513,500.0,453.8000183105469,500.0
old_reserved,arithmetic,5003,159,2,1,0.0010000000474974513,0.0010000000474974513,500.0,453.70001220703125,500.0
old_reserved,arithmetic,5003,160,3,0,0.0010000000474974513,0.0010000000474974513,473.8000183105469,500.0,435.82293701171875
old_reserved,arithmetic,5003,161,3,0,0.0010000000474974513,0.0010157476644963026,444.5,500.0,450.53125
old_reserved,arithmetic,5003,162,3,0,0.0010157476644963026,0.0010000000474974513,458.6000061035156,500.0,459.03643798828125
old_reserved,arithmetic,5003,163,3,0,0.0010000000474974513,0.0010000000474974513,483.3999938964844,500.0,465.3332824707031
old_reserved,arithmetic,5003,164,3,0,0.0010000000474974513,0.0010062695946544409,492.5,500.0,472.18231201171875
old_reserved,arithmetic,5003,165,3,0,0.0010062695946544409,0.0010000000474974513,500.0,500.0,470.5625
old_reserved,arithmetic,5003,166,3,0,0.0010000000474974513,0.0010000000474974513,467.8000183105469,500.0,483.91668701171875
old_reserved,arithmetic,5003,167,3,0,0.0010000000474974513,0.0010000000474974513,481.1000061035156,500.0,491.54168701171875
old_reserved,arithmetic,5003,168,3,0,0.0010000000474974513,0.0010094190947711468,500.0,500.0,478.2864990234375
old_reserved,arithmetic,5003,169,3,0,0.0010094190947711468,0.0010000000474974513,491.3000183105469,500.0,485.515625
old_reserved,arithmetic,5003,170,3,0,0.0010000000474974513,0.0010000000474974513,476.3000183105469,500.0,481.15106201171875
old_reserved,arithmetic,5003,171,3,0,0.0010000000474974513,0.0010000000474974513,485.8000183105469,500.0,487.3645935058594
old_reserved,arithmetic,5003,172,3,0,0.0010000000474974513,0.0010000000474974513,480.5,500.0,477.94268798828125
old_reserved,arithmetic,5003,173,3,0,0.0010000000474974513,0.0010000000474974513,489.8000183105469,500.0,479.2395935058594
old_reserved,arithmetic,5003,174,3,0,0.0010000000474974513,0.0010000000474974513,500.0,500.0,483.5103759765625
old_reserved,arithmetic,5003,175,3,0,0.0010000000474974513,0.0010000000474974513,486.8000183105469,500.0,486.625
old_reserved,arithmetic,5003,176,3,0,0.0010000000474974513,0.0010000000474974513,483.3000183105469,500.0,482.8125
old_reserved,arithmetic,5003,177,3,0,0.0010000000474974513,0.0010000000474974513,486.3000183105469,500.0,483.6406555175781
old_reserved,arithmetic,5003,178,3,0,0.0010000000474974513,0.0010000000474974513,485.6000061035156,500.0,491.5572509765625
old_reserved,arithmetic,5003,179,3,0,0.0010000000474974513,0.0010000000474974513,486.8999938964844,500.0,489.22918701171875
old_reserved,arithmetic,5003,180,3,0,0.0010000000474974513,0.0010000000474974513,479.8000183105469,500.0,485.40625
old_reserved,arithmetic,5003,181,3,0,0.0010000000474974513,0.001012578490190208,481.8000183105469,500.0,482.6614685058594
old_reserved,arithmetic,5003,182,3,0,0.001012578490190208,0.0010000000474974513,494.20001220703125,500.0,488.72393798828125
old_reserved,arithmetic,5003,183,3,0,0.0010000000474974513,0.0010000000474974513,486.6000061035156,500.0,492.9739990234375
old_reserved,arithmetic,5003,184,3,0,0.0010000000474974513,0.0010000000474974513,485.20001220703125,500.0,492.6927185058594
old_reserved,arithmetic,5003,185,3,0,0.0010000000474974513,0.0010000000474974513,500.0,500.0,490.93231201171875
old_reserved,arithmetic,5003,186,3,0,0.0010000000474974513,0.0010000000474974513,492.20001220703125,500.0,490.16668701171875
old_reserved,arithmetic,5003,187,3,0,0.0010000000474974513,0.0010000000474974513,480.6000061035156,500.0,486.7447814941406
old_reserved,arithmetic,5003,188,3,0,0.0010000000474974513,0.0010000000474974513,500.0,500.0,492.65106201171875
old_reserved,arithmetic,5003,189,3,0,0.0010000000474974513,0.0010000000474974513,499.20001220703125,500.0,490.359375
old_reserved,arithmetic,5003,190,3,0,0.0010000000474974513,0.0010000000474974513,492.70001220703125,500.0,488.0260314941406
old_reserved,arithmetic,5003,191,3,0,0.0010000000474974513,0.0010000000474974513,492.70001220703125,500.0,489.90625
old_reserved,arithmetic,5003,192,3,0,0.0010000000474974513,0.0010000000474974513,500.0,500.0,493.15625
old_reserved,arithmetic,5003,193,3,0,0.0010000000474974513,0.0010000000474974513,493.6000061035156,500.0,488.92706298828125
old_reserved,arithmetic,5003,194,3,0,0.0010000000474974513,0.0010000000474974513,492.20001220703125,500.0,490.5052185058594
old_reserved,arithmetic,5003,195,3,0,0.0010000000474974513,0.0010000000474974513,492.8000183105469,500.0,489.0208435058594
old_reserved,arithmetic,5003,196,3,0,0.0010000000474974513,0.0010000000474974513,500.0,500.0,495.5677185058594
old_reserved,arithmetic,5003,197,3,0,0.0010000000474974513,0.0010000000474974513,492.8000183105469,500.0,491.72918701171875
old_reserved,arithmetic,5003,198,3,0,0.0010000000474974513,0.0010000000474974513,500.0,500.0,491.609375
old_reserved,arithmetic,5003,199,3,0,0.0010000000474974513,0.0010000000474974513,500.0,500.0,497.38018798828125
old_reserved,arithmetic,5003,200,3,0,0.0010000000474974513,0.0010000000474974513,485.20001220703125,500.0,497.28125
old_reserved,arithmetic,5003,201,3,0,0.0010000000474974513,0.0010000000474974513,493.1000061035156,500.0,495.71875
old_reserved,arithmetic,5003,202,3,0,0.0010000000474974513,0.0010000000474974513,493.3000183105469,500.0,490.7135314941406
old_reserved,arithmetic,5003,203,3,0,0.0010000000474974513,0.0010000000474974513,500.0,500.0,492.53643798828125
old_reserved,arithmetic,5003,204,3,0,0.0010000000474974513,0.0010000000474974513,500.0,500.0,496.5520935058594
old_reserved,arithmetic,5003,205,3,0,0.0010000000474974513,0.0010000000474974513,493.3999938964844,500.0,491.7447814941406
old_reserved,arithmetic,5003,206,3,0,0.0010000000474974513,0.0010000000474974513,500.0,500.0,493.125
old_reserved,arithmetic,5003,207,3,0,0.0010000000474974513,0.0010000000474974513,498.70001220703125,500.0,496.42706298828125
old_reserved,arithmetic,5003,208,3,0,0.0010000000474974513,0.0010000000474974513,499.0,500.0,494.4791564941406
old_reserved,arithmetic,5003,209,3,0,0.0010000000474974513,0.0010000000474974513,489.8000183105469,500.0,494.6875
old_reserved,arithmetic,5003,210,3,0,0.0010000000474974513,0.0010000000474974513,485.3000183105469,500.0,493.265625
old_reserved,arithmetic,5003,211,3,0,0.0010000000474974513,0.0010000000474974513,500.0,500.0,498.2135314941406
old_reserved,arithmetic,5003,212,3,0,0.0010000000474974513,0.0010000000474974513,500.0,500.0,494.46356201171875
old_reserved,arithmetic,5003,213,3,0,0.0010000000474974513,0.0010000000474974513,493.0,500.0,497.38543701171875
old_reserved,arithmetic,5003,214,3,0,0.0010000000474974513,0.0010000000474974513,493.3000183105469,500.0,497.76043701171875
old_reserved,arithmetic,5003,215,3,0,0.0010000000474974513,0.0010000000474974513,496.8000183105469,500.0,497.8020935058594
old_reserved,arithmetic,5003,216,3,0,0.0010000000474974513,0.0010000000474974513,493.6000061035156,500.0,497.40625
old_reserved,arithmetic,5003,217,3,0,0.0010000000474974513,0.0010000000474974513,493.6000061035156,500.0,496.671875
old_reserved,arithmetic,5003,218,3,0,0.0010000000474974513,0.0010000000474974513,499.5,500.0,496.8333435058594
old_reserved,arithmetic,5003,219,3,0,0.0010000000474974513,0.0010000000474974513,500.0,500.0,496.5
old_reserved,arithmetic,5003,220,3,0,0.0010000000474974513,0.0010000000474974513,500.0,500.0,498.4166564941406
old_reserved,arithmetic,5003,221,3,0,0.0010000000474974513,0.0010000000474974513,500.0,500.0,497.48956298828125
old_reserved,arithmetic,5003,222,3,0,0.0010000000474974513,0.0010000000474974513,500.0,500.0,497.28125
old_reserved,arithmetic,5003,223,3,0,0.0010000000474974513,0.0010000000474974513,500.0,500.0,498.52606201171875
old_reserved,arithmetic,5003,224,3,0,0.0010000000474974513,0.0010000000474974513,486.20001220703125,500.0,498.2552185058594
old_reserved,arithmetic,5003,225,3,0,0.0010000000474974513,0.0010000000474974513,498.8999938964844,500.0,495.3802185058594
old_reserved,arithmetic,5003,226,3,0,0.0010000000474974513,0.0010000000474974513,500.0,500.0,498.2864685058594
old_reserved,arithmetic,5003,227,3,0,0.0010000000474974513,0.0010000000474974513,500.0,500.0,497.97393798828125
old_reserved,arithmetic,5003,228,3,0,0.0010000000474974513,0.0010000000474974513,493.3999938964844,500.0,499.4270935058594
old_reserved,arithmetic,5003,229,3,0,0.0010000000474974513,0.0010000000474974513,500.0,500.0,497.6927490234375
old_reserved,arithmetic,5003,230,3,0,0.0010000000474974513,0.0010000000474974513,485.5,500.0,498.234375
old_reserved,arithmetic,5003,231,3,0,0.0010000000474974513,0.0010000000474974513,498.20001220703125,500.0,499.04168701171875
old_reserved,arithmetic,5003,232,3,0,0.0010000000474974513,0.0010000000474974513,500.0,500.0,498.34375
old_reserved,arithmetic,5003,233,3,0,0.0010000000474974513,0.0010000000474974513,492.8000183105469,500.0,498.125
old_reserved,arithmetic,5003,234,3,0,0.0010000000474974513,0.0010000000474974513,500.0,500.0,497.5
old_reserved,arithmetic,5003,235,3,0,0.0010000000474974513,0.0010000000474974513,498.8000183105469,500.0,498.09375
old_reserved,arithmetic,5003,236,3,0,0.0010000000474974513,0.0010000000474974513,500.0,500.0,498.6979064941406
old_reserved,arithmetic,5003,237,3,0,0.0010000000474974513,0.0010000000474974513,500.0,500.0,498.44268798828125
old_reserved,arithmetic,5003,238,3,0,0.0010000000474974513,0.0010000000474974513,500.0,500.0,498.97393798828125
old_reserved,arithmetic,5003,239,3,0,0.0010000000474974513,0.0010000000474974513,500.0,500.0,498.4583435058594
old_reserved,arithmetic,5003,240,4,1,0.0010000000474974513,0.0010000000474974513,500.0,500.0,500.0
old_reserved,arithmetic,5003,241,4,1,0.0010000000474974513,0.0010000000474974513,500.0,497.5,500.0
old_reserved,arithmetic,5003,242,4,1,0.0010000000474974513,0.0010000000474974513,500.0,500.0,500.0
old_reserved,arithmetic,5003,243,4,1,0.0010000000474974513,0.0010000000474974513,500.0,500.0,500.0
old_reserved,arithmetic,5003,244,4,1,0.0010000000474974513,0.0010000000474974513,500.0,500.0,500.0
old_reserved,arithmetic,5003,245,4,1,0.0010000000474974513,0.0010000000474974513,500.0,500.0,500.0
old_reserved,arithmetic,5003,246,4,1,0.0010000000474974513,0.0010000000474974513,500.0,500.0,500.0
old_reserved,arithmetic,5003,247,4,1,0.0010000000474974513,0.0010000000474974513,500.0,500.0,500.0
old_reserved,arithmetic,5003,248,4,1,0.0010000000474974513,0.0010000000474974513,500.0,492.5,500.0
old_reserved,arithmetic,5003,249,4,1,0.0010000000474974513,0.0010000000474974513,500.0,500.0,500.0
old_reserved,arithmetic,5003,250,4,1,0.0010000000474974513,0.0010000000474974513,500.0,500.0,500.0
old_reserved,arithmetic,5003,251,4,1,0.0010000000474974513,0.0010000000474974513,500.0,489.70001220703125,500.0
old_reserved,arithmetic,5003,252,4,1,0.0010000000474974513,0.0010000000474974513,500.0,500.0,500.0
old_reserved,arithmetic,5003,253,4,1,0.0010000000474974513,0.0010000000474974513,500.0,498.6000061035156,500.0
old_reserved,arithmetic,5003,254,4,1,0.0010000000474974513,0.0010000000474974513,500.0,500.0,500.0
old_reserved,arithmetic,5003,255,4,1,0.0010000000474974513,0.0010000000474974513,500.0,500.0,500.0
old_reserved,arithmetic,5003,256,4,1,0.0010000000474974513,0.0010000000474974513,500.0,498.8000183105469,500.0
old_reserved,arithmetic,5003,257,4,1,0.0010000000474974513,0.0010000000474974513,500.0,500.0,500.0
old_reserved,arithmetic,5003,258,4,1,0.0010000000474974513,0.0010000000474974513,500.0,500.0,500.0
old_reserved,arithmetic,5003,259,4,1,0.0010000000474974513,0.0010000000474974513,500.0,500.0,500.0
old_reserved,arithmetic,5003,260,4,1,0.0010000000474974513,0.0010000000474974513,500.0,486.20001220703125,500.0
old_reserved,arithmetic,5003,261,4,1,0.0010000000474974513,0.0010000000474974513,500.0,500.0,500.0
old_reserved,arithmetic,5003,262,4,1,0.0010000000474974513,0.0010000000474974513,500.0,500.0,500.0
old_reserved,arithmetic,5003,263,4,1,0.0010000000474974513,0.0010000000474974513,500.0,500.0,500.0
old_reserved,arithmetic,5003,264,4,1,0.0010000000474974513,0.0010000000474974513,500.0,500.0,500.0
old_reserved,arithmetic,5003,265,4,1,0.0010000000474974513,0.0010000000474974513,500.0,500.0,500.0
old_reserved,arithmetic,5003,266,4,1,0.0010000000474974513,0.0010000000474974513,500.0,500.0,500.0
old_reserved,arithmetic,5003,267,4,1,0.0010000000474974513,0.0010000000474974513,500.0,500.0,500.0
old_reserved,arithmetic,5003,268,4,1,0.0010000000474974513,0.0010000000474974513,500.0,500.0,500.0
old_reserved,arithmetic,5003,269,4,1,0.0010000000474974513,0.0010000000474974513,500.0,499.3000183105469,500.0
old_reserved,arithmetic,5003,270,4,1,0.0010000000474974513,0.0010000000474974513,500.0,500.0,500.0
old_reserved,arithmetic,5003,271,4,1,0.0010000000474974513,0.0010000000474974513,500.0,500.0,500.0
old_reserved,arithmetic,5003,272,4,1,0.0010000000474974513,0.0010000000474974513,500.0,500.0,500.0
old_reserved,arithmetic,5003,273,4,1,0.0010000000474974513,0.0010000000474974513,500.0,500.0,500.0
old_reserved,arithmetic,5003,274,4,1,0.0010000000474974513,0.0010000000474974513,500.0,500.0,500.0
old_reserved,arithmetic,5003,275,4,1,0.0010000000474974513,0.0010000000474974513,500.0,500.0,500.0
old_reserved,arithmetic,5003,276,4,1,0.0010000000474974513,0.0010000000474974513,500.0,500.0,500.0
old_reserved,arithmetic,5003,277,4,1,0.0010000000474974513,0.0010000000474974513,500.0,500.0,500.0
old_reserved,arithmetic,5003,278,4,1,0.0010000000474974513,0.0010000000474974513,500.0,500.0,500.0
old_reserved,arithmetic,5003,279,4,1,0.0010000000474974513,0.0010000000474974513,500.0,500.0,500.0
old_reserved,arithmetic,5003,280,4,1,0.0010000000474974513,0.0010000000474974513,500.0,500.0,500.0
old_reserved,arithmetic,5003,281,4,1,0.0010000000474974513,0.0010000000474974513,500.0,500.0,500.0
old_reserved,arithmetic,5003,282,4,1,0.0010000000474974513,0.0010000000474974513,500.0,500.0,500.0
old_reserved,arithmetic,5003,283,4,1,0.0010000000474974513,0.0010000000474974513,500.0,500.0,500.0
old_reserved,arithmetic,5003,284,4,1,0.0010000000474974513,0.0010000000474974513,500.0,500.0,500.0
old_reserved,arithmetic,5003,285,4,1,0.0010000000474974513,0.0010000000474974513,500.0,500.0,500.0
old_reserved,arithmetic,5003,286,4,1,0.0010000000474974513,0.0010000000474974513,500.0,500.0,500.0
old_reserved,arithmetic,5003,287,4,1,0.0010000000474974513,0.0010000000474974513,500.0,500.0,500.0
old_reserved,arithmetic,5003,288,4,1,0.0010000000474974513,0.0010000000474974513,500.0,500.0,500.0
old_reserved,arithmetic,5003,289,4,1,0.0010000000474974513,0.0010000000474974513,500.0,500.0,500.0
old_reserved,arithmetic,5003,290,4,1,0.0010000000474974513,0.0010000000474974513,500.0,500.0,500.0
old_reserved,arithmetic,5003,291,4,1,0.0010000000474974513,0.0010000000474974513,500.0,500.0,500.0
old_reserved,arithmetic,5003,292,4,1,0.0010000000474974513,0.0010000000474974513,500.0,500.0,500.0
old_reserved,arithmetic,5003,293,4,1,0.0010000000474974513,0.0010000000474974513,500.0,492.8000183105469,500.0
old_reserved,arithmetic,5003,294,4,1,0.0010000000474974513,0.0010000000474974513,500.0,500.0,500.0
old_reserved,arithmetic,5003,295,4,1,0.0010000000474974513,0.0010000000474974513,500.0,500.0,500.0
old_reserved,arithmetic,5003,296,4,1,0.0010000000474974513,0.0010000000474974513,500.0,500.0,500.0
old_reserved,arithmetic,5003,297,4,1,0.0010000000474974513,0.0010000000474974513,500.0,500.0,500.0
old_reserved,arithmetic,5003,298,4,1,0.0010000000474974513,0.0010000000474974513,500.0,500.0,500.0
old_reserved,arithmetic,5003,299,4,1,0.0010000000474974513,0.0010000000474974513,500.0,500.0,500.0
old_reserved,arithmetic,5003,300,4,1,0.0010000000474974513,0.0010000000474974513,500.0,500.0,500.0
old_reserved,arithmetic,5003,301,4,1,0.0010000000474974513,0.0010000000474974513,500.0,500.0,500.0
old_reserved,arithmetic,5003,302,4,1,0.0010000000474974513,0.0010000000474974513,500.0,498.8000183105469,500.0
old_reserved,arithmetic,5003,303,4,1,0.0010000000474974513,0.0010000000474974513,500.0,493.20001220703125,500.0
old_reserved,arithmetic,5003,304,4,1,0.0010000000474974513,0.0010000000474974513,500.0,500.0,500.0
old_reserved,arithmetic,5003,305,4,1,0.0010000000474974513,0.0010000000474974513,500.0,500.0,500.0
old_reserved,arithmetic,5003,306,4,1,0.0010000000474974513,0.0010000000474974513,500.0,500.0,500.0
old_reserved,arithmetic,5003,307,4,1,0.0010000000474974513,0.0010000000474974513,500.0,474.3999938964844,500.0
old_reserved,arithmetic,5003,308,4,1,0.0010000000474974513,0.0010000000474974513,500.0,500.0,500.0
old_reserved,arithmetic,5003,309,4,1,0.0010000000474974513,0.0010000000474974513,500.0,500.0,500.0
old_reserved,arithmetic,5003,310,4,1,0.0010000000474974513,0.0010000000474974513,500.0,500.0,500.0
old_reserved,arithmetic,5003,311,4,1,0.0010000000474974513,0.0010000000474974513,500.0,500.0,500.0
old_reserved,arithmetic,5003,312,4,1,0.0010000000474974513,0.0010000000474974513,500.0,500.0,500.0
old_reserved,arithmetic,5003,313,4,1,0.0010000000474974513,0.0010000000474974513,500.0,500.0,500.0
old_reserved,arithmetic,5003,314,4,1,0.0010000000474974513,0.0010000000474974513,500.0,500.0,500.0
old_reserved,arithmetic,5003,315,4,1,0.0010000000474974513,0.0010000000474974513,500.0,500.0,500.0
old_reserved,arithmetic,5003,316,4,1,0.0010000000474974513,0.0010000000474974513,500.0,498.8999938964844,500.0
old_reserved,arithmetic,5003,317,4,1,0.0010000000474974513,0.0010000000474974513,500.0,500.0,500.0
old_reserved,arithmetic,5003,318,4,1,0.0010000000474974513,0.0010000000474974513,500.0,500.0,500.0
old_reserved,arithmetic,5003,319,4,1,0.0010000000474974513,0.0010000000474974513,500.0,500.0,500.0
old_reserved,arithmetic,5004,0,1,0,0.5,0.4984399378299713,9.5,9.0,13.041666030883789
old_reserved,arithmetic,5004,1,1,0,0.4984399378299713,0.4861333966255188,9.199999809265137,9.5,14.40625
old_reserved,arithmetic,5004,2,1,0,0.4861333966255188,0.4771033227443695,9.300000190734863,9.300000190734863,18.536457061767578
old_reserved,arithmetic,5004,3,1,0,0.4771033227443695,0.4624243974685669,10.300000190734863,9.800000190734863,19.36458396911621
old_reserved,arithmetic,5004,4,1,0,0.4624243974685669,0.4467986524105072,9.300000190734863,8.90000057220459,23.192710876464844
old_reserved,arithmetic,5004,5,1,0,0.4467986524105072,0.4317009150981903,9.5,9.300000190734863,24.270835876464844
old_reserved,arithmetic,5004,6,1,0,0.4317009150981903,0.41972848773002625,9.5,9.40000057220459,32.822914123535156
old_reserved,arithmetic,5004,7,1,0,0.41972848773002625,0.4068147838115692,9.90000057220459,9.5,38.90625
old_reserved,arithmetic,5004,8,1,0,0.4068147838115692,0.3894003629684448,9.5,9.199999809265137,40.86979293823242
old_reserved,arithmetic,5004,9,1,0,0.3894003629684448,0.37741976976394653,9.699999809265137,9.199999809265137,44.94270706176758
old_reserved,arithmetic,5004,10,1,0,0.37741976976394653,0.36695271730422974,10.199999809265137,20.200000762939453,53.635414123535156
old_reserved,arithmetic,5004,11,1,0,0.36695271730422974,0.3501487076282501,9.300000190734863,10.199999809265137,56.71353530883789
old_reserved,arithmetic,5004,12,1,0,0.3501487076282501,0.339375764131546,10.90000057220459,9.0,65.55208587646484
old_reserved,arithmetic,5004,13,1,0,0.339375764131546,0.3309965431690216,8.90000057220459,9.300000190734863,80.90625
old_reserved,arithmetic,5004,14,1,0,0.3309965431690216,0.32181698083877563,9.40000057220459,9.5,84.66145324707031
old_reserved,arithmetic,5004,15,1,0,0.32181698083877563,0.30900517106056213,9.100000381469727,9.300000190734863,95.5208511352539
old_reserved,arithmetic,5004,16,1,0,0.30900517106056213,0.2976320683956146,15.600000381469727,17.0,109.91146087646484
old_reserved,arithmetic,5004,17,1,0,0.2976320683956146,0.287574827671051,65.80000305175781,27.200000762939453,110.02603912353516
old_reserved,arithmetic,5004,18,1,0,0.287574827671051,0.2778574228286743,167.60000610351562,38.79999923706055,110.17708587646484
old_reserved,arithmetic,5004,19,1,0,0.2778574228286743,0.2701515555381775,172.3000030517578,37.20000076293945,135.08853149414062
old_reserved,arithmetic,5004,20,1,0,0.2701515555381775,0.2618398666381836,208.10000610351562,40.29999923706055,134.65625
old_reserved,arithmetic,5004,21,1,0,0.2618398666381836,0.249849334359169,187.0,49.60000228881836,144.93748474121094
old_reserved,arithmetic,5004,22,1,0,0.249849334359169,0.24065348505973816,199.60000610351562,49.400001525878906,157.46353149414062
old_reserved,arithmetic,5004,23,1,0,0.24065348505973816,0.23179610073566437,318.3999938964844,42.29999923706055,175.6354217529297
old_reserved,arithmetic,5004,24,1,0,0.23179610073566437,0.22396349906921387,84.5999984741211,33.79999923706055,186.13018798828125
old_reserved,arithmetic,5004,25,1,0,0.22396349906921387,0.21775229275226593,391.1000061035156,38.60000228881836,214.98435974121094
old_reserved,arithmetic,5004,26,1,0,0.21775229275226593,0.20973779261112213,275.70001220703125,33.900001525878906,222.44790649414062
old_reserved,arithmetic,5004,27,1,0,0.20973779261112213,0.2032848298549652,356.20001220703125,34.70000076293945,253.36459350585938
old_reserved,arithmetic,5004,28,1,0,0.2032848298549652,0.19703041017055511,481.20001220703125,30.899999618530273,279.0364685058594
old_reserved,arithmetic,5004,29,1,0,0.19703041017055511,0.1891864538192749,500.0,32.79999923706055,306.2291564941406
old_reserved,arithmetic,5004,30,1,0,0.1891864538192749,0.18279367685317993,475.3000183105469,29.100000381469727,335.6250305175781
old_reserved,arithmetic,5004,31,1,0,0.18279367685317993,0.17716971039772034,377.3000183105469,25.80000114440918,339.734375
old_reserved,arithmetic,5004,32,1,0,0.17716971039772034,0.1717187613248825,124.5,26.0,366.78125
old_reserved,arithmetic,5004,33,1,0,0.1717187613248825,0.16334393620491028,153.10000610351562,29.5,356.67706298828125
old_reserved,arithmetic,5004,34,1,0,0.16334393620491028,0.1553775668144226,94.30000305175781,24.600000381469727,376.2291259765625
old_reserved,arithmetic,5004,35,1,0,0.1553775668144226,0.14779971539974213,86.5,25.80000114440918,371.1041564941406
old_reserved,arithmetic,5004,36,1,0,0.14779971539974213,0.14059144258499146,111.70000457763672,25.200000762939453,411.2395935058594
old_reserved,arithmetic,5004,37,1,0,0.14059144258499146,0.13373471796512604,266.8000183105469,29.30000114440918,443.30206298828125
old_reserved,arithmetic,5004,38,1,0,0.13373471796512604,0.12721240520477295,500.0,42.60000228881836,428.71875
old_reserved,arithmetic,5004,39,1,0,0.12721240520477295,0.12100818753242493,488.8000183105469,35.79999923706055,449.69268798828125
old_reserved,arithmetic,5004,40,1,0,0.12100818753242493,0.11510655283927917,500.0,64.70000457763672,425.3020935058594
old_reserved,arithmetic,5004,41,1,0,0.11510655283927917,0.10949274152517319,500.0,100.4000015258789,452.72918701171875
old_reserved,arithmetic,5004,42,1,0,0.10949274152517319,0.10415272414684296,500.0,101.4000015258789,453.515625
old_reserved,arithmetic,5004,43,1,0,0.10415272414684296,0.0990731418132782,500.0,100.5999984741211,453.59893798828125
old_reserved,arithmetic,5004,44,1,0,0.0990731418132782,0.09424129128456116,500.0,118.5999984741211,474.94268798828125
old_reserved,arithmetic,5004,45,1,0,0.09424129128456116,0.08964509516954422,500.0,112.9000015258789,464.33856201171875
old_reserved,arithmetic,5004,46,1,0,0.08964509516954422,0.08527305722236633,500.0,107.4000015258789,460.4583435058594
old_reserved,arithmetic,5004,47,1,0,0.08527305722236633,0.08111423999071121,478.6000061035156,102.4000015258789,477.4635314941406
old_reserved,arithmetic,5004,48,1,0,0.08111423999071121,0.07715825736522675,417.8000183105469,103.4000015258789,486.39581298828125
old_reserved,arithmetic,5004,49,1,0,0.07715825736522675,0.07339520752429962,500.0,105.5999984741211,448.53125
old_reserved,arithmetic,5004,50,1,0,0.07339520752429962,0.06981568038463593,500.0,164.1999969482422,479.10418701171875
old_reserved,arithmetic,5004,51,1,0,0.06981568038463593,0.06641072779893875,500.0,172.3000030517578,490.5052185058594
old_reserved,arithmetic,5004,52,1,0,0.06641072779893875,0.06317184120416641,500.0,162.1999969482422,476.80731201171875
old_reserved,arithmetic,5004,53,1,0,0.06317184120416641,0.060090914368629456,500.0,138.90000915527344,492.19793701171875
old_reserved,arithmetic,5004,54,1,0,0.060090914368629456,0.05716024711728096,500.0,139.6999969482422,487.99481201171875
old_reserved,arithmetic,5004,55,1,0,0.05716024711728096,0.05437251180410385,500.0,152.0,495.05731201171875
old_reserved,arithmetic,5004,56,1,0,0.05437251180410385,0.05172073468565941,500.0,176.6999969482422,495.3802185058594
old_reserved,arithmetic,5004,57,1,0,0.05172073468565941,0.04919828474521637,500.0,194.6999969482422,487.52081298828125
old_reserved,arithmetic,5004,58,1,0,0.04919828474521637,0.04679885879158974,500.0,215.60000610351562,489.55731201171875
old_reserved,arithmetic,5004,59,1,0,0.04679885879158974,0.04451645165681839,500.0,337.8999938964844,496.16143798828125
old_reserved,arithmetic,5004,60,1,0,0.04451645165681839,0.04234535992145538,500.0,289.70001220703125,495.09375
old_reserved,arithmetic,5004,61,1,0,0.04234535992145538,0.04028015211224556,500.0,300.3999938964844,497.453125
old_reserved,arithmetic,5004,62,1,0,0.04028015211224556,0.03831566870212555,500.0,282.1000061035156,498.97918701171875
old_reserved,arithmetic,5004,63,1,0,0.03831566870212555,0.03644699230790138,500.0,313.3999938964844,498.05731201171875
old_reserved,arithmetic,5004,64,1,0,0.03644699230790138,0.03466945141553879,500.0,260.70001220703125,497.50518798828125
old_reserved,arithmetic,5004,65,1,0,0.03466945141553879,0.0329786017537117,500.0,215.90000915527344,498.9895935058594
old_reserved,arithmetic,5004,66,1,0,0.0329786017537117,0.031370218843221664,500.0,270.1000061035156,492.78125
old_reserved,arithmetic,5004,67,1,0,0.031370218843221664,0.029840275645256042,500.0,255.10000610351562,497.1302185058594
old_reserved,arithmetic,5004,68,1,0,0.029840275645256042,0.028384950011968613,500.0,322.5,498.9375
old_reserved,arithmetic,5004,69,1,0,0.028384950011968613,0.02700060047209263,500.0,313.6000061035156,497.53643798828125
old_reserved,arithmetic,5004,70,1,0,0.02700060047209263,0.02568376623094082,500.0,287.3000183105469,497.65625
old_reserved,arithmetic,5004,71,1,0,0.02568376623094082,0.024431154131889343,500.0,240.0,499.5208435058594
old_reserved,arithmetic,5004,72,1,0,0.024431154131889343,0.023239633068442345,500.0,278.8999938964844,498.76043701171875
old_reserved,arithmetic,5004,73,1,0,0.023239633068442345,0.022106222808361053,500.0,261.8000183105469,499.5520935058594
old_reserved,arithmetic,5004,74,1,0,0.022106222808361053,0.02102809026837349,500.0,199.6999969482422,491.671875
old_reserved,arithmetic,5004,75,1,0,0.02102809026837349,0.020002538338303566,500.0,187.90000915527344,499.45831298828125
old_reserved,arithmetic,5004,76,1,0,0.020002538338303566,0.01902700401842594,500.0,179.90000915527344,499.15625
old_reserved,arithmetic,5004,77,1,0,0.01902700401842594,0.018099047243595123,500.0,172.1999969482422,499.484375
old_reserved,arithmetic,5004,78,1,0,0.018099047243595123,0.01721634715795517,500.0,187.5,499.72918701171875
old_reserved,arithmetic,5004,79,1,0,0.01721634715795517,0.016376696527004242,500.0,212.5,500.0
old_reserved,arithmetic,5004,80,2,1,0.016376696527004242,0.016738884150981903,354.3999938964844,500.0,248.953125
old_reserved,arithmetic,5004,81,2,1,0.016738884150981903,0.01700248196721077,413.5,500.0,335.875
old_reserved,arithmetic,5004,82,2,1,0.01700248196721077,0.016896547749638557,424.1000061035156,500.0,384.6979064941406
old_reserved,arithmetic,5004,83,2,1,0.016896547749638557,0.017109081149101257,459.20001220703125,500.0,404.578125
old_reserved,arithmetic,5004,84,2,1,0.017109081149101257,0.017378509044647217,470.8999938964844,500.0,423.51043701171875
old_reserved,arithmetic,5004,85,2,1,0.017378509044647217,0.017270231619477272,495.8999938964844,500.0,439.2135925292969
old_reserved,arithmetic,5004,86,2,1,0.017270231619477272,0.017378509044647217,491.5,500.0,461.22918701171875
old_reserved,arithmetic,5004,87,2,1,0.017378509044647217,0.017162630334496498,500.0,500.0,470.1562194824219
old_reserved,arithmetic,5004,88,2,1,0.017162630334496498,0.017324287444353104,500.0,500.0,484.5052185058594
old_reserved,arithmetic,5004,89,2,1,0.017324287444353104,0.01647937297821045,500.0,500.0,492.40625
old_reserved,arithmetic,5004,90,2,1,0.01647937297821045,0.01567566581070423,500.0,500.0,496.796875
old_reserved,arithmetic,5004,91,2,1,0.01567566581070423,0.014911155216395855,500.0,500.0,498.57293701171875
old_reserved,arithmetic,5004,92,2,1,0.014911155216395855,0.01418393012136221,500.0,500.0,499.390625
old_reserved,arithmetic,5004,93,2,1,0.01418393012136221,0.01349217165261507,500.0,500.0,499.55731201171875
old_reserved,arithmetic,5004,94,2,1,0.01349217165261507,0.012834151275455952,500.0,500.0,499.90625
old_reserved,arithmetic,5004,95,2,1,0.012834151275455952,0.012208222411572933,500.0,500.0,498.828125
old_reserved,arithmetic,5004,96,2,1,0.012208222411572933,0.01161282043904066,500.0,500.0,499.765625
old_reserved,arithmetic,5004,97,2,1,0.01161282043904066,0.0110464571043849,500.0,500.0,499.55206298828125
old_reserved,arithmetic,5004,98,2,1,0.0110464571043849,0.010507714934647083,500.0,497.8000183105469,500.0
old_reserved,arithmetic,5004,99,2,1,0.010507714934647083,0.009995248168706894,500.0,495.8999938964844,500.0
old_reserved,arithmetic,5004,100,2,1,0.009995248168706894,0.009507774375379086,500.0,500.0,500.0
old_reserved,arithmetic,5004,101,2,1,0.009507774375379086,0.009044075384736061,500.0,500.0,500.0
old_reserved,arithmetic,5004,102,2,1,0.009044075384736061,0.00860299076884985,500.0,500.0,500.0
old_reserved,arithmetic,5004,103,2,1,0.00860299076884985,0.008183417841792107,500.0,500.0,500.0
old_reserved,arithmetic,5004,104,2,1,0.008183417841792107,0.007784307934343815,500.0,500.0,500.0
old_reserved,arithmetic,5004,105,2,1,0.007784307934343815,0.007404663134366274,500.0,500.0,500.0
old_reserved,arithmetic,5004,106,2,1,0.007404663134366274,0.007043533492833376,500.0,500.0,500.0
old_reserved,arithmetic,5004,107,2,1,0.007043533492833376,0.006700016558170319,500.0,500.0,500.0
old_reserved,arithmetic,5004,108,2,1,0.006700016558170319,0.006373253185302019,500.0,500.0,500.0
old_reserved,arithmetic,5004,109,2,1,0.006373253185302019,0.006062426138669252,500.0,500.0,499.78125
old_reserved,arithmetic,5004,110,2,1,0.006062426138669252,0.005766758229583502,500.0,500.0,500.0
old_reserved,arithmetic,5004,111,2,1,0.005766758229583502,0.00548551045358181,500.0,500.0,499.99481201171875
old_reserved,arithmetic,5004,112,2,1,0.00548551045358181,0.005217979196459055,500.0,500.0,500.0
old_reserved,arithmetic,5004,113,2,1,0.005217979196459055,0.0049634953029453754,500.0,500.0,500.0
old_reserved,arithmetic,5004,114,2,1,0.0049634953029453754,0.004721423145383596,500.0,500.0,500.0
old_reserved,arithmetic,5004,115,2,1,0.004721423145383596,0.0044911568984389305,500.0,500.0,500.0
old_reserved,arithmetic,5004,116,2,1,0.0044911568984389305,0.004272120539098978,500.0,500.0,500.0
old_reserved,arithmetic,5004,117,2,1,0.004272120539098978,0.004063766915351152,500.0,500.0,500.0
old_reserved,arithmetic,5004,118,2,1,0.004063766915351152,0.0038655747193843126,500.0,500.0,500.0
old_reserved,arithmetic,5004,119,2,1,0.0038655747193843126,0.0036770484875887632,500.0,500.0,500.0
old_reserved,arithmetic,5004,120,2,1,0.0036770484875887632,0.003497716737911105,500.0,500.0,500.0
old_reserved,arithmetic,5004,121,2,1,0.003497716737911105,0.0033271312713623047,500.0,500.0,500.0
old_reserved,arithmetic,5004,122,2,1,0.0033271312713623047,0.0031648653093725443,500.0,500.0,500.0
old_reserved,arithmetic,5004,123,2,1,0.0031648653093725443,0.0030105130281299353,500.0,500.0,500.0
old_reserved,arithmetic,5004,124,2,1,0.0030105130281299353,0.002863688627257943,500.0,500.0,500.0
old_reserved,arithmetic,5004,125,2,1,0.002863688627257943,0.002724024932831526,500.0,500.0,500.0
old_reserved,arithmetic,5004,126,2,1,0.002724024932831526,0.0025911726988852024,500.0,500.0,500.0
old_reserved,arithmetic,5004,127,2,1,0.0025911726988852024,0.002464799676090479,500.0,500.0,500.0
old_reserved,arithmetic,5004,128,2,1,0.002464799676090479,0.0023445901460945606,500.0,500.0,500.0
old_reserved,arithmetic,5004,129,2,1,0.0023445901460945606,0.002230243291705847,500.0,500.0,500.0
old_reserved,arithmetic,5004,130,2,1,0.002230243291705847,0.0021214731968939304,500.0,500.0,500.0
old_reserved,arithmetic,5004,131,2,1,0.0021214731968939304,0.00201800768263638,500.0,498.3000183105469,500.0
old_reserved,arithmetic,5004,132,2,1,0.00201800768263638,0.0019195883069187403,500.0,500.0,500.0
old_reserved,arithmetic,5004,133,2,1,0.0019195883069187403,0.0018259689677506685,500.0,500.0,500.0
old_reserved,arithmetic,5004,134,2,1,0.0018259689677506685,0.0017369154375046492,500.0,498.70001220703125,500.0
old_reserved,arithmetic,5004,135,2,1,0.0017369154375046492,0.001652205130085349,500.0,500.0,500.0
old_reserved,arithmetic,5004,136,2,1,0.001652205130085349,0.0015716261696070433,500.0,500.0,500.0
old_reserved,arithmetic,5004,137,2,1,0.0015716261696070433,0.0014949771575629711,500.0,500.0,500.0
old_reserved,arithmetic,5004,138,2,1,0.0014949771575629711,0.0014220663579180837,500.0,500.0,500.0
old_reserved,arithmetic,5004,139,2,1,0.0014220663579180837,0.0013527113478630781,500.0,500.0,500.0
old_reserved,arithmetic,5004,140,2,1,0.0013527113478630781,0.001286738901399076,500.0,500.0,500.0
old_reserved,arithmetic,5004,141,2,1,0.001286738901399076,0.0012239839415997267,500.0,500.0,500.0
old_reserved,arithmetic,5004,142,2,1,0.0012239839415997267,0.0011642895406112075,500.0,500.0,500.0
old_reserved,arithmetic,5004,143,2,1,0.0011642895406112075,0.0011075064539909363,500.0,500.0,500.0
old_reserved,arithmetic,5004,144,2,1,0.0011075064539909363,0.001053492771461606,500.0,500.0,500.0
old_reserved,arithmetic,5004,145,2,1,0.001053492771461606,0.0010021133348345757,500.0,500.0,500.0
old_reserved,arithmetic,5004,146,2,1,0.0010021133348345757,0.0010000000474974513,500.0,500.0,500.0
old_reserved,arithmetic,5004,147,2,1,0.0010000000474974513,0.0010000000474974513,500.0,500.0,500.0
old_reserved,arithmetic,5004,148,2,1,0.0010000000474974513,0.0010000000474974513,500.0,500.0,500.0
old_reserved,arithmetic,5004,149,2,1,0.0010000000474974513,0.0010000000474974513,500.0,500.0,500.0
old_reserved,arithmetic,5004,150,2,1,0.0010000000474974513,0.0010000000474974513,500.0,500.0,500.0
old_reserved,arithmetic,5004,151,2,1,0.0010000000474974513,0.0010000000474974513,500.0,500.0,500.0
old_reserved,arithmetic,5004,152,2,1,0.0010000000474974513,0.0010000000474974513,500.0,500.0,500.0
old_reserved,arithmetic,5004,153,2,1,0.0010000000474974513,0.0010000000474974513,500.0,500.0,500.0
old_reserved,arithmetic,5004,154,2,1,0.0010000000474974513,0.0010000000474974513,500.0,500.0,500.0
old_reserved,arithmetic,5004,155,2,1,0.0010000000474974513,0.0010000000474974513,500.0,500.0,500.0
old_reserved,arithmetic,5004,156,2,1,0.0010000000474974513,0.0010000000474974513,500.0,500.0,500.0
old_reserved,arithmetic,5004,157,2,1,0.0010000000474974513,0.0010000000474974513,500.0,500.0,500.0
old_reserved,arithmetic,5004,158,2,1,0.0010000000474974513,0.0010000000474974513,500.0,500.0,500.0
old_reserved,arithmetic,5004,159,2,1,0.0010000000474974513,0.0010000000474974513,500.0,500.0,500.0
old_reserved,arithmetic,5004,160,3,0,0.0010000000474974513,0.0010000000474974513,496.8999938964844,500.0,499.4427185058594
old_reserved,arithmetic,5004,161,3,0,0.0010000000474974513,0.0010000000474974513,500.0,500.0,499.875
old_reserved,arithmetic,5004,162,3,0,0.0010000000474974513,0.0010000000474974513,500.0,500.0,499.59375
old_reserved,arithmetic,5004,163,3,0,0.0010000000474974513,0.0010000000474974513,500.0,500.0,499.8645935058594
old_reserved,arithmetic,5004,164,3,0,0.0010000000474974513,0.0010000000474974513,500.0,500.0,499.95831298828125
old_reserved,arithmetic,5004,165,3,0,0.0010000000474974513,0.0010000000474974513,500.0,500.0,499.74481201171875
old_reserved,arithmetic,5004,166,3,0,0.0010000000474974513,0.0010000000474974513,500.0,500.0,499.85418701171875
old_reserved,arithmetic,5004,167,3,0,0.0010000000474974513,0.0010000000474974513,500.0,500.0,499.80206298828125
old_reserved,arithmetic,5004,168,3,0,0.0010000000474974513,0.0010000000474974513,500.0,500.0,499.41668701171875
old_reserved,arithmetic,5004,169,3,0,0.0010000000474974513,0.0010000000474974513,500.0,500.0,499.7864990234375
old_reserved,arithmetic,5004,170,3,0,0.0010000000474974513,0.0010000000474974513,500.0,500.0,499.95831298828125
old_reserved,arithmetic,5004,171,3,0,0.0010000000474974513,0.0010000000474974513,500.0,500.0,499.5260314941406
old_reserved,arithmetic,5004,172,3,0,0.0010000000474974513,0.0010000000474974513,500.0,500.0,499.38018798828125
old_reserved,arithmetic,5004,173,3,0,0.0010000000474974513,0.0010000000474974513,500.0,500.0,499.6875
old_reserved,arithmetic,5004,174,3,0,0.0010000000474974513,0.0010000000474974513,500.0,500.0,499.64581298828125
old_reserved,arithmetic,5004,175,3,0,0.0010000000474974513,0.0010000000474974513,500.0,500.0,499.99481201171875
old_reserved,arithmetic,5004,176,3,0,0.0010000000474974513,0.0010000000474974513,500.0,500.0,499.5833435058594
old_reserved,arithmetic,5004,177,3,0,0.0010000000474974513,0.0010000000474974513,500.0,500.0,499.94793701171875
old_reserved,arithmetic,5004,178,3,0,0.0010000000474974513,0.0010000000474974513,500.0,500.0,499.484375
old_reserved,arithmetic,5004,179,3,0,0.0010000000474974513,0.0010000000474974513,500.0,500.0,499.84375
old_reserved,arithmetic,5004,180,3,0,0.0010000000474974513,0.0010000000474974513,500.0,500.0,499.98956298828125
old_reserved,arithmetic,5004,181,3,0,0.0010000000474974513,0.0010000000474974513,500.0,500.0,499.82293701171875
old_reserved,arithmetic,5004,182,3,0,0.0010000000474974513,0.0010000000474974513,500.0,500.0,499.703125
old_reserved,arithmetic,5004,183,3,0,0.0010000000474974513,0.0010000000474974513,500.0,500.0,499.625
old_reserved,arithmetic,5004,184,3,0,0.0010000000474974513,0.0010000000474974513,500.0,500.0,499.90625
old_reserved,arithmetic,5004,185,3,0,0.0010000000474974513,0.0010000000474974513,500.0,500.0,499.96875
old_reserved,arithmetic,5004,186,3,0,0.0010000000474974513,0.0010000000474974513,500.0,500.0,499.78125
old_reserved,arithmetic,5004,187,3,0,0.0010000000474974513,0.0010000000474974513,500.0,500.0,499.9427185058594
old_reserved,arithmetic,5004,188,3,0,0.0010000000474974513,0.0010000000474974513,500.0,500.0,499.77081298828125
old_reserved,arithmetic,5004,189,3,0,0.0010000000474974513,0.0010000000474974513,500.0,500.0,499.703125
old_reserved,arithmetic,5004,190,3,0,0.0010000000474974513,0.0010000000474974513,500.0,500.0,499.53125
old_reserved,arithmetic,5004,191,3,0,0.0010000000474974513,0.0010000000474974513,500.0,500.0,499.625
old_reserved,arithmetic,5004,192,3,0,0.0010000000474974513,0.0010000000474974513,500.0,500.0,500.0
old_reserved,arithmetic,5004,193,3,0,0.0010000000474974513,0.0010000000474974513,500.0,500.0,499.66668701171875
old_reserved,arithmetic,5004,194,3,0,0.0010000000474974513,0.0010000000474974513,500.0,500.0,499.8125
old_reserved,arithmetic,5004,195,3,0,0.0010000000474974513,0.0010000000474974513,500.0,500.0,499.1875
old_reserved,arithmetic,5004,196,3,0,0.0010000000474974513,0.0010000000474974513,500.0,500.0,500.0
old_reserved,arithmetic,5004,197,3,0,0.0010000000474974513,0.0010000000474974513,500.0,500.0,499.453125
old_reserved,arithmetic,5004,198,3,0,0.0010000000474974513,0.0010000000474974513,500.0,500.0,499.7135314941406
old_reserved,arithmetic,5004,199,3,0,0.0010000000474974513,0.0010000000474974513,500.0,500.0,499.296875
old_reserved,arithmetic,5004,200,3,0,0.0010000000474974513,0.0010000000474974513,500.0,500.0,499.78125
old_reserved,arithmetic,5004,201,3,0,0.0010000000474974513,0.0010000000474974513,500.0,500.0,499.96875
old_reserved,arithmetic,5004,202,3,0,0.0010000000474974513,0.0010000000474974513,500.0,500.0,500.0
old_reserved,arithmetic,5004,203,3,0,0.0010000000474974513,0.0010000000474974513,500.0,500.0,499.9375
old_reserved,arithmetic,5004,204,3,0,0.0010000000474974513,0.0010000000474974513,500.0,500.0,500.0
old_reserved,arithmetic,5004,205,3,0,0.0010000000474974513,0.0010000000474974513,500.0,500.0,499.8958435058594
old_reserved,arithmetic,5004,206,3,0,0.0010000000474974513,0.0010000000474974513,500.0,500.0,500.0
old_reserved,arithmetic,5004,207,3,0,0.0010000000474974513,0.0010000000474974513,500.0,500.0,499.703125
old_reserved,arithmetic,5004,208,3,0,0.0010000000474974513,0.0010000000474974513,500.0,500.0,499.98956298828125
old_reserved,arithmetic,5004,209,3,0,0.0010000000474974513,0.0010000000474974513,500.0,500.0,499.7916564941406
old_reserved,arithmetic,5004,210,3,0,0.0010000000474974513,0.0010000000474974513,500.0,500.0,499.74481201171875
old_reserved,arithmetic,5004,211,3,0,0.0010000000474974513,0.0010000000474974513,500.0,500.0,500.0
old_reserved,arithmetic,5004,212,3,0,0.0010000000474974513,0.0010000000474974513,500.0,500.0,500.0
old_reserved,arithmetic,5004,213,3,0,0.0010000000474974513,0.0010000000474974513,500.0,500.0,499.78125
old_reserved,arithmetic,5004,214,3,0,0.0010000000474974513,0.0010000000474974513,500.0,500.0,500.0
old_reserved,arithmetic,5004,215,3,0,0.0010000000474974513,0.0010000000474974513,500.0,500.0,499.77081298828125
old_reserved,arithmetic,5004,216,3,0,0.0010000000474974513,0.0010000000474974513,500.0,500.0,499.80731201171875
old_reserved,arithmetic,5004,217,3,0,0.0010000000474974513,0.0010000000474974513,500.0,500.0,499.81768798828125
old_reserved,arithmetic,5004,218,3,0,0.0010000000474974513,0.0010000000474974513,500.0,500.0,499.76043701171875
old_reserved,arithmetic,5004,219,3,0,0.0010000000474974513,0.0010000000474974513,500.0,500.0,499.6510314941406
old_reserved,arithmetic,5004,220,3,0,0.0010000000474974513,0.0010000000474974513,500.0,500.0,500.0
old_reserved,arithmetic,5004,221,3,0,0.0010000000474974513,0.0010000000474974513,495.8000183105469,500.0,500.0
old_reserved,arithmetic,5004,222,3,0,0.0010000000474974513,0.0010000000474974513,500.0,500.0,499.859375
old_reserved,arithmetic,5004,223,3,0,0.0010000000474974513,0.0010000000474974513,500.0,500.0,500.0
old_reserved,arithmetic,5004,224,3,0,0.0010000000474974513,0.0010000000474974513,500.0,500.0,500.0
old_reserved,arithmetic,5004,225,3,0,0.0010000000474974513,0.0010000000474974513,500.0,500.0,499.97393798828125
old_reserved,arithmetic,5004,226,3,0,0.0010000000474974513,0.0010000000474974513,500.0,500.0,500.0
old_reserved,arithmetic,5004,227,3,0,0.0010000000474974513,0.0010000000474974513,500.0,500.0,499.80206298828125
old_reserved,arithmetic,5004,228,3,0,0.0010000000474974513,0.0010000000474974513,500.0,500.0,499.453125
old_reserved,arithmetic,5004,229,3,0,0.0010000000474974513,0.0010000000474974513,500.0,500.0,500.0
old_reserved,arithmetic,5004,230,3,0,0.0010000000474974513,0.0010000000474974513,500.0,500.0,500.0
old_reserved,arithmetic,5004,231,3,0,0.0010000000474974513,0.0010000000474974513,500.0,500.0,500.0
old_reserved,arithmetic,5004,232,3,0,0.0010000000474974513,0.0010000000474974513,500.0,500.0,500.0
old_reserved,arithmetic,5004,233,3,0,0.0010000000474974513,0.0010000000474974513,500.0,500.0,499.72393798828125
old_reserved,arithmetic,5004,234,3,0,0.0010000000474974513,0.0010000000474974513,500.0,500.0,500.0
old_reserved,arithmetic,5004,235,3,0,0.0010000000474974513,0.0010000000474974513,500.0,500.0,500.0
old_reserved,arithmetic,5004,236,3,0,0.0010000000474974513,0.0010000000474974513,500.0,500.0,500.0
old_reserved,arithmetic,5004,237,3,0,0.0010000000474974513,0.0010000000474974513,500.0,500.0,499.77606201171875
old_reserved,arithmetic,5004,238,3,0,0.0010000000474974513,0.0010000000474974513,500.0,500.0,499.828125
old_reserved,arithmetic,5004,239,3,0,0.0010000000474974513,0.0010000000474974513,500.0,500.0,499.9895935058594
old_reserved,arithmetic,5004,240,4,1,0.0010000000474974513,0.0010000000474974513,500.0,500.0,500.0
old_reserved,arithmetic,5004,241,4,1,0.0010000000474974513,0.0010000000474974513,500.0,500.0,500.0
old_reserved,arithmetic,5004,242,4,1,0.0010000000474974513,0.0010000000474974513,500.0,500.0,500.0
old_reserved,arithmetic,5004,243,4,1,0.0010000000474974513,0.0010000000474974513,500.0,500.0,500.0
old_reserved,arithmetic,5004,244,4,1,0.0010000000474974513,0.0010000000474974513,500.0,500.0,500.0
old_reserved,arithmetic,5004,245,4,1,0.0010000000474974513,0.0010000000474974513,500.0,500.0,500.0
old_reserved,arithmetic,5004,246,4,1,0.0010000000474974513,0.0010000000474974513,500.0,500.0,500.0
old_reserved,arithmetic,5004,247,4,1,0.0010000000474974513,0.0010000000474974513,500.0,500.0,500.0
old_reserved,arithmetic,5004,248,4,1,0.0010000000474974513,0.0010000000474974513,500.0,500.0,500.0
old_reserved,arithmetic,5004,249,4,1,0.0010000000474974513,0.0010000000474974513,500.0,496.0,500.0
old_reserved,arithmetic,5004,250,4,1,0.0010000000474974513,0.0010000000474974513,500.0,500.0,500.0
old_reserved,arithmetic,5004,251,4,1,0.0010000000474974513,0.0010000000474974513,500.0,500.0,500.0
old_reserved,arithmetic,5004,252,4,1,0.0010000000474974513,0.0010000000474974513,500.0,500.0,500.0
old_reserved,arithmetic,5004,253,4,1,0.0010000000474974513,0.0010000000474974513,500.0,500.0,500.0
old_reserved,arithmetic,5004,254,4,1,0.0010000000474974513,0.0010000000474974513,500.0,500.0,500.0
old_reserved,arithmetic,5004,255,4,1,0.0010000000474974513,0.0010000000474974513,500.0,500.0,500.0
old_reserved,arithmetic,5004,256,4,1,0.0010000000474974513,0.0010000000474974513,500.0,500.0,500.0
old_reserved,arithmetic,5004,257,4,1,0.0010000000474974513,0.0010000000474974513,500.0,500.0,500.0
old_reserved,arithmetic,5004,258,4,1,0.0010000000474974513,0.0010000000474974513,500.0,500.0,500.0
old_reserved,arithmetic,5004,259,4,1,0.0010000000474974513,0.0010000000474974513,500.0,499.8000183105469,500.0
old_reserved,arithmetic,5004,260,4,1,0.0010000000474974513,0.0010000000474974513,500.0,500.0,500.0
old_reserved,arithmetic,5004,261,4,1,0.0010000000474974513,0.0010000000474974513,500.0,500.0,500.0
old_reserved,arithmetic,5004,262,4,1,0.0010000000474974513,0.0010000000474974513,500.0,500.0,500.0
old_reserved,arithmetic,5004,263,4,1,0.0010000000474974513,0.0010000000474974513,500.0,500.0,500.0
old_reserved,arithmetic,5004,264,4,1,0.0010000000474974513,0.0010000000474974513,500.0,500.0,500.0
old_reserved,arithmetic,5004,265,4,1,0.0010000000474974513,0.0010000000474974513,500.0,500.0,500.0
old_reserved,arithmetic,5004,266,4,1,0.0010000000474974513,0.0010000000474974513,500.0,500.0,500.0
old_reserved,arithmetic,5004,267,4,1,0.0010000000474974513,0.0010000000474974513,500.0,500.0,500.0
old_reserved,arithmetic,5004,268,4,1,0.0010000000474974513,0.0010000000474974513,500.0,500.0,500.0
old_reserved,arithmetic,5004,269,4,1,0.0010000000474974513,0.0010000000474974513,500.0,500.0,500.0
old_reserved,arithmetic,5004,270,4,1,0.0010000000474974513,0.0010000000474974513,500.0,500.0,500.0
old_reserved,arithmetic,5004,271,4,1,0.0010000000474974513,0.0010000000474974513,500.0,500.0,500.0
old_reserved,arithmetic,5004,272,4,1,0.0010000000474974513,0.0010000000474974513,500.0,500.0,500.0
old_reserved,arithmetic,5004,273,4,1,0.0010000000474974513,0.0010000000474974513,500.0,500.0,500.0
old_reserved,arithmetic,5004,274,4,1,0.0010000000474974513,0.0010000000474974513,500.0,500.0,500.0
old_reserved,arithmetic,5004,275,4,1,0.0010000000474974513,0.0010000000474974513,500.0,495.0,500.0
old_reserved,arithmetic,5004,276,4,1,0.0010000000474974513,0.0010000000474974513,500.0,500.0,500.0
old_reserved,arithmetic,5004,277,4,1,0.0010000000474974513,0.0010000000474974513,500.0,500.0,500.0
old_reserved,arithmetic,5004,278,4,1,0.0010000000474974513,0.0010000000474974513,500.0,500.0,500.0
old_reserved,arithmetic,5004,279,4,1,0.0010000000474974513,0.0010000000474974513,500.0,500.0,500.0
old_reserved,arithmetic,5004,280,4,1,0.0010000000474974513,0.0010000000474974513,500.0,500.0,500.0
old_reserved,arithmetic,5004,281,4,1,0.0010000000474974513,0.0010000000474974513,500.0,500.0,500.0
old_reserved,arithmetic,5004,282,4,1,0.0010000000474974513,0.0010000000474974513,500.0,500.0,500.0
old_reserved,arithmetic,5004,283,4,1,0.0010000000474974513,0.0010000000474974513,500.0,500.0,500.0
old_reserved,arithmetic,5004,284,4,1,0.0010000000474974513,0.0010000000474974513,500.0,500.0,500.0
old_reserved,arithmetic,5004,285,4,1,0.0010000000474974513,0.0010000000474974513,500.0,500.0,500.0
old_reserved,arithmetic,5004,286,4,1,0.0010000000474974513,0.0010000000474974513,500.0,500.0,500.0
old_reserved,arithmetic,5004,287,4,1,0.0010000000474974513,0.0010000000474974513,500.0,500.0,500.0
old_reserved,arithmetic,5004,288,4,1,0.0010000000474974513,0.0010000000474974513,500.0,500.0,500.0
old_reserved,arithmetic,5004,289,4,1,0.0010000000474974513,0.0010000000474974513,500.0,500.0,500.0
old_reserved,arithmetic,5004,290,4,1,0.0010000000474974513,0.0010000000474974513,500.0,496.0,500.0
old_reserved,arithmetic,5004,291,4,1,0.0010000000474974513,0.0010000000474974513,500.0,500.0,500.0
old_reserved,arithmetic,5004,292,4,1,0.0010000000474974513,0.0010000000474974513,500.0,500.0,500.0
old_reserved,arithmetic,5004,293,4,1,0.0010000000474974513,0.0010000000474974513,500.0,500.0,500.0
old_reserved,arithmetic,5004,294,4,1,0.0010000000474974513,0.0010000000474974513,500.0,500.0,500.0
old_reserved,arithmetic,5004,295,4,1,0.0010000000474974513,0.0010000000474974513,500.0,500.0,500.0
old_reserved,arithmetic,5004,296,4,1,0.0010000000474974513,0.0010000000474974513,500.0,500.0,500.0
old_reserved,arithmetic,5004,297,4,1,0.0010000000474974513,0.0010000000474974513,500.0,500.0,500.0
old_reserved,arithmetic,5004,298,4,1,0.0010000000474974513,0.0010000000474974513,500.0,500.0,500.0
old_reserved,arithmetic,5004,299,4,1,0.0010000000474974513,0.0010000000474974513,500.0,500.0,500.0
old_reserved,arithmetic,5004,300,4,1,0.0010000000474974513,0.0010000000474974513,500.0,500.0,500.0
old_reserved,arithmetic,5004,301,4,1,0.0010000000474974513,0.0010000000474974513,500.0,500.0,500.0
old_reserved,arithmetic,5004,302,4,1,0.0010000000474974513,0.0010000000474974513,500.0,500.0,500.0
old_reserved,arithmetic,5004,303,4,1,0.0010000000474974513,0.0010000000474974513,500.0,500.0,500.0
old_reserved,arithmetic,5004,304,4,1,0.0010000000474974513,0.0010000000474974513,500.0,500.0,500.0
old_reserved,arithmetic,5004,305,4,1,0.0010000000474974513,0.0010000000474974513,500.0,500.0,500.0
old_reserved,arithmetic,5004,306,4,1,0.0010000000474974513,0.0010000000474974513,500.0,500.0,500.0
old_reserved,arithmetic,5004,307,4,1,0.0010000000474974513,0.0010000000474974513,500.0,496.8999938964844,500.0
old_reserved,arithmetic,5004,308,4,1,0.0010000000474974513,0.0010000000474974513,500.0,500.0,500.0
old_reserved,arithmetic,5004,309,4,1,0.0010000000474974513,0.0010000000474974513,500.0,497.8000183105469,500.0
old_reserved,arithmetic,5004,310,4,1,0.0010000000474974513,0.0010000000474974513,500.0,500.0,500.0
old_reserved,arithmetic,5004,311,4,1,0.0010000000474974513,0.0010000000474974513,500.0,500.0,500.0
old_reserved,arithmetic,5004,312,4,1,0.0010000000474974513,0.0010000000474974513,500.0,500.0,500.0
old_reserved,arithmetic,5004,313,4,1,0.0010000000474974513,0.0010000000474974513,500.0,495.6000061035156,500.0
old_reserved,arithmetic,5004,314,4,1,0.0010000000474974513,0.0010000000474974513,500.0,500.0,500.0
old_reserved,arithmetic,5004,315,4,1,0.0010000000474974513,0.0010000000474974513,500.0,500.0,500.0
old_reserved,arithmetic,5004,316,4,1,0.0010000000474974513,0.0010000000474974513,500.0,500.0,500.0
old_reserved,arithmetic,5004,317,4,1,0.0010000000474974513,0.0010000000474974513,500.0,500.0,500.0
old_reserved,arithmetic,5004,318,4,1,0.0010000000474974513,0.0010000000474974513,500.0,500.0,500.0
old_reserved,arithmetic,5004,319,4,1,0.0010000000474974513,0.0010000000474974513,500.0,500.0,500.0
old_reserved,arithmetic,5005,0,1,0,0.5,0.4953344166278839,9.40000057220459,9.199999809265137,19.98958396911621
old_reserved,arithmetic,5005,1,1,0,0.4953344166278839,0.4876549541950226,9.300000190734863,9.699999809265137,24.895835876464844
old_reserved,arithmetic,5005,2,1,0,0.4876549541950226,0.4741307497024536,8.800000190734863,9.100000381469727,26.22395896911621
old_reserved,arithmetic,5005,3,1,0,0.4741307497024536,0.4552551805973053,9.40000057220459,9.40000057220459,29.078125
old_reserved,arithmetic,5005,4,1,0,0.4552551805973053,0.4398716986179352,9.100000381469727,9.800000190734863,34.38541793823242
old_reserved,arithmetic,5005,5,1,0,0.4398716986179352,0.426338255405426,12.699999809265137,12.0,37.91666793823242
old_reserved,arithmetic,5005,6,1,0,0.426338255405426,0.40936535596847534,15.600000381469727,15.90000057220459,41.776039123535156
old_reserved,arithmetic,5005,7,1,0,0.40936535596847534,0.3930681645870209,12.600000381469727,12.699999809265137,45.765625
old_reserved,arithmetic,5005,8,1,0,0.3930681645870209,0.37978604435920715,12.5,13.199999809265137,54.59375
old_reserved,arithmetic,5005,9,1,0,0.37978604435920715,0.36925339698791504,10.199999809265137,10.90000057220459,67.89584350585938
old_reserved,arithmetic,5005,10,1,0,0.36925339698791504,0.35677599906921387,9.199999809265137,9.300000190734863,80.98438262939453
old_reserved,arithmetic,5005,11,1,0,0.35677599906921387,0.34579914808273315,9.199999809265137,9.600000381469727,84.78645324707031
old_reserved,arithmetic,5005,12,1,0,0.34579914808273315,0.33307182788848877,34.70000076293945,25.100000381469727,101.09373474121094
old_reserved,arithmetic,5005,13,1,0,0.33307182788848877,0.3218170404434204,63.10000228881836,40.79999923706055,119.93230438232422
old_reserved,arithmetic,5005,14,1,0,0.3218170404434204,0.3090052008628845,128.60000610351562,84.80000305175781,133.89584350585938
old_reserved,arithmetic,5005,15,1,0,0.3090052008628845,0.297632098197937,212.0,166.1999969482422,134.03125
old_reserved,arithmetic,5005,16,1,0,0.297632098197937,0.2875748574733734,137.1999969482422,328.1000061035156,165.37501525878906
old_reserved,arithmetic,5005,17,1,0,0.2875748574733734,0.28047460317611694,267.1000061035156,285.3000183105469,190.109375
old_reserved,arithmetic,5005,18,1,0,0.28047460317611694,0.2709971070289612,151.5,242.3000030517578,224.90625
old_reserved,arithmetic,5005,19,1,0,0.2709971070289612,0.2618398666381836,103.0,409.20001220703125,222.99478149414062
old_reserved,arithmetic,5005,20,1,0,0.2618398666381836,0.25220268964767456,108.70000457763672,475.1000061035156,262.60418701171875
old_reserved,arithmetic,5005,21,1,0,0.25220268964767456,0.24140670895576477,180.90000915527344,354.1000061035156,256.8229064941406
old_reserved,arithmetic,5005,22,1,0,0.24140670895576477,0.23035188019275665,144.6999969482422,348.8999938964844,276.4999694824219
old_reserved,arithmetic,5005,23,1,0,0.23035188019275665,0.222568079829216,145.3000030517578,327.70001220703125,303.0521240234375
old_reserved,arithmetic,5005,24,1,0,0.222568079829216,0.2143763303756714,122.30000305175781,395.8999938964844,312.69268798828125
old_reserved,arithmetic,5005,25,1,0,0.2143763303756714,0.20392107963562012,105.0999984741211,500.0,303.72393798828125
old_reserved,arithmetic,5005,26,1,0,0.20392107963562012,0.19397573173046112,116.9000015258789,500.0,346.2031555175781
old_reserved,arithmetic,5005,27,1,0,0.19397573173046112,0.18451543152332306,415.8000183105469,500.0,363.7708435058594
old_reserved,arithmetic,5005,28,1,0,0.18451543152332306,0.1755165159702301,495.8000183105469,500.0,387.640625
old_reserved,arithmetic,5005,29,1,0,0.1755165159702301,0.16695648431777954,500.0,500.0,388.5572509765625
old_reserved,arithmetic,5005,30,1,0,0.16695648431777954,0.15881392359733582,500.0,500.0,423.04168701171875
old_reserved,arithmetic,5005,31,1,0,0.15881392359733582,0.15106847882270813,500.0,500.0,418.44793701171875
old_reserved,arithmetic,5005,32,1,0,0.15106847882270813,0.14370079338550568,500.0,500.0,435.30206298828125
old_reserved,arithmetic,5005,33,1,0,0.14370079338550568,0.13669243454933167,500.0,500.0,451.96875
old_reserved,arithmetic,5005,34,1,0,0.13669243454933167,0.13002586364746094,500.0,500.0,443.1614685058594
old_reserved,arithmetic,5005,35,1,0,0.13002586364746094,0.12368442863225937,500.0,500.0,452.703125
old_reserved,arithmetic,5005,36,1,0,0.12368442863225937,0.1176522746682167,500.0,500.0,462.765625
old_reserved,arithmetic,5005,37,1,0,0.1176522746682167,0.11191430687904358,500.0,500.0,476.1041564941406
old_reserved,arithmetic,5005,38,1,0,0.11191430687904358,0.10645618289709091,500.0,500.0,446.4270935058594
old_reserved,arithmetic,5005,39,1,0,0.10645618289709091,0.10126425325870514,500.0,500.0,482.40625
old_reserved,arithmetic,5005,40,1,0,0.10126425325870514,0.09632553905248642,500.0,500.0,492.515625
old_reserved,arithmetic,5005,41,1,0,0.09632553905248642,0.09162768721580505,500.0,500.0,489.97393798828125
old_reserved,arithmetic,5005,42,1,0,0.09162768721580505,0.08715895563364029,500.0,500.0,468.9739685058594
old_reserved,arithmetic,5005,43,1,0,0.08715895563364029,0.08290816843509674,500.0,500.0,481.58331298828125
old_reserved,arithmetic,5005,44,1,0,0.08290816843509674,0.0788646936416626,500.0,500.0,478.328125
old_reserved,arithmetic,5005,45,1,0,0.0788646936416626,0.07501842081546783,500.0,500.0,488.140625
old_reserved,arithmetic,5005,46,1,0,0.07501842081546783,0.07135973125696182,500.0,500.0,484.5625
old_reserved,arithmetic,5005,47,1,0,0.07135973125696182,0.06787947565317154,500.0,500.0,496.7916564941406
old_reserved,arithmetic,5005,48,1,0,0.06787947565317154,0.06456895917654037,500.0,500.0,492.921875
old_reserved,arithmetic,5005,49,1,0,0.06456895917654037,0.06141989678144455,500.0,500.0,471.01043701171875
old_reserved,arithmetic,5005,50,1,0,0.06141989678144455,0.058424413204193115,500.0,500.0,497.578125
old_reserved,arithmetic,5005,51,1,0,0.058424413204193115,0.05557502433657646,500.0,500.0,497.69268798828125
old_reserved,arithmetic,5005,52,1,0,0.05557502433657646,0.05286459997296333,500.0,500.0,492.8229064941406
old_reserved,arithmetic,5005,53,1,0,0.05286459997296333,0.05028636381030083,500.0,500.0,493.85418701171875
old_reserved,arithmetic,5005,54,1,0,0.05028636381030083,0.047833871096372604,500.0,500.0,491.7604064941406
old_reserved,arithmetic,5005,55,1,0,0.047833871096372604,0.0455009862780571,500.0,500.0,497.4010314941406
old_reserved,arithmetic,5005,56,1,0,0.0455009862780571,0.043281879276037216,500.0,500.0,483.3541564941406
old_reserved,arithmetic,5005,57,1,0,0.043281879276037216,0.04117099940776825,500.0,500.0,499.65106201171875
old_reserved,arithmetic,5005,58,1,0,0.04117099940776825,0.03916306793689728,500.0,500.0,483.14581298828125
old_reserved,arithmetic,5005,59,1,0,0.03916306793689728,0.037253063172101974,500.0,500.0,492.29168701171875
old_reserved,arithmetic,5005,60,1,0,0.037253063172101974,0.03543620929121971,500.0,500.0,496.2916564941406
old_reserved,arithmetic,5005,61,1,0,0.03543620929121971,0.03370796516537666,500.0,500.0,499.69793701171875
old_reserved,arithmetic,5005,62,1,0,0.03370796516537666,0.032064009457826614,500.0,418.20001220703125,496.53643798828125
old_reserved,arithmetic,5005,63,1,0,0.032064009457826614,0.030500229448080063,500.0,500.0,496.4375
old_reserved,arithmetic,5005,64,1,0,0.030500229448080063,0.029012717306613922,500.0,500.0,499.46875
old_reserved,arithmetic,5005,65,1,0,0.029012717306613922,0.02759775146842003,500.0,500.0,493.8072814941406
old_reserved,arithmetic,5005,66,1,0,0.02759775146842003,0.026251794770359993,500.0,500.0,498.22393798828125
old_reserved,arithmetic,5005,67,1,0,0.026251794770359993,0.024971479550004005,500.0,500.0,500.0
old_reserved,arithmetic,5005,68,1,0,0.024971479550004005,0.023753607645630836,500.0,500.0,496.7552185058594
old_reserved,arithmetic,5005,69,1,0,0.023753607645630836,0.022595131769776344,500.0,500.0,495.28125
old_reserved,arithmetic,5005,70,1,0,0.022595131769776344,0.021493155509233475,500.0,500.0,499.96875
old_reserved,arithmetic,5005,71,1,0,0.021493155509233475,0.020444922149181366,500.0,500.0,498.5989685058594
old_reserved,arithmetic,5005,72,1,0,0.020444922149181366,0.0194478128105402,500.0,500.0,500.0
old_reserved,arithmetic,5005,73,1,0,0.0194478128105402,0.018499331548810005,500.0,500.0,498.51043701171875
old_reserved,arithmetic,5005,74,1,0,0.018499331548810005,0.017597109079360962,500.0,500.0,494.4010314941406
old_reserved,arithmetic,5005,75,1,0,0.017597109079360962,0.0167388878762722,500.0,500.0,498.203125
old_reserved,arithmetic,5005,76,1,0,0.0167388878762722,0.01592252403497696,500.0,500.0,496.04168701171875
old_reserved,arithmetic,5005,77,1,0,0.01592252403497696,0.015145974233746529,500.0,500.0,498.8177185058594
old_reserved,arithmetic,5005,78,1,0,0.015145974233746529,0.014407296665012836,500.0,500.0,499.44793701171875
old_reserved,arithmetic,5005,79,1,0,0.014407296665012836,0.01370464451611042,500.0,500.0,499.9739685058594
old_reserved,arithmetic,5005,80,2,1,0.01370464451611042,0.013036261312663555,500.0,500.0,465.8697814941406
old_reserved,arithmetic,5005,81,2,1,0.013036261312663555,0.012400475330650806,500.0,500.0,500.0
old_reserved,arithmetic,5005,82,2,1,0.012400475330650806,0.01179569773375988,500.0,500.0,500.0
old_reserved,arithmetic,5005,83,2,1,0.01179569773375988,0.011220415122807026,500.0,500.0,498.59893798828125
old_reserved,arithmetic,5005,84,2,1,0.011220415122807026,0.010673189535737038,500.0,500.0,498.296875
old_reserved,arithmetic,5005,85,2,1,0.010673189535737038,0.01015265192836523,500.0,500.0,498.4375
old_reserved,arithmetic,5005,86,2,1,0.01015265192836523,0.009657501243054867,500.0,500.0,500.0
old_reserved,arithmetic,5005,87,2,1,0.009657501243054867,0.009186499752104282,500.0,500.0,498.22918701171875
old_reserved,arithmetic,5005,88,2,1,0.009186499752104282,0.008738469332456589,500.0,500.0,499.1041564941406
old_reserved,arithmetic,5005,89,2,1,0.008738469332456589,0.008312289603054523,500.0,500.0,498.61981201171875
old_reserved,arithmetic,5005,90,2,1,0.008312289603054523,0.007906895130872726,500.0,500.0,498.953125
old_reserved,arithmetic,5005,91,2,1,0.007906895130872726,0.007521271705627441,500.0,500.0,497.90106201171875
old_reserved,arithmetic,5005,92,2,1,0.007521271705627441,0.007154454942792654,500.0,500.0,499.21356201171875
old_reserved,arithmetic,5005,93,2,1,0.007154454942792654,0.006805528420954943,500.0,500.0,495.81768798828125
old_reserved,arithmetic,5005,94,2,1,0.006805528420954943,0.006473619025200605,500.0,500.0,498.54168701171875
old_reserved,arithmetic,5005,95,2,1,0.006473619025200605,0.00615789694711566,500.0,500.0,499.671875
old_reserved,arithmetic,5005,96,2,1,0.00615789694711566,0.005857572890818119,500.0,500.0,499.5
old_reserved,arithmetic,5005,97,2,1,0.005857572890818119,0.005571895744651556,500.0,500.0,498.5
old_reserved,arithmetic,5005,98,2,1,0.005571895744651556,0.0053001511842012405,500.0,500.0,498.25518798828125
old_reserved,arithmetic,5005,99,2,1,0.0053001511842012405,0.005041659809648991,500.0,500.0,500.0
old_reserved,arithmetic,5005,100,2,1,0.005041659809648991,0.004795775283128023,500.0,500.0,500.0
old_reserved,arithmetic,5005,101,2,1,0.004795775283128023,0.004561882931739092,500.0,500.0,500.0
old_reserved,arithmetic,5005,102,2,1,0.004561882931739092,0.004339397419244051,500.0,500.0,499.63018798828125
old_reserved,arithmetic,5005,103,2,1,0.004339397419244051,0.004127762746065855,500.0,500.0,500.0
old_reserved,arithmetic,5005,104,2,1,0.004127762746065855,0.003926449455320835,500.0,500.0,500.0
old_reserved,arithmetic,5005,105,2,1,0.003926449455320835,0.0037349543999880552,500.0,500.0,499.47393798828125
old_reserved,arithmetic,5005,106,2,1,0.0037349543999880552,0.0035527986474335194,500.0,500.0,497.78643798828125
old_reserved,arithmetic,5005,107,2,1,0.0035527986474335194,0.0033795267809182405,500.0,500.0,498.48956298828125
old_reserved,arithmetic,5005,108,2,1,0.0033795267809182405,0.003214705502614379,500.0,500.0,500.0
old_reserved,arithmetic,5005,109,2,1,0.003214705502614379,0.0030579224694520235,500.0,500.0,499.3854064941406
old_reserved,arithmetic,5005,110,2,1,0.0030579224694520235,0.002908785827457905,500.0,500.0,498.97393798828125
old_reserved,arithmetic,5005,111,2,1,0.002908785827457905,0.002766922814771533,500.0,500.0,500.0
old_reserved,arithmetic,5005,112,2,1,0.002766922814771533,0.002631978364661336,500.0,500.0,499.27081298828125
old_reserved,arithmetic,5005,113,2,1,0.002631978364661336,0.002503615338355303,500.0,500.0,497.203125
old_reserved,arithmetic,5005,114,2,1,0.002503615338355303,0.002381512662395835,500.0,500.0,498.46875
old_reserved,arithmetic,5005,115,2,1,0.002381512662395835,0.002265365095809102,500.0,500.0,498.69268798828125
old_reserved,arithmetic,5005,116,2,1,0.002265365095809102,0.002154882065951824,500.0,500.0,498.5416564941406
old_reserved,arithmetic,5005,117,2,1,0.002154882065951824,0.002049787202849984,500.0,500.0,498.21356201171875
old_reserved,arithmetic,5005,118,2,1,0.002049787202849984,0.0019498179899528623,500.0,500.0,500.0
old_reserved,arithmetic,5005,119,2,1,0.0019498179899528623,0.0018547242507338524,500.0,500.0,500.0
old_reserved,arithmetic,5005,120,2,1,0.0018547242507338524,0.0017642683815211058,500.0,500.0,499.6510314941406
old_reserved,arithmetic,5005,121,2,1,0.0017642683815211058,0.0016782240709289908,500.0,494.8999938964844,500.0
old_reserved,arithmetic,5005,122,2,1,0.0016782240709289908,0.0015963761834427714,500.0,500.0,495.14581298828125
old_reserved,arithmetic,5005,123,2,1,0.0015963761834427714,0.0015185200609266758,500.0,500.0,499.828125
old_reserved,arithmetic,5005,124,2,1,0.0015185200609266758,0.0014444610569626093,500.0,500.0,498.77606201171875
old_reserved,arithmetic,5005,125,2,1,0.0014444610569626093,0.0013740139547735453,500.0,500.0,500.0
old_reserved,arithmetic,5005,126,2,1,0.0013740139547735453,0.0013070025015622377,500.0,500.0,500.0
old_reserved,arithmetic,5005,127,2,1,0.0013070025015622377,0.0012432592920958996,500.0,500.0,499.453125
old_reserved,arithmetic,5005,128,2,1,0.0012432592920958996,0.0011826248373836279,500.0,500.0,500.0
old_reserved,arithmetic,5005,129,2,1,0.0011826248373836279,0.001124947564676404,500.0,500.0,500.0
old_reserved,arithmetic,5005,130,2,1,0.001124947564676404,0.0010700832353904843,500.0,500.0,500.0
old_reserved,arithmetic,5005,131,2,1,0.0010700832353904843,0.0010178947122767568,500.0,500.0,500.0
old_reserved,arithmetic,5005,132,2,1,0.0010178947122767568,0.0010000000474974513,500.0,500.0,500.0
old_reserved,arithmetic,5005,133,2,1,0.0010000000474974513,0.0010000000474974513,500.0,500.0,500.0
old_reserved,arithmetic,5005,134,2,1,0.0010000000474974513,0.0010000000474974513,500.0,500.0,500.0
old_reserved,arithmetic,5005,135,2,1,0.0010000000474974513,0.0010000000474974513,500.0,500.0,500.0
old_reserved,arithmetic,5005,136,2,1,0.0010000000474974513,0.0010000000474974513,500.0,500.0,500.0
old_reserved,arithmetic,5005,137,2,1,0.0010000000474974513,0.0010000000474974513,500.0,500.0,500.0
old_reserved,arithmetic,5005,138,2,1,0.0010000000474974513,0.0010000000474974513,500.0,500.0,500.0
old_reserved,arithmetic,5005,139,2,1,0.0010000000474974513,0.0010000000474974513,500.0,500.0,500.0
old_reserved,arithmetic,5005,140,2,1,0.0010000000474974513,0.0010000000474974513,500.0,500.0,500.0
old_reserved,arithmetic,5005,141,2,1,0.0010000000474974513,0.0010000000474974513,500.0,500.0,500.0
old_reserved,arithmetic,5005,142,2,1,0.0010000000474974513,0.0010000000474974513,500.0,500.0,500.0
old_reserved,arithmetic,5005,143,2,1,0.0010000000474974513,0.0010000000474974513,500.0,500.0,500.0
old_reserved,arithmetic,5005,144,2,1,0.0010000000474974513,0.0010000000474974513,500.0,500.0,500.0
old_reserved,arithmetic,5005,145,2,1,0.0010000000474974513,0.0010000000474974513,500.0,500.0,500.0
old_reserved,arithmetic,5005,146,2,1,0.0010000000474974513,0.0010000000474974513,500.0,500.0,500.0
old_reserved,arithmetic,5005,147,2,1,0.0010000000474974513,0.0010000000474974513,500.0,500.0,500.0
old_reserved,arithmetic,5005,148,2,1,0.0010000000474974513,0.0010000000474974513,500.0,500.0,500.0
old_reserved,arithmetic,5005,149,2,1,0.0010000000474974513,0.0010000000474974513,500.0,500.0,500.0
old_reserved,arithmetic,5005,150,2,1,0.0010000000474974513,0.0010000000474974513,500.0,500.0,500.0
old_reserved,arithmetic,5005,151,2,1,0.0010000000474974513,0.0010000000474974513,500.0,500.0,500.0
old_reserved,arithmetic,5005,152,2,1,0.0010000000474974513,0.0010000000474974513,500.0,500.0,500.0
old_reserved,arithmetic,5005,153,2,1,0.0010000000474974513,0.0010000000474974513,500.0,500.0,500.0
old_reserved,arithmetic,5005,154,2,1,0.0010000000474974513,0.0010000000474974513,500.0,500.0,500.0
old_reserved,arithmetic,5005,155,2,1,0.0010000000474974513,0.0010000000474974513,500.0,500.0,500.0
old_reserved,arithmetic,5005,156,2,1,0.0010000000474974513,0.0010000000474974513,500.0,500.0,500.0
old_reserved,arithmetic,5005,157,2,1,0.0010000000474974513,0.0010000000474974513,500.0,500.0,500.0
old_reserved,arithmetic,5005,158,2,1,0.0010000000474974513,0.0010000000474974513,500.0,500.0,500.0
old_reserved,arithmetic,5005,159,2,1,0.0010000000474974513,0.0010000000474974513,500.0,500.0,500.0
old_reserved,arithmetic,5005,160,3,0,0.0010000000474974513,0.0010000000474974513,500.0,500.0,499.70831298828125
old_reserved,arithmetic,5005,161,3,0,0.0010000000474974513,0.0010000000474974513,500.0,500.0,500.0
old_reserved,arithmetic,5005,162,3,0,0.0010000000474974513,0.0010000000474974513,500.0,500.0,500.0
old_reserved,arithmetic,5005,163,3,0,0.0010000000474974513,0.0010000000474974513,500.0,500.0,500.0
old_reserved,arithmetic,5005,164,3,0,0.0010000000474974513,0.0010000000474974513,500.0,500.0,500.0
old_reserved,arithmetic,5005,165,3,0,0.0010000000474974513,0.0010000000474974513,500.0,500.0,500.0
old_reserved,arithmetic,5005,166,3,0,0.0010000000474974513,0.0010000000474974513,500.0,500.0,500.0
old_reserved,arithmetic,5005,167,3,0,0.0010000000474974513,0.0010000000474974513,500.0,500.0,500.0
old_reserved,arithmetic,5005,168,3,0,0.0010000000474974513,0.0010000000474974513,500.0,500.0,500.0
old_reserved,arithmetic,5005,169,3,0,0.0010000000474974513,0.0010000000474974513,500.0,500.0,500.0
old_reserved,arithmetic,5005,170,3,0,0.0010000000474974513,0.0010000000474974513,500.0,500.0,500.0
old_reserved,arithmetic,5005,171,3,0,0.0010000000474974513,0.0010000000474974513,500.0,500.0,500.0
old_reserved,arithmetic,5005,172,3,0,0.0010000000474974513,0.0010000000474974513,500.0,500.0,500.0
old_reserved,arithmetic,5005,173,3,0,0.0010000000474974513,0.0010000000474974513,500.0,500.0,500.0
old_reserved,arithmetic,5005,174,3,0,0.0010000000474974513,0.0010000000474974513,500.0,500.0,500.0
old_reserved,arithmetic,5005,175,3,0,0.0010000000474974513,0.0010000000474974513,500.0,500.0,500.0
old_reserved,arithmetic,5005,176,3,0,0.0010000000474974513,0.0010000000474974513,500.0,500.0,500.0
old_reserved,arithmetic,5005,177,3,0,0.0010000000474974513,0.0010000000474974513,500.0,500.0,500.0
old_reserved,arithmetic,5005,178,3,0,0.0010000000474974513,0.0010000000474974513,500.0,500.0,500.0
old_reserved,arithmetic,5005,179,3,0,0.0010000000474974513,0.0010000000474974513,500.0,500.0,500.0
old_reserved,arithmetic,5005,180,3,0,0.0010000000474974513,0.0010000000474974513,500.0,500.0,500.0
old_reserved,arithmetic,5005,181,3,0,0.0010000000474974513,0.0010000000474974513,500.0,500.0,499.77606201171875
old_reserved,arithmetic,5005,182,3,0,0.0010000000474974513,0.0010000000474974513,500.0,500.0,500.0
old_reserved,arithmetic,5005,183,3,0,0.0010000000474974513,0.0010000000474974513,500.0,500.0,500.0
old_reserved,arithmetic,5005,184,3,0,0.0010000000474974513,0.0010000000474974513,500.0,500.0,500.0
old_reserved,arithmetic,5005,185,3,0,0.0010000000474974513,0.0010000000474974513,500.0,500.0,500.0
old_reserved,arithmetic,5005,186,3,0,0.0010000000474974513,0.0010000000474974513,500.0,500.0,500.0
old_reserved,arithmetic,5005,187,3,0,0.0010000000474974513,0.0010000000474974513,500.0,500.0,500.0
old_reserved,arithmetic,5005,188,3,0,0.0010000000474974513,0.0010000000474974513,500.0,500.0,500.0
old_reserved,arithmetic,5005,189,3,0,0.0010000000474974513,0.0010000000474974513,500.0,500.0,500.0
old_reserved,arithmetic,5005,190,3,0,0.0010000000474974513,0.0010000000474974513,500.0,500.0,499.828125
old_reserved,arithmetic,5005,191,3,0,0.0010000000474974513,0.0010000000474974513,500.0,500.0,500.0
old_reserved,arithmetic,5005,192,3,0,0.0010000000474974513,0.0010000000474974513,500.0,500.0,500.0
old_reserved,arithmetic,5005,193,3,0,0.0010000000474974513,0.0010000000474974513,500.0,500.0,500.0
old_reserved,arithmetic,5005,194,3,0,0.0010000000474974513,0.0010000000474974513,500.0,500.0,500.0
old_reserved,arithmetic,5005,195,3,0,0.0010000000474974513,0.0010000000474974513,500.0,500.0,500.0
old_reserved,arithmetic,5005,196,3,0,0.0010000000474974513,0.0010000000474974513,500.0,500.0,500.0
old_reserved,arithmetic,5005,197,3,0,0.0010000000474974513,0.0010000000474974513,500.0,500.0,499.64581298828125
old_reserved,arithmetic,5005,198,3,0,0.0010000000474974513,0.0010000000474974513,500.0,500.0,500.0
old_reserved,arithmetic,5005,199,3,0,0.0010000000474974513,0.0010000000474974513,500.0,500.0,500.0
old_reserved,arithmetic,5005,200,3,0,0.0010000000474974513,0.0010000000474974513,500.0,500.0,499.0729064941406
old_reserved,arithmetic,5005,201,3,0,0.0010000000474974513,0.0010000000474974513,500.0,500.0,500.0
old_reserved,arithmetic,5005,202,3,0,0.0010000000474974513,0.0010000000474974513,500.0,500.0,500.0
old_reserved,arithmetic,5005,203,3,0,0.0010000000474974513,0.0010000000474974513,500.0,500.0,499.77081298828125
old_reserved,arithmetic,5005,204,3,0,0.0010000000474974513,0.0010000000474974513,500.0,500.0,499.79168701171875
old_reserved,arithmetic,5005,205,3,0,0.0010000000474974513,0.0010000000474974513,500.0,500.0,500.0
old_reserved,arithmetic,5005,206,3,0,0.0010000000474974513,0.0010000000474974513,500.0,500.0,500.0
old_reserved,arithmetic,5005,207,3,0,0.0010000000474974513,0.0010000000474974513,500.0,500.0,500.0
old_reserved,arithmetic,5005,208,3,0,0.0010000000474974513,0.0010000000474974513,500.0,500.0,498.39581298828125
old_reserved,arithmetic,5005,209,3,0,0.0010000000474974513,0.0010000000474974513,500.0,500.0,500.0
old_reserved,arithmetic,5005,210,3,0,0.0010000000474974513,0.0010000000474974513,500.0,500.0,500.0
old_reserved,arithmetic,5005,211,3,0,0.0010000000474974513,0.0010000000474974513,500.0,500.0,500.0
old_reserved,arithmetic,5005,212,3,0,0.0010000000474974513,0.0010000000474974513,500.0,500.0,500.0
old_reserved,arithmetic,5005,213,3,0,0.0010000000474974513,0.0010000000474974513,500.0,500.0,500.0
old_reserved,arithmetic,5005,214,3,0,0.0010000000474974513,0.0010000000474974513,500.0,500.0,499.8645935058594
old_reserved,arithmetic,5005,215,3,0,0.0010000000474974513,0.0010000000474974513,500.0,500.0,499.8333435058594
old_reserved,arithmetic,5005,216,3,0,0.0010000000474974513,0.0010000000474974513,500.0,500.0,500.0
old_reserved,arithmetic,5005,217,3,0,0.0010000000474974513,0.0010000000474974513,500.0,500.0,500.0
old_reserved,arithmetic,5005,218,3,0,0.0010000000474974513,0.0010000000474974513,500.0,500.0,500.0
old_reserved,arithmetic,5005,219,3,0,0.0010000000474974513,0.0010000000474974513,500.0,500.0,499.1354064941406
old_reserved,arithmetic,5005,220,3,0,0.0010000000474974513,0.0010000000474974513,500.0,500.0,500.0
old_reserved,arithmetic,5005,221,3,0,0.0010000000474974513,0.0010000000474974513,500.0,500.0,500.0
old_reserved,arithmetic,5005,222,3,0,0.0010000000474974513,0.0010000000474974513,500.0,500.0,500.0
old_reserved,arithmetic,5005,223,3,0,0.0010000000474974513,0.0010000000474974513,500.0,500.0,500.0
old_reserved,arithmetic,5005,224,3,0,0.0010000000474974513,0.0010000000474974513,500.0,500.0,500.0
old_reserved,arithmetic,5005,225,3,0,0.0010000000474974513,0.0010000000474974513,500.0,500.0,500.0
old_reserved,arithmetic,5005,226,3,0,0.0010000000474974513,0.0010000000474974513,500.0,500.0,500.0
old_reserved,arithmetic,5005,227,3,0,0.0010000000474974513,0.0010000000474974513,500.0,500.0,500.0
old_reserved,arithmetic,5005,228,3,0,0.0010000000474974513,0.0010000000474974513,500.0,500.0,500.0
old_reserved,arithmetic,5005,229,3,0,0.0010000000474974513,0.0010000000474974513,500.0,500.0,499.78643798828125
old_reserved,arithmetic,5005,230,3,0,0.0010000000474974513,0.0010000000474974513,500.0,500.0,500.0
old_reserved,arithmetic,5005,231,3,0,0.0010000000474974513,0.0010000000474974513,500.0,500.0,500.0
old_reserved,arithmetic,5005,232,3,0,0.0010000000474974513,0.0010000000474974513,500.0,500.0,500.0
old_reserved,arithmetic,5005,233,3,0,0.0010000000474974513,0.0010000000474974513,500.0,500.0,500.0
old_reserved,arithmetic,5005,234,3,0,0.0010000000474974513,0.0010000000474974513,500.0,500.0,500.0
old_reserved,arithmetic,5005,235,3,0,0.0010000000474974513,0.0010000000474974513,500.0,500.0,499.25518798828125
old_reserved,arithmetic,5005,236,3,0,0.0010000000474974513,0.0010000000474974513,500.0,500.0,500.0
old_reserved,arithmetic,5005,237,3,0,0.0010000000474974513,0.0010000000474974513,500.0,500.0,500.0
old_reserved,arithmetic,5005,238,3,0,0.0010000000474974513,0.0010000000474974513,500.0,500.0,500.0
old_reserved,arithmetic,5005,239,3,0,0.0010000000474974513,0.0010000000474974513,500.0,500.0,500.0
old_reserved,arithmetic,5005,240,4,1,0.0010000000474974513,0.0010000000474974513,500.0,500.0,500.0
old_reserved,arithmetic,5005,241,4,1,0.0010000000474974513,0.0010000000474974513,500.0,500.0,500.0
old_reserved,arithmetic,5005,242,4,1,0.0010000000474974513,0.0010000000474974513,500.0,500.0,500.0
old_reserved,arithmetic,5005,243,4,1,0.0010000000474974513,0.0010000000474974513,500.0,500.0,500.0
old_reserved,arithmetic,5005,244,4,1,0.0010000000474974513,0.0010000000474974513,500.0,500.0,500.0
old_reserved,arithmetic,5005,245,4,1,0.0010000000474974513,0.0010000000474974513,500.0,500.0,500.0
old_reserved,arithmetic,5005,246,4,1,0.0010000000474974513,0.0010000000474974513,500.0,500.0,500.0
old_reserved,arithmetic,5005,247,4,1,0.0010000000474974513,0.0010000000474974513,500.0,500.0,500.0
old_reserved,arithmetic,5005,248,4,1,0.0010000000474974513,0.0010000000474974513,500.0,500.0,500.0
old_reserved,arithmetic,5005,249,4,1,0.0010000000474974513,0.0010000000474974513,500.0,500.0,500.0
old_reserved,arithmetic,5005,250,4,1,0.0010000000474974513,0.0010000000474974513,500.0,500.0,500.0
old_reserved,arithmetic,5005,251,4,1,0.0010000000474974513,0.0010000000474974513,500.0,500.0,500.0
old_reserved,arithmetic,5005,252,4,1,0.0010000000474974513,0.0010000000474974513,500.0,500.0,500.0
old_reserved,arithmetic,5005,253,4,1,0.0010000000474974513,0.0010000000474974513,500.0,500.0,500.0
old_reserved,arithmetic,5005,254,4,1,0.0010000000474974513,0.0010000000474974513,500.0,500.0,500.0
old_reserved,arithmetic,5005,255,4,1,0.0010000000474974513,0.0010000000474974513,500.0,500.0,500.0
old_reserved,arithmetic,5005,256,4,1,0.0010000000474974513,0.0010000000474974513,500.0,500.0,500.0
old_reserved,arithmetic,5005,257,4,1,0.0010000000474974513,0.0010000000474974513,500.0,500.0,500.0
old_reserved,arithmetic,5005,258,4,1,0.0010000000474974513,0.0010000000474974513,500.0,500.0,500.0
old_reserved,arithmetic,5005,259,4,1,0.0010000000474974513,0.0010000000474974513,500.0,500.0,500.0
old_reserved,arithmetic,5005,260,4,1,0.0010000000474974513,0.0010000000474974513,500.0,500.0,500.0
old_reserved,arithmetic,5005,261,4,1,0.0010000000474974513,0.0010000000474974513,500.0,500.0,500.0
old_reserved,arithmetic,5005,262,4,1,0.0010000000474974513,0.0010000000474974513,500.0,500.0,500.0
old_reserved,arithmetic,5005,263,4,1,0.0010000000474974513,0.0010000000474974513,500.0,500.0,500.0
old_reserved,arithmetic,5005,264,4,1,0.0010000000474974513,0.0010000000474974513,500.0,500.0,500.0
old_reserved,arithmetic,5005,265,4,1,0.0010000000474974513,0.0010000000474974513,500.0,500.0,500.0
old_reserved,arithmetic,5005,266,4,1,0.0010000000474974513,0.0010000000474974513,500.0,500.0,500.0
old_reserved,arithmetic,5005,267,4,1,0.0010000000474974513,0.0010000000474974513,500.0,500.0,500.0
old_reserved,arithmetic,5005,268,4,1,0.0010000000474974513,0.0010000000474974513,500.0,500.0,500.0
old_reserved,arithmetic,5005,269,4,1,0.0010000000474974513,0.0010000000474974513,500.0,500.0,500.0
old_reserved,arithmetic,5005,270,4,1,0.0010000000474974513,0.0010000000474974513,500.0,500.0,500.0
old_reserved,arithmetic,5005,271,4,1,0.0010000000474974513,0.0010000000474974513,500.0,500.0,500.0
old_reserved,arithmetic,5005,272,4,1,0.0010000000474974513,0.0010000000474974513,500.0,500.0,500.0
old_reserved,arithmetic,5005,273,4,1,0.0010000000474974513,0.0010000000474974513,500.0,500.0,500.0
old_reserved,arithmetic,5005,274,4,1,0.0010000000474974513,0.0010000000474974513,500.0,500.0,500.0
old_reserved,arithmetic,5005,275,4,1,0.0010000000474974513,0.0010000000474974513,500.0,500.0,500.0
old_reserved,arithmetic,5005,276,4,1,0.0010000000474974513,0.0010000000474974513,500.0,500.0,500.0
old_reserved,arithmetic,5005,277,4,1,0.0010000000474974513,0.0010000000474974513,500.0,500.0,500.0
old_reserved,arithmetic,5005,278,4,1,0.0010000000474974513,0.0010000000474974513,500.0,500.0,500.0
old_reserved,arithmetic,5005,279,4,1,0.0010000000474974513,0.0010000000474974513,500.0,500.0,500.0
old_reserved,arithmetic,5005,280,4,1,0.0010000000474974513,0.0010000000474974513,500.0,500.0,500.0
old_reserved,arithmetic,5005,281,4,1,0.0010000000474974513,0.0010000000474974513,500.0,500.0,500.0
old_reserved,arithmetic,5005,282,4,1,0.0010000000474974513,0.0010000000474974513,500.0,500.0,500.0
old_reserved,arithmetic,5005,283,4,1,0.0010000000474974513,0.0010000000474974513,500.0,500.0,500.0
old_reserved,arithmetic,5005,284,4,1,0.0010000000474974513,0.0010000000474974513,500.0,500.0,500.0
old_reserved,arithmetic,5005,285,4,1,0.0010000000474974513,0.0010000000474974513,500.0,500.0,500.0
old_reserved,arithmetic,5005,286,4,1,0.0010000000474974513,0.0010000000474974513,500.0,500.0,500.0
old_reserved,arithmetic,5005,287,4,1,0.0010000000474974513,0.0010000000474974513,500.0,500.0,500.0
old_reserved,arithmetic,5005,288,4,1,0.0010000000474974513,0.0010000000474974513,500.0,500.0,500.0
old_reserved,arithmetic,5005,289,4,1,0.0010000000474974513,0.0010000000474974513,500.0,500.0,500.0
old_reserved,arithmetic,5005,290,4,1,0.0010000000474974513,0.0010000000474974513,500.0,500.0,500.0
old_reserved,arithmetic,5005,291,4,1,0.0010000000474974513,0.0010000000474974513,500.0,500.0,500.0
old_reserved,arithmetic,5005,292,4,1,0.0010000000474974513,0.0010000000474974513,500.0,500.0,500.0
old_reserved,arithmetic,5005,293,4,1,0.0010000000474974513,0.0010000000474974513,500.0,500.0,500.0
old_reserved,arithmetic,5005,294,4,1,0.0010000000474974513,0.0010000000474974513,500.0,500.0,500.0
old_reserved,arithmetic,5005,295,4,1,0.0010000000474974513,0.0010000000474974513,500.0,500.0,500.0
old_reserved,arithmetic,5005,296,4,1,0.0010000000474974513,0.0010000000474974513,500.0,500.0,500.0
old_reserved,arithmetic,5005,297,4,1,0.0010000000474974513,0.0010000000474974513,500.0,500.0,500.0
old_reserved,arithmetic,5005,298,4,1,0.0010000000474974513,0.0010000000474974513,500.0,500.0,500.0
old_reserved,arithmetic,5005,299,4,1,0.0010000000474974513,0.0010000000474974513,500.0,500.0,500.0
old_reserved,arithmetic,5005,300,4,1,0.0010000000474974513,0.0010000000474974513,500.0,500.0,500.0
old_reserved,arithmetic,5005,301,4,1,0.0010000000474974513,0.0010000000474974513,500.0,500.0,500.0
old_reserved,arithmetic,5005,302,4,1,0.0010000000474974513,0.0010000000474974513,500.0,500.0,500.0
old_reserved,arithmetic,5005,303,4,1,0.0010000000474974513,0.0010000000474974513,500.0,500.0,500.0
old_reserved,arithmetic,5005,304,4,1,0.0010000000474974513,0.0010000000474974513,500.0,500.0,500.0
old_reserved,arithmetic,5005,305,4,1,0.0010000000474974513,0.0010000000474974513,500.0,500.0,500.0
old_reserved,arithmetic,5005,306,4,1,0.0010000000474974513,0.0010000000474974513,500.0,500.0,500.0
old_reserved,arithmetic,5005,307,4,1,0.0010000000474974513,0.0010000000474974513,500.0,500.0,500.0
old_reserved,arithmetic,5005,308,4,1,0.0010000000474974513,0.0010000000474974513,500.0,500.0,500.0
old_reserved,arithmetic,5005,309,4,1,0.0010000000474974513,0.0010000000474974513,500.0,500.0,500.0
old_reserved,arithmetic,5005,310,4,1,0.0010000000474974513,0.0010000000474974513,500.0,500.0,500.0
old_reserved,arithmetic,5005,311,4,1,0.0010000000474974513,0.0010000000474974513,500.0,500.0,500.0
old_reserved,arithmetic,5005,312,4,1,0.0010000000474974513,0.0010000000474974513,500.0,500.0,500.0
old_reserved,arithmetic,5005,313,4,1,0.0010000000474974513,0.0010000000474974513,500.0,500.0,500.0
old_reserved,arithmetic,5005,314,4,1,0.0010000000474974513,0.0010000000474974513,500.0,500.0,500.0
old_reserved,arithmetic,5005,315,4,1,0.0010000000474974513,0.0010000000474974513,500.0,500.0,500.0
old_reserved,arithmetic,5005,316,4,1,0.0010000000474974513,0.0010000000474974513,500.0,500.0,500.0
old_reserved,arithmetic,5005,317,4,1,0.0010000000474974513,0.0010000000474974513,500.0,500.0,500.0
old_reserved,arithmetic,5005,318,4,1,0.0010000000474974513,0.0010000000474974513,500.0,500.0,500.0
old_reserved,arithmetic,5005,319,4,1,0.0010000000474974513,0.0010000000474974513,500.0,500.0,500.0
old_reserved,focus,5001,0,1,0,0.5,0.4569655954837799,9.0,9.40000057220459,11.244792938232422
old_reserved,focus,5001,1,1,0,0.4569655954837799,0.41763511300086975,9.600000381469727,9.300000190734863,14.510417938232422
old_reserved,focus,5001,2,1,0,0.41763511300086975,0.38168975710868835,8.600000381469727,11.100000381469727,19.875
old_reserved,focus,5001,3,1,0,0.38168975710868835,0.3488381803035736,9.699999809265137,9.699999809265137,23.239582061767578
old_reserved,focus,5001,4,1,0,0.3488381803035736,0.31881409883499146,9.0,16.700000762939453,30.333332061767578
old_reserved,focus,5001,5,1,0,0.31881409883499146,0.291374146938324,92.30000305175781,9.600000381469727,36.75520706176758
old_reserved,focus,5001,6,1,0,0.291374146938324,0.2790757417678833,49.400001525878906,11.100000381469727,45.46875
old_reserved,focus,5001,7,1,0,0.2790757417678833,0.25907257199287415,28.100000381469727,11.90000057220459,51.942710876464844
old_reserved,focus,5001,8,1,0,0.25907257199287415,0.2367745041847229,25.600000381469727,18.100000381469727,69.36978912353516
old_reserved,focus,5001,9,1,0,0.2367745041847229,0.21639560163021088,27.30000114440918,26.0,77.54686737060547
old_reserved,focus,5001,10,1,0,0.21639560163021088,0.19777068495750427,14.699999809265137,74.80000305175781,116.69270324707031
old_reserved,focus,5001,11,1,0,0.19777068495750427,0.18074879050254822,67.4000015258789,37.10000228881836,157.46356201171875
old_reserved,focus,5001,12,1,0,0.18074879050254822,0.16519196331501007,445.3000183105469,500.0,233.92189025878906
old_reserved,focus,5001,13,1,0,0.16519196331501007,0.16121408343315125,498.1000061035156,475.8000183105469,258.7812194824219
old_reserved,focus,5001,14,1,0,0.16121408343315125,0.1628343164920807,500.0,443.8000183105469,310.8905944824219
old_reserved,focus,5001,15,1,0,0.1628343164920807,0.164470836520195,500.0,235.1999969482422,325.3177185058594
old_reserved,focus,5001,16,1,0,0.164470836520195,0.16612379252910614,497.8000183105469,159.6999969482422,301.4635314941406
old_reserved,focus,5001,17,1,0,0.16612379252910614,0.1677933633327484,110.5,57.79999923706055,388.046875
old_reserved,focus,5001,18,1,0,0.1677933633327484,0.1533515900373459,500.0,19.399999618530273,373.2135314941406
old_reserved,focus,5001,19,1,0,0.1533515900373459,0.15489280223846436,500.0,19.600000381469727,404.99481201171875
old_reserved,focus,5001,20,1,0,0.15489280223846436,0.15644949674606323,500.0,17.600000381469727,335.4739685058594
old_reserved,focus,5001,21,1,0,0.15644949674606323,0.15802183747291565,500.0,13.199999809265137,358.3854064941406
old_reserved,focus,5001,22,1,0,0.15802183747291565,0.15960998833179474,500.0,12.90000057220459,383.390625
old_reserved,focus,5001,23,1,0,0.15960998833179474,0.16121409833431244,500.0,13.600000381469727,389.88018798828125
old_reserved,focus,5001,24,1,0,0.16121409833431244,0.16283433139324188,500.0,13.600000381469727,318.046875
old_reserved,focus,5001,25,1,0,0.16283433139324188,0.1644708514213562,500.0,14.90000057220459,333.7396240234375
old_reserved,focus,5001,26,1,0,0.1644708514213562,0.16612380743026733,500.0,14.800000190734863,360.0729064941406
old_reserved,focus,5001,27,1,0,0.16612380743026733,0.1677933782339096,500.0,14.40000057220459,381.9114990234375
old_reserved,focus,5001,28,1,0,0.1677933782339096,0.16947972774505615,500.0,13.699999809265137,372.8020935058594
old_reserved,focus,5001,29,1,0,0.16947972774505615,0.1711830347776413,500.0,12.600000381469727,401.47918701171875
old_reserved,focus,5001,30,1,0,0.1711830347776413,0.17290344834327698,500.0,11.5,395.53125
old_reserved,focus,5001,31,1,0,0.17290344834327698,0.17464116215705872,500.0,13.90000057220459,389.54168701171875
old_reserved,focus,5001,32,1,0,0.17464116215705872,0.17639634013175964,500.0,14.699999809265137,390.78125
old_reserved,focus,5001,33,1,0,0.17639634013175964,0.1781691610813141,500.0,13.199999809265137,377.2395935058594
old_reserved,focus,5001,34,1,0,0.1781691610813141,0.17995978891849518,500.0,13.0,342.5416564941406
old_reserved,focus,5001,35,1,0,0.17995978891849518,0.18176841735839844,500.0,10.199999809265137,398.60418701171875
old_reserved,focus,5001,36,1,0,0.18176841735839844,0.1835952252149582,500.0,10.100000381469727,409.08331298828125
old_reserved,focus,5001,37,1,0,0.1835952252149582,0.18544039130210876,500.0,11.5,386.09375
old_reserved,focus,5001,38,1,0,0.18544039130210876,0.18730409443378448,500.0,13.5,396.375
old_reserved,focus,5001,39,1,0,0.18730409443378448,0.18918652832508087,500.0,13.300000190734863,394.25518798828125
old_reserved,focus,5001,40,1,0,0.18918652832508087,0.19108788669109344,500.0,11.100000381469727,400.90625
old_reserved,focus,5001,41,1,0,0.19108788669109344,0.19300834834575653,500.0,12.300000190734863,422.92706298828125
old_reserved,focus,5001,42,1,0,0.19300834834575653,0.19494812190532684,500.0,17.200000762939453,398.546875
old_reserved,focus,5001,43,1,0,0.19494812190532684,0.1969073861837387,500.0,17.700000762939453,372.5989685058594
old_reserved,focus,5001,44,1,0,0.1969073861837387,0.19888633489608765,500.0,57.5,426.09375
old_reserved,focus,5001,45,1,0,0.19888633489608765,0.20088517665863037,500.0,91.5,418.07293701171875
old_reserved,focus,5001,46,1,0,0.20088517665863037,0.2029041051864624,500.0,17.100000381469727,432.6770935058594
old_reserved,focus,5001,47,1,0,0.2029041051864624,0.20494332909584045,500.0,13.100000381469727,430.3802185058594
old_reserved,focus,5001,48,1,0,0.20494332909584045,0.20700304210186005,500.0,12.699999809265137,412.3697814941406
old_reserved,focus,5001,49,1,0,0.20700304210186005,0.2090834528207779,500.0,12.300000190734863,418.03125
old_reserved,focus,5001,50,1,0,0.2090834528207779,0.2111847847700119,500.0,11.5,402.94793701171875
old_reserved,focus,5001,51,1,0,0.2111847847700119,0.2133072316646576,500.0,10.90000057220459,430.59375
old_reserved,focus,5001,52,1,0,0.2133072316646576,0.21545100212097168,500.0,10.800000190734863,399.109375
old_reserved,focus,5001,53,1,0,0.21545100212097168,0.21761631965637207,500.0,10.40000057220459,448.29168701171875
old_reserved,focus,5001,54,1,0,0.21761631965637207,0.21980340778827667,500.0,10.300000190734863,402.7239685058594
old_reserved,focus,5001,55,1,0,0.21980340778827667,0.2220124751329422,500.0,10.90000057220459,397.4375
old_reserved,focus,5001,56,1,0,0.2220124751329422,0.22424374520778656,500.0,10.90000057220459,349.1458435058594
old_reserved,focus,5001,57,1,0,0.22424374520778656,0.22649744153022766,500.0,10.90000057220459,432.93231201171875
old_reserved,focus,5001,58,1,0,0.22649744153022766,0.2287737876176834,500.0,11.300000190734863,418.5625
old_reserved,focus,5001,59,1,0,0.2287737876176834,0.23107300698757172,500.0,81.0,422.66668701171875
old_reserved,focus,5001,60,1,0,0.23107300698757172,0.23339533805847168,500.0,118.0999984741211,450.8541564941406
old_reserved,focus,5001,61,1,0,0.23339533805847168,0.2357410043478012,500.0,12.199999809265137,461.8802185058594
old_reserved,focus,5001,62,1,0,0.2357410043478012,0.2381102442741394,500.0,52.60000228881836,452.13018798828125
old_reserved,focus,5001,63,1,0,0.2381102442741394,0.24050329625606537,500.0,10.199999809265137,427.66668701171875
old_reserved,focus,5001,64,1,0,0.24050329625606537,0.2429203987121582,500.0,9.300000190734863,463.25518798828125
old_reserved,focus,5001,65,1,0,0.2429203987121582,0.245361790060997,500.0,9.199999809265137,466.5
old_reserved,focus,5001,66,1,0,0.245361790060997,0.24782772362232208,500.0,9.40000057220459,447.84893798828125
old_reserved,focus,5001,67,1,0,0.24782772362232208,0.2503184378147125,500.0,9.40000057220459,433.8125
old_reserved,focus,5001,68,1,0,0.2503184378147125,0.25283417105674744,500.0,9.5,467.0
old_reserved,focus,5001,69,1,0,0.25283417105674744,0.2553752064704895,500.0,9.5,444.59375
old_reserved,focus,5001,70,1,0,0.2553752064704895,0.2579417824745178,500.0,10.199999809265137,437.98956298828125
old_reserved,focus,5001,71,1,0,0.2579417824745178,0.2605341374874115,500.0,12.5,446.76043701171875
old_reserved,focus,5001,72,1,0,0.2605341374874115,0.263152539730072,500.0,10.199999809265137,460.5520935058594
old_reserved,focus,5001,73,1,0,0.263152539730072,0.2657972574234009,500.0,119.5999984741211,470.078125
old_reserved,focus,5001,74,1,0,0.2657972574234009,0.26846855878829956,500.0,11.300000190734863,463.9583740234375
old_reserved,focus,5001,75,1,0,0.26846855878829956,0.27116671204566956,500.0,10.100000381469727,469.65625
old_reserved,focus,5001,76,1,0,0.27116671204566956,0.27389198541641235,500.0,11.0,453.65625
old_reserved,focus,5001,77,1,0,0.27389198541641235,0.27664464712142944,500.0,10.300000190734863,469.17706298828125
old_reserved,focus,5001,78,1,0,0.27664464712142944,0.2794249653816223,500.0,9.699999809265137,466.453125
old_reserved,focus,5001,79,1,0,0.2794249653816223,0.28223323822021484,500.0,9.40000057220459,447.890625
old_reserved,focus,5001,80,2,1,0.28223323822021484,0.25794175267219543,9.699999809265137,500.0,30.526042938232422
old_reserved,focus,5001,81,2,1,0.25794175267219543,0.2357410192489624,72.20000457763672,500.0,98.54167938232422
old_reserved,focus,5001,82,2,1,0.2357410192489624,0.21545107662677765,391.5,500.0,180.55209350585938
old_reserved,focus,5001,83,2,1,0.21545107662677765,0.20700311660766602,330.0,500.0,264.14581298828125
old_reserved,focus,5001,84,2,1,0.20700311660766602,0.19276732206344604,500.0,500.0,287.015625
old_reserved,focus,5001,85,2,1,0.19276732206344604,0.18989738821983337,499.0,500.0,308.2239990234375
old_reserved,focus,5001,86,2,1,0.18989738821983337,0.1918058842420578,500.0,463.70001220703125,335.2291564941406
old_reserved,focus,5001,87,2,1,0.1918058842420578,0.1937335729598999,500.0,452.0,355.59893798828125
old_reserved,focus,5001,88,2,1,0.1937335729598999,0.195680633187294,500.0,294.3999938964844,380.6562194824219
old_reserved,focus,5001,89,2,1,0.195680633187294,0.19764725863933563,500.0,348.3000183105469,395.66668701171875
old_reserved,focus,5001,90,2,1,0.19764725863933563,0.1996336430311203,500.0,409.8000183105469,392.703125
old_reserved,focus,5001,91,2,1,0.1996336430311203,0.20163999497890472,500.0,418.3999938964844,414.02606201171875
old_reserved,focus,5001,92,2,1,0.20163999497890472,0.20366650819778442,500.0,405.3000183105469,417.75518798828125
old_reserved,focus,5001,93,2,1,0.20366650819778442,0.2057133913040161,500.0,275.70001220703125,439.72393798828125
old_reserved,focus,5001,94,2,1,0.2057133913040161,0.2077808529138565,500.0,345.20001220703125,435.59375
old_reserved,focus,5001,95,2,1,0.2077808529138565,0.20986908674240112,500.0,484.5,436.6302185058594
old_reserved,focus,5001,96,2,1,0.20986908674240112,0.21197830140590668,500.0,500.0,402.02081298828125
old_reserved,focus,5001,97,2,1,0.21197830140590668,0.21410872042179108,500.0,499.20001220703125,422.88018798828125
old_reserved,focus,5001,98,2,1,0.21410872042179108,0.21626055240631104,500.0,500.0,436.8125
old_reserved,focus,5001,99,2,1,0.21626055240631104,0.21843400597572327,500.0,500.0,436.51043701171875
old_reserved,focus,5001,100,2,1,0.21843400597572327,0.22062930464744568,500.0,468.5,441.76043701171875
old_reserved,focus,5001,101,2,1,0.22062930464744568,0.22284667193889618,500.0,438.5,415.40106201171875
old_reserved,focus,5001,102,2,1,0.22284667193889618,0.22508631646633148,500.0,473.1000061035156,425.0521240234375
old_reserved,focus,5001,103,2,1,0.22508631646633148,0.2273484766483307,500.0,431.1000061035156,415.5625
old_reserved,focus,5001,104,2,1,0.2273484766483307,0.2296333760023117,500.0,349.6000061035156,449.6458435058594
old_reserved,focus,5001,105,2,1,0.2296333760023117,0.23194123804569244,500.0,288.3999938964844,421.828125
old_reserved,focus,5001,106,2,1,0.23194123804569244,0.2342722862958908,500.0,344.0,448.5885314941406
old_reserved,focus,5001,107,2,1,0.2342722862958908,0.2366267591714859,500.0,390.3000183105469,407.44268798828125
old_reserved,focus,5001,108,2,1,0.2366267591714859,0.23900489509105682,500.0,407.20001220703125,442.6875
old_reserved,focus,5001,109,2,1,0.23900489509105682,0.24140693247318268,500.0,296.0,456.1146240234375
old_reserved,focus,5001,110,2,1,0.24140693247318268,0.24383310973644257,500.0,264.5,414.7083435058594
old_reserved,focus,5001,111,2,1,0.24383310973644257,0.24628368020057678,500.0,260.8999938964844,420.7864685058594
old_reserved,focus,5001,112,2,1,0.24628368020057678,0.24875888228416443,500.0,210.5,466.8072814941406
old_reserved,focus,5001,113,2,1,0.24875888228416443,0.2512589395046234,500.0,210.6999969482422,483.38543701171875
old_reserved,focus,5001,114,2,1,0.2512589395046234,0.2537841498851776,500.0,135.1999969482422,412.18231201171875
old_reserved,focus,5001,115,2,1,0.2537841498851776,0.25633472204208374,500.0,140.40000915527344,483.70831298828125
old_reserved,focus,5001,116,2,1,0.25633472204208374,0.2589109241962433,500.0,183.6999969482422,432.671875
old_reserved,focus,5001,117,2,1,0.2589109241962433,0.26151302456855774,500.0,146.10000610351562,438.2604064941406
old_reserved,focus,5001,118,2,1,0.26151302456855774,0.2641412913799286,500.0,195.60000610351562,440.84893798828125
old_reserved,focus,5001,119,2,1,0.2641412913799286,0.26679596304893494,500.0,183.5,417.1979064941406
old_reserved,focus,5001,120,2,1,0.26679596304893494,0.26947730779647827,500.0,143.5,460.65106201171875
old_reserved,focus,5001,121,2,1,0.26947730779647827,0.2721855938434601,500.0,178.60000610351562,458.63543701171875
old_reserved,focus,5001,122,2,1,0.2721855938434601,0.27492111921310425,500.0,183.6999969482422,405.63543701171875
old_reserved,focus,5001,123,2,1,0.27492111921310425,0.27768412232398987,500.0,138.0,415.25518798828125
old_reserved,focus,5001,124,2,1,0.27768412232398987,0.2804749011993408,500.0,109.0,420.70831298828125
old_reserved,focus,5001,125,2,1,0.2804749011993408,0.2832937240600586,500.0,39.70000076293945,429.734375
old_reserved,focus,5001,126,2,1,0.2832937240600586,0.28614088892936707,500.0,18.200000762939453,445.5521240234375
old_reserved,focus,5001,127,2,1,0.28614088892936707,0.2890166640281677,500.0,19.200000762939453,450.2447814941406
old_reserved,focus,5001,128,2,1,0.2890166640281677,0.29192134737968445,500.0,19.700000762939453,420.84375
old_reserved,focus,5001,129,2,1,0.29192134737968445,0.2948552072048187,500.0,18.700000762939453,438.68231201171875
old_reserved,focus,5001,130,2,1,0.2948552072048187,0.29781854152679443,500.0,17.100000381469727,405.90106201171875
old_reserved,focus,5001,131,2,1,0.29781854152679443,0.30081167817115784,500.0,19.700000762939453,421.703125
old_reserved,focus,5001,132,2,1,0.30081167817115784,0.3038348853588104,500.0,21.200000762939453,426.125
old_reserved,focus,5001,133,2,1,0.3038348853588104,0.30688849091529846,500.0,20.5,393.24481201171875
old_reserved,focus,5001,134,2,1,0.30688849091529846,0.30997276306152344,500.0,32.0,404.484375
old_reserved,focus,5001,135,2,1,0.30997276306152344,0.3130880296230316,500.0,16.600000381469727,422.53125
old_reserved,focus,5001,136,2,1,0.3130880296230316,0.31623461842536926,500.0,15.90000057220459,439.265625
old_reserved,focus,5001,137,2,1,0.31623461842536926,0.31941282749176025,500.0,13.40000057220459,409.63018798828125
old_reserved,focus,5001,138,2,1,0.31941282749176025,0.32262298464775085,500.0,13.699999809265137,407.2708435058594
old_reserved,focus,5001,139,2,1,0.32262298464775085,0.32586541771888733,500.0,11.199999809265137,416.171875
old_reserved,focus,5001,140,2,1,0.32586541771888733,0.32914042472839355,500.0,11.90000057220459,414.7135009765625
old_reserved,focus,5001,141,2,1,0.32914042472839355,0.3324483335018158,500.0,10.800000190734863,400.83856201171875
old_reserved,focus,5001,142,2,1,0.3324483335018158,0.3357895016670227,500.0,9.699999809265137,424.54168701171875
old_reserved,focus,5001,143,2,1,0.3357895016670227,0.33916425704956055,500.0,10.699999809265137,417.078125
old_reserved,focus,5001,144,2,1,0.33916425704956055,0.3425729274749756,500.0,11.100000381469727,403.46875
old_reserved,focus,5001,145,2,1,0.3425729274749756,0.3460158407688141,500.0,11.699999809265137,416.64581298828125
old_reserved,focus,5001,146,2,1,0.3460158407688141,0.3494933545589447,500.0,10.90000057220459,432.89581298828125
old_reserved,focus,5001,147,2,1,0.3494933545589447,0.3530058264732361,500.0,11.0,433.0677185058594
old_reserved,focus,5001,148,2,1,0.3530058264732361,0.3565535843372345,500.0,11.699999809265137,431.84375
old_reserved,focus,5001,149,2,1,0.3565535843372345,0.360137015581131,500.0,12.600000381469727,431.33331298828125
old_reserved,focus,5001,150,2,1,0.360137015581131,0.3637564480304718,500.0,11.90000057220459,439.1614685058594
old_reserved,focus,5001,151,2,1,0.3637564480304718,0.367412269115448,500.0,12.199999809265137,477.3125
old_reserved,focus,5001,152,2,1,0.367412269115448,0.3711048364639282,500.0,11.600000381469727,448.25
old_reserved,focus,5001,153,2,1,0.3711048364639282,0.37483450770378113,500.0,12.0,441.14581298828125
old_reserved,focus,5001,154,2,1,0.37483450770378113,0.37860167026519775,500.0,11.5,445.79168701171875
old_reserved,focus,5001,155,2,1,0.37860167026519775,0.38240668177604675,500.0,11.40000057220459,456.80206298828125
old_reserved,focus,5001,156,2,1,0.38240668177604675,0.38624992966651917,500.0,11.800000190734863,409.8645935058594
old_reserved,focus,5001,157,2,1,0.38624992966651917,0.39013180136680603,500.0,12.0,433.359375
old_reserved,focus,5001,158,2,1,0.39013180136680603,0.3940526843070984,500.0,11.40000057220459,462.58331298828125
old_reserved,focus,5001,159,2,1,0.3940526843070984,0.39801299571990967,500.0,12.800000190734863,453.81768798828125
old_reserved,focus,5001,160,3,0,0.39801299571990967,0.3637564778327942,12.800000190734863,500.0,12.125000953674316
old_reserved,focus,5001,161,3,0,0.3637564778327942,0.33244839310646057,14.600000381469727,500.0,20.041667938232422
old_reserved,focus,5001,162,3,0,0.33244839310646057,0.3038349449634552,19.600000381469727,500.0,33.77604675292969
old_reserved,focus,5001,163,3,0,0.3038349449634552,0.2776842415332794,100.70000457763672,500.0,90.65104675292969
old_reserved,focus,5001,164,3,0,0.2776842415332794,0.25378429889678955,258.20001220703125,355.8999938964844,206.1354217529297
old_reserved,focus,5001,165,3,0,0.25378429889678955,0.23194138705730438,500.0,339.8999938964844,376.7343444824219
old_reserved,focus,5001,166,3,0,0.23194138705730438,0.23427243530750275,500.0,165.3000030517578,456.05206298828125
old_reserved,focus,5001,167,3,0,0.23427243530750275,0.23662690818309784,500.0,60.0,497.5208435058594
old_reserved,focus,5001,168,3,0,0.23662690818309784,0.23900504410266876,500.0,331.3000183105469,480.1302185058594
old_reserved,focus,5001,169,3,0,0.23900504410266876,0.24140708148479462,500.0,11.90000057220459,473.2708435058594
old_reserved,focus,5001,170,3,0,0.24140708148479462,0.2438332587480545,500.0,375.6000061035156,485.546875
old_reserved,focus,5001,171,3,0,0.2438332587480545,0.24628382921218872,500.0,298.8999938964844,453.609375
old_reserved,focus,5001,172,3,0,0.24628382921218872,0.24875903129577637,500.0,11.600000381469727,465.5
old_reserved,focus,5001,173,3,0,0.24875903129577637,0.25125911831855774,500.0,39.0,486.47393798828125
old_reserved,focus,5001,174,3,0,0.25125911831855774,0.25378432869911194,500.0,169.60000610351562,471.3072814941406
old_reserved,focus,5001,175,3,0,0.25378432869911194,0.25633490085601807,500.0,130.0,412.2708740234375
old_reserved,focus,5001,176,3,0,0.25633490085601807,0.2589111030101776,500.0,12.600000381469727,474.49481201171875
old_reserved,focus,5001,177,3,0,0.2589111030101776,0.26151320338249207,500.0,12.699999809265137,443.6197814941406
old_reserved,focus,5001,178,3,0,0.26151320338249207,0.2641414701938629,500.0,496.3000183105469,470.1875
old_reserved,focus,5001,179,3,0,0.2641414701938629,0.26679614186286926,500.0,500.0,481.05731201171875
old_reserved,focus,5001,180,3,0,0.26679614186286926,0.2694774866104126,500.0,418.20001220703125,486.3645935058594
old_reserved,focus,5001,181,3,0,0.2694774866104126,0.2721857726573944,500.0,339.3000183105469,471.05731201171875
old_reserved,focus,5001,182,3,0,0.2721857726573944,0.2749212980270386,500.0,295.20001220703125,477.5
old_reserved,focus,5001,183,3,0,0.2749212980270386,0.2776843011379242,500.0,296.3000183105469,460.765625
old_reserved,focus,5001,184,3,0,0.2776843011379242,0.28047508001327515,500.0,10.800000190734863,473.640625
old_reserved,focus,5001,185,3,0,0.28047508001327515,0.2832939028739929,500.0,22.100000381469727,483.3541564941406
old_reserved,focus,5001,186,3,0,0.2832939028739929,0.2861410677433014,500.0,10.699999809265137,460.8125
old_reserved,focus,5001,187,3,0,0.2861410677433014,0.28901684284210205,500.0,13.199999809265137,466.328125
old_reserved,focus,5001,188,3,0,0.28901684284210205,0.2919215261936188,500.0,11.40000057220459,470.98956298828125
old_reserved,focus,5001,189,3,0,0.2919215261936188,0.29485538601875305,500.0,292.70001220703125,491.68231201171875
old_reserved,focus,5001,190,3,0,0.29485538601875305,0.29781872034072876,500.0,66.4000015258789,474.80731201171875
old_reserved,focus,5001,191,3,0,0.29781872034072876,0.30081185698509216,500.0,500.0,474.22918701171875
old_reserved,focus,5001,192,3,0,0.30081185698509216,0.30383506417274475,500.0,15.600000381469727,472.1875
old_reserved,focus,5001,193,3,0,0.30383506417274475,0.3068886697292328,500.0,10.100000381469727,451.85418701171875
old_reserved,focus,5001,194,3,0,0.3068886697292328,0.30997294187545776,500.0,109.0999984741211,476.171875
old_reserved,focus,5001,195,3,0,0.30997294187545776,0.31308823823928833,500.0,94.5,467.40625
old_reserved,focus,5001,196,3,0,0.31308823823928833,0.316234827041626,500.0,500.0,475.65625
old_reserved,focus,5001,197,3,0,0.316234827041626,0.31941303610801697,500.0,351.3999938964844,465.203125
old_reserved,focus,5001,198,3,0,0.31941303610801697,0.32262319326400757,500.0,313.3999938964844,479.9427185058594
old_reserved,focus,5001,199,3,0,0.32262319326400757,0.32586562633514404,500.0,490.70001220703125,493.0625
old_reserved,focus,5001,200,3,0,0.32586562633514404,0.32914063334465027,500.0,79.70000457763672,474.34375
old_reserved,focus,5001,201,3,0,0.32914063334465027,0.3324485421180725,500.0,217.40000915527344,468.4739685058594
old_reserved,focus,5001,202,3,0,0.3324485421180725,0.3357897102832794,500.0,9.199999809265137,457.8125305175781
old_reserved,focus,5001,203,3,0,0.3357897102832794,0.33916446566581726,500.0,53.10000228881836,477.828125
old_reserved,focus,5001,204,3,0,0.33916446566581726,0.3425731360912323,500.0,402.0,475.86981201171875
old_reserved,focus,5001,205,3,0,0.3425731360912323,0.3460160493850708,500.0,10.600000381469727,478.3177185058594
old_reserved,focus,5001,206,3,0,0.3460160493850708,0.3494935631752014,500.0,123.70000457763672,468.65625
old_reserved,focus,5001,207,3,0,0.3494935631752014,0.3530060350894928,500.0,500.0,473.390625
old_reserved,focus,5001,208,3,0,0.3530060350894928,0.3565538227558136,500.0,14.699999809265137,481.078125
old_reserved,focus,5001,209,3,0,0.3565538227558136,0.3601372539997101,500.0,9.40000057220459,456.9375
old_reserved,focus,5001,210,3,0,0.3601372539997101,0.3637566864490509,500.0,9.5,461.13018798828125
old_reserved,focus,5001,211,3,0,0.3637566864490509,0.3674125075340271,500.0,9.800000190734863,484.36456298828125
old_reserved,focus,5001,212,3,0,0.3674125075340271,0.3711050748825073,500.0,9.100000381469727,458.125
old_reserved,focus,5001,213,3,0,0.3711050748825073,0.37483474612236023,500.0,9.300000190734863,466.6770935058594
old_reserved,focus,5001,214,3,0,0.37483474612236023,0.37860190868377686,500.0,9.0,466.69268798828125
old_reserved,focus,5001,215,3,0,0.37860190868377686,0.38240692019462585,500.0,9.300000190734863,488.09375
old_reserved,focus,5001,216,3,0,0.38240692019462585,0.38625016808509827,500.0,9.699999809265137,493.65106201171875
old_reserved,focus,5001,217,3,0,0.38625016808509827,0.39013203978538513,500.0,165.1999969482422,481.6770935058594
old_reserved,focus,5001,218,3,0,0.39013203978538513,0.3940529227256775,500.0,467.0,474.546875
old_reserved,focus,5001,219,3,0,0.3940529227256775,0.39801323413848877,500.0,500.0,438.1354064941406
old_reserved,focus,5001,220,3,0,0.39801323413848877,0.4020133316516876,500.0,500.0,472.0625
old_reserved,focus,5001,221,3,0,0.4020133316516876,0.4060536324977875,500.0,500.0,481.8125
old_reserved,focus,5001,222,3,0,0.4060536324977875,0.41013455390930176,500.0,9.5,451.07293701171875
old_reserved,focus,5001,223,3,0,0.41013455390930176,0.4142564833164215,500.0,500.0,456.5729064941406
old_reserved,focus,5001,224,3,0,0.4142564833164215,0.41841983795166016,500.0,500.0,463.515625
old_reserved,focus,5001,225,3,0,0.41841983795166016,0.42262503504753113,500.0,500.0,474.3645935058594
old_reserved,focus,5001,226,3,0,0.42262503504753113,0.42687249183654785,500.0,500.0,470.38543701171875
old_reserved,focus,5001,227,3,0,0.42687249183654785,0.43116262555122375,500.0,191.40000915527344,460.21875
old_reserved,focus,5001,228,3,0,0.43116262555122375,0.43549588322639465,500.0,178.6999969482422,467.89581298828125
old_reserved,focus,5001,229,3,0,0.43549588322639465,0.439872682094574,500.0,269.8000183105469,483.984375
old_reserved,focus,5001,230,3,0,0.439872682094574,0.44429346919059753,500.0,245.40000915527344,484.54168701171875
old_reserved,focus,5001,231,3,0,0.44429346919059753,0.44875869154930115,500.0,107.5999984741211,482.53125
old_reserved,focus,5001,232,3,0,0.44875869154930115,0.45326879620552063,500.0,169.0,470.921875
old_reserved,focus,5001,233,3,0,0.45326879620552063,0.4578242301940918,500.0,187.3000030517578,484.56768798828125
old_reserved,focus,5001,234,3,0,0.4578242301940918,0.46242544054985046,500.0,171.90000915527344,474.3385314941406
old_reserved,focus,5001,235,3,0,0.46242544054985046,0.46707290410995483,500.0,158.6999969482422,478.90106201171875
old_reserved,focus,5001,236,3,0,0.46707290410995483,0.4717670679092407,500.0,235.1999969482422,476.1770935058594
old_reserved,focus,5001,237,3,0,0.4717670679092407,0.47650840878486633,500.0,209.3000030517578,488.79168701171875
old_reserved,focus,5001,238,3,0,0.47650840878486633,0.48129740357398987,500.0,256.8999938964844,488.2187805175781
old_reserved,focus,5001,239,3,0,0.48129740357398987,0.48613452911376953,500.0,442.8000183105469,490.00518798828125
old_reserved,focus,5001,240,4,1,0.48613452911376953,0.4894881844520569,258.1000061035156,500.0,116.03125
old_reserved,focus,5001,241,4,1,0.4894881844520569,0.4791962802410126,258.8000183105469,500.0,175.68751525878906
old_reserved,focus,5001,242,4,1,0.4791962802410126,0.4546874761581421,203.8000030517578,500.0,218.921875
old_reserved,focus,5001,243,4,1,0.4546874761581421,0.4155530631542206,197.40000915527344,500.0,252.65623474121094
old_reserved,focus,5001,244,4,1,0.4155530631542206,0.3797869086265564,228.6999969482422,500.0,306.21356201171875
old_reserved,focus,5001,245,4,1,0.3797869086265564,0.34709909558296204,437.20001220703125,500.0,386.9322814941406
old_reserved,focus,5001,246,4,1,0.34709909558296204,0.3172246813774109,500.0,500.0,427.70831298828125
old_reserved,focus,5001,247,4,1,0.3172246813774109,0.32041284441947937,500.0,500.0,477.72918701171875
old_reserved,focus,5001,248,4,1,0.32041284441947937,0.3236330449581146,500.0,500.0,449.8697814941406
old_reserved,focus,5001,249,4,1,0.3236330449581146,0.3268856108188629,498.3999938964844,500.0,460.88018798828125
old_reserved,focus,5001,250,4,1,0.3268856108188629,0.29875096678733826,486.3999938964844,500.0,468.65106201171875
old_reserved,focus,5001,251,4,1,0.29875096678733826,0.2730378210544586,500.0,500.0,434.328125
old_reserved,focus,5001,252,4,1,0.2730378210544586,0.27578189969062805,500.0,500.0,474.65625
old_reserved,focus,5001,253,4,1,0.27578189969062805,0.2785535454750061,500.0,500.0,470.515625
old_reserved,focus,5001,254,4,1,0.2785535454750061,0.28135305643081665,500.0,500.0,478.53125
old_reserved,focus,5001,255,4,1,0.28135305643081665,0.2841807007789612,500.0,500.0,459.265625
old_reserved,focus,5001,256,4,1,0.2841807007789612,0.2870367765426636,500.0,500.0,451.625
old_reserved,focus,5001,257,4,1,0.2870367765426636,0.2899215519428253,500.0,500.0,475.390625
old_reserved,focus,5001,258,4,1,0.2899215519428253,0.2928353250026703,500.0,500.0,458.671875
old_reserved,focus,5001,259,4,1,0.2928353250026703,0.2957783639431,500.0,310.8999938964844,449.79168701171875
old_reserved,focus,5001,260,4,1,0.2957783639431,0.29875099658966064,500.0,254.1999969482422,437.9895935058594
old_reserved,focus,5001,261,4,1,0.29875099658966064,0.3017534911632538,500.0,426.5,457.046875
old_reserved,focus,5001,262,4,1,0.3017534911632538,0.30478617548942566,500.0,417.6000061035156,465.53125
old_reserved,focus,5001,263,4,1,0.30478617548942566,0.30784931778907776,500.0,164.40000915527344,472.34375
old_reserved,focus,5001,264,4,1,0.30784931778907776,0.31094324588775635,500.0,85.80000305175781,447.5625
old_reserved,focus,5001,265,4,1,0.31094324588775635,0.3140682876110077,500.0,47.60000228881836,485.6197814941406
old_reserved,focus,5001,266,4,1,0.3140682876110077,0.31722474098205566,500.0,64.4000015258789,471.97393798828125
old_reserved,focus,5001,267,4,1,0.31722474098205566,0.32041290402412415,500.0,75.5999984741211,485.171875
old_reserved,focus,5001,268,4,1,0.32041290402412415,0.3236331045627594,500.0,459.20001220703125,466.3958435058594
old_reserved,focus,5001,269,4,1,0.3236331045627594,0.3268856704235077,500.0,459.1000061035156,470.8697814941406
old_reserved,focus,5001,270,4,1,0.3268856704235077,0.3301709294319153,500.0,77.9000015258789,474.77606201171875
old_reserved,focus,5001,271,4,1,0.3301709294319153,0.33348920941352844,500.0,74.4000015258789,465.421875
old_reserved,focus,5001,272,4,1,0.33348920941352844,0.33684083819389343,500.0,69.30000305175781,494.66143798828125
old_reserved,focus,5001,273,4,1,0.33684083819389343,0.3402261435985565,500.0,60.20000076293945,472.3177185058594
old_reserved,focus,5001,274,4,1,0.3402261435985565,0.34364548325538635,500.0,66.4000015258789,470.96875
old_reserved,focus,5001,275,4,1,0.34364548325538635,0.3470991849899292,500.0,59.60000228881836,450.1510009765625
old_reserved,focus,5001,276,4,1,0.3470991849899292,0.3505876064300537,500.0,27.5,462.6458435058594
old_reserved,focus,5001,277,4,1,0.3505876064300537,0.35411107540130615,500.0,22.5,487.2395935058594
old_reserved,focus,5001,278,4,1,0.35411107540130615,0.3576699495315552,500.0,30.5,484.8020935058594
old_reserved,focus,5001,279,4,1,0.3576699495315552,0.36126458644866943,500.0,44.0,456.5
old_reserved,focus,5001,280,4,1,0.36126458644866943,0.36489537358283997,500.0,35.400001525878906,476.08856201171875
old_reserved,focus,5001,281,4,1,0.36489537358283997,0.36856263875961304,500.0,39.20000076293945,465.7969055175781
old_reserved,focus,5001,282,4,1,0.36856263875961304,0.3722667694091797,500.0,44.79999923706055,494.140625
old_reserved,focus,5001,283,4,1,0.3722667694091797,0.37600812315940857,500.0,27.200000762939453,484.01043701171875
old_reserved,focus,5001,284,4,1,0.37600812315940857,0.37978705763816833,500.0,35.900001525878906,488.4583435058594
old_reserved,focus,5001,285,4,1,0.37978705763816833,0.3836039900779724,500.0,27.600000381469727,481.8333435058594
old_reserved,focus,5001,286,4,1,0.3836039900779724,0.38745927810668945,500.0,33.0,480.39581298828125
old_reserved,focus,5001,287,4,1,0.38745927810668945,0.3913533091545105,500.0,33.900001525878906,478.4635314941406
old_reserved,focus,5001,288,4,1,0.3913533091545105,0.3952864706516266,500.0,38.5,487.59893798828125
old_reserved,focus,5001,289,4,1,0.3952864706516266,0.39925917983055115,500.0,29.5,495.8958435058594
old_reserved,focus,5001,290,4,1,0.39925917983055115,0.40327179431915283,500.0,34.70000076293945,471.0520935058594
old_reserved,focus,5001,291,4,1,0.40327179431915283,0.40732476115226746,500.0,40.10000228881836,497.4895935058594
old_reserved,focus,5001,292,4,1,0.40732476115226746,0.41141843795776367,500.0,38.0,490.68231201171875
old_reserved,focus,5001,293,4,1,0.41141843795776367,0.4155532717704773,500.0,38.0,461.484375
old_reserved,focus,5001,294,4,1,0.4155532717704773,0.41972965002059937,500.0,54.400001525878906,441.77081298828125
old_reserved,focus,5001,295,4,1,0.41972965002059937,0.4239480197429657,500.0,39.70000076293945,471.6822814941406
old_reserved,focus,5001,296,4,1,0.4239480197429657,0.42820876836776733,500.0,41.900001525878906,459.28125
old_reserved,focus,5001,297,4,1,0.42820876836776733,0.4325123429298401,500.0,68.4000015258789,469.1927490234375
old_reserved,focus,5001,298,4,1,0.4325123429298401,0.4368591606616974,500.0,61.29999923706055,465.22393798828125
old_reserved,focus,5001,299,4,1,0.4368591606616974,0.44124966859817505,500.0,64.9000015258789,476.77606201171875
old_reserved,focus,5001,300,4,1,0.44124966859817505,0.4456843137741089,500.0,330.6000061035156,487.41143798828125
old_reserved,focus,5001,301,4,1,0.4456843137741089,0.45016351342201233,500.0,217.1999969482422,491.59375
old_reserved,focus,5001,302,4,1,0.45016351342201233,0.4546877443790436,500.0,109.0,485.43231201171875
old_reserved,focus,5001,303,4,1,0.4546877443790436,0.45925742387771606,500.0,61.0,470.25518798828125
old_reserved,focus,5001,304,4,1,0.45925742387771606,0.463873028755188,500.0,194.60000610351562,471.1614685058594
old_reserved,focus,5001,305,4,1,0.463873028755188,0.46853503584861755,500.0,207.8000030517578,481.43231201171875
old_reserved,focus,5001,306,4,1,0.46853503584861755,0.4732438921928406,500.0,56.20000076293945,492.03125
old_reserved,focus,5001,307,4,1,0.4732438921928406,0.47800007462501526,500.0,56.5,481.4791564941406
old_reserved,focus,5001,308,4,1,0.47800007462501526,0.4828040599822998,500.0,51.10000228881836,481.21875
old_reserved,focus,5001,309,4,1,0.4828040599822998,0.4876563251018524,500.0,51.900001525878906,484.81768798828125
old_reserved,focus,5001,310,4,1,0.4876563251018524,0.4925573468208313,500.0,39.60000228881836,484.83331298828125
old_reserved,focus,5001,311,4,1,0.4925573468208313,0.49750763177871704,500.0,42.20000076293945,478.5572814941406
old_reserved,focus,5001,312,4,1,0.49750763177871704,0.5,500.0,48.70000076293945,478.6875
old_reserved,focus,5001,313,4,1,0.5,0.5,500.0,19.30000114440918,463.42706298828125
old_reserved,focus,5001,314,4,1,0.5,0.5,500.0,22.30000114440918,471.3333435058594
old_reserved,focus,5001,315,4,1,0.5,0.5,500.0,17.30000114440918,472.7447814941406
old_reserved,focus,5001,316,4,1,0.5,0.5,500.0,19.0,478.2395935058594
old_reserved,focus,5001,317,4,1,0.5,0.5,500.0,18.80000114440918,488.71875
old_reserved,focus,5001,318,4,1,0.5,0.5,500.0,20.0,466.0625
old_reserved,focus,5001,319,4,1,0.5,0.5,500.0,18.0,467.828125
old_reserved,focus,5002,0,1,0,0.5,0.4729468822479248,9.199999809265137,9.40000057220459,13.28125
old_reserved,focus,5002,1,1,0,0.4729468822479248,0.43224090337753296,9.199999809265137,9.100000381469727,21.666667938232422
old_reserved,focus,5002,2,1,0,0.43224090337753296,0.3950384557247162,9.699999809265137,9.40000057220459,23.270832061767578
old_reserved,focus,5002,3,1,0,0.3950384557247162,0.3610379695892334,9.5,9.40000057220459,35.63541793823242
old_reserved,focus,5002,4,1,0,0.3610379695892334,0.3299638628959656,9.300000190734863,9.40000057220459,43.604164123535156
old_reserved,focus,5002,5,1,0,0.3299638628959656,0.3015642762184143,47.60000228881836,25.100000381469727,48.609375
old_reserved,focus,5002,6,1,0,0.3015642762184143,0.2861405611038208,58.60000228881836,20.399999618530273,68.21354675292969
old_reserved,focus,5002,7,1,0,0.2861405611038208,0.2623312771320343,70.5999984741211,23.700000762939453,88.88542175292969
old_reserved,focus,5002,8,1,0,0.2623312771320343,0.24201099574565887,52.60000228881836,88.5,110.54167175292969
old_reserved,focus,5002,9,1,0,0.24201099574565887,0.22118139266967773,251.3000030517578,84.0999984741211,135.76564025878906
old_reserved,focus,5002,10,1,0,0.22118139266967773,0.21384109556674957,257.3000183105469,29.5,175.0260467529297
old_reserved,focus,5002,11,1,0,0.21384109556674957,0.20609933137893677,356.8000183105469,27.0,190.90106201171875
old_reserved,focus,5002,12,1,0,0.20609933137893677,0.19617031514644623,443.6000061035156,89.0999984741211,225.8854217529297
old_reserved,focus,5002,13,1,0,0.19617031514644623,0.18789029121398926,500.0,470.3999938964844,305.0520324707031
old_reserved,focus,5002,14,1,0,0.18789029121398926,0.1897786259651184,500.0,408.20001220703125,284.25
old_reserved,focus,5002,15,1,0,0.1897786259651184,0.19168592989444733,500.0,290.8000183105469,350.234375
old_reserved,focus,5002,16,1,0,0.19168592989444733,0.17739133536815643,500.0,262.0,345.9010314941406
old_reserved,focus,5002,17,1,0,0.17739133536815643,0.17917415499687195,500.0,242.5,367.55206298828125
old_reserved,focus,5002,18,1,0,0.17917415499687195,0.18097488582134247,500.0,214.90000915527344,363.0052185058594
old_reserved,focus,5002,19,1,0,0.18097488582134247,0.1827937215566635,500.0,223.0,375.85418701171875
old_reserved,focus,5002,20,1,0,0.1827937215566635,0.18463082611560822,500.0,241.0,368.765625
old_reserved,focus,5002,21,1,0,0.18463082611560822,0.1864863932132721,500.0,500.0,392.88543701171875
old_reserved,focus,5002,22,1,0,0.1864863932132721,0.18836061656475067,500.0,500.0,363.38543701171875
old_reserved,focus,5002,23,1,0,0.18836061656475067,0.19025367498397827,500.0,500.0,328.5104064941406
old_reserved,focus,5002,24,1,0,0.19025367498397827,0.19216576218605042,500.0,500.0,409.1666564941406
old_reserved,focus,5002,25,1,0,0.19216576218605042,0.19409705698490143,500.0,500.0,414.359375
old_reserved,focus,5002,26,1,0,0.19409705698490143,0.19604776799678802,500.0,485.8999938964844,377.83331298828125
old_reserved,focus,5002,27,1,0,0.19604776799678802,0.19801808893680573,500.0,386.8999938964844,377.671875
old_reserved,focus,5002,28,1,0,0.19801808893680573,0.20000819861888885,500.0,229.90000915527344,417.72393798828125
old_reserved,focus,5002,29,1,0,0.20000819861888885,0.20201832056045532,500.0,390.1000061035156,446.26043701171875
old_reserved,focus,5002,30,1,0,0.20201832056045532,0.20404863357543945,500.0,237.0,424.09893798828125
old_reserved,focus,5002,31,1,0,0.20404863357543945,0.20609936118125916,500.0,155.6999969482422,397.453125
old_reserved,focus,5002,32,1,0,0.20609936118125916,0.20817069709300995,500.0,125.0,389.484375
old_reserved,focus,5002,33,1,0,0.20817069709300995,0.21026284992694855,500.0,165.6999969482422,397.1458435058594
old_reserved,focus,5002,34,1,0,0.21026284992694855,0.21237602829933167,500.0,425.6000061035156,407.8958435058594
old_reserved,focus,5002,35,1,0,0.21237602829933167,0.21451044082641602,500.0,500.0,426.15625
old_reserved,focus,5002,36,1,0,0.21451044082641602,0.2166663110256195,500.0,317.8999938964844,414.21356201171875
old_reserved,focus,5002,37,1,0,0.2166663110256195,0.21884384751319885,500.0,474.5,445.0052185058594
old_reserved,focus,5002,38,1,0,0.21884384751319885,0.22104327380657196,500.0,500.0,445.04168701171875
old_reserved,focus,5002,39,1,0,0.22104327380657196,0.22326479852199554,500.0,500.0,425.44793701171875
old_reserved,focus,5002,40,1,0,0.22326479852199554,0.2255086451768875,500.0,498.8999938964844,416.48956298828125
old_reserved,focus,5002,41,1,0,0.2255086451768875,0.22777505218982697,500.0,500.0,411.21356201171875
old_reserved,focus,5002,42,1,0,0.22777505218982697,0.23006422817707062,500.0,500.0,404.30731201171875
old_reserved,focus,5002,43,1,0,0.23006422817707062,0.23237641155719757,500.0,500.0,443.61981201171875
old_reserved,focus,5002,44,1,0,0.23237641155719757,0.23471184074878693,500.0,500.0,423.5729064941406
old_reserved,focus,5002,45,1,0,0.23471184074878693,0.2370707392692566,500.0,500.0,433.7708435058594
old_reserved,focus,5002,46,1,0,0.2370707392692566,0.23945334553718567,500.0,500.0,450.875
old_reserved,focus,5002,47,1,0,0.23945334553718567,0.24185989797115326,500.0,500.0,469.640625
old_reserved,focus,5002,48,1,0,0.24185989797115326,0.24429063498973846,500.0,500.0,438.34893798828125
old_reserved,focus,5002,49,1,0,0.24429063498973846,0.24674579501152039,500.0,500.0,410.453125
old_reserved,focus,5002,50,1,0,0.24674579501152039,0.24922563135623932,500.0,500.0,424.97393798828125
old_reserved,focus,5002,51,1,0,0.24922563135623932,0.25173038244247437,500.0,500.0,446.4166564941406
old_reserved,focus,5002,52,1,0,0.25173038244247437,0.2542603313922882,500.0,500.0,415.15625
old_reserved,focus,5002,53,1,0,0.2542603313922882,0.25681570172309875,500.0,500.0,442.2916564941406
old_reserved,focus,5002,54,1,0,0.25681570172309875,0.2593967318534851,500.0,500.0,418.234375
old_reserved,focus,5002,55,1,0,0.2593967318534851,0.26200371980667114,500.0,500.0,443.99481201171875
old_reserved,focus,5002,56,1,0,0.26200371980667114,0.26463690400123596,500.0,500.0,423.81768798828125
old_reserved,focus,5002,57,1,0,0.26463690400123596,0.26729655265808105,500.0,500.0,443.47918701171875
old_reserved,focus,5002,58,1,0,0.26729655265808105,0.2699829339981079,500.0,500.0,455.234375
old_reserved,focus,5002,59,1,0,0.2699829339981079,0.272696316242218,500.0,500.0,450.90625
old_reserved,focus,5002,60,1,0,0.272696316242218,0.27543696761131287,500.0,500.0,424.6875
old_reserved,focus,5002,61,1,0,0.27543696761131287,0.27820515632629395,500.0,500.0,427.65625
old_reserved,focus,5002,62,1,0,0.27820515632629395,0.28100118041038513,500.0,500.0,440.07293701171875
old_reserved,focus,5002,63,1,0,0.28100118041038513,0.2838252782821655,500.0,500.0,402.8333435058594
old_reserved,focus,5002,64,1,0,0.2838252782821655,0.2866777777671814,500.0,500.0,391.703125
old_reserved,focus,5002,65,1,0,0.2866777777671814,0.28955894708633423,500.0,500.0,395.515625
old_reserved,focus,5002,66,1,0,0.28955894708633423,0.2924690544605255,500.0,500.0,435.546875
old_reserved,focus,5002,67,1,0,0.2924690544605255,0.2954084277153015,500.0,500.0,452.94268798828125
old_reserved,focus,5002,68,1,0,0.2954084277153015,0.2983773350715637,500.0,500.0,442.3958435058594
old_reserved,focus,5002,69,1,0,0.2983773350715637,0.301376074552536,500.0,500.0,432.5
old_reserved,focus,5002,70,1,0,0.301376074552536,0.30440494418144226,500.0,500.0,430.0677185058594
old_reserved,focus,5002,71,1,0,0.30440494418144226,0.30746427178382874,500.0,500.0,441.015625
old_reserved,focus,5002,72,1,0,0.30746427178382874,0.3105543553829193,500.0,500.0,449.765625
old_reserved,focus,5002,73,1,0,0.3105543553829193,0.31367549300193787,500.0,500.0,442.05206298828125
old_reserved,focus,5002,74,1,0,0.31367549300193787,0.3168279826641083,500.0,500.0,465.29168701171875
old_reserved,focus,5002,75,1,0,0.3168279826641083,0.3200121521949768,500.0,500.0,448.171875
old_reserved,focus,5002,76,1,0,0.3200121521949768,0.3232283294200897,500.0,500.0,458.21356201171875
old_reserved,focus,5002,77,1,0,0.3232283294200897,0.3264768421649933,500.0,500.0,449.3697814941406
old_reserved,focus,5002,78,1,0,0.3264768421649933,0.3297579884529114,500.0,500.0,440.7291564941406
old_reserved,focus,5002,79,1,0,0.3297579884529114,0.33307212591171265,500.0,500.0,473.5364685058594
old_reserved,focus,5002,80,2,1,0.33307212591171265,0.33641955256462097,500.0,500.0,212.08334350585938
old_reserved,focus,5002,81,2,1,0.33641955256462097,0.339800626039505,500.0,500.0,381.9739685058594
old_reserved,focus,5002,82,2,1,0.339800626039505,0.343215674161911,500.0,500.0,452.09375
old_reserved,focus,5002,83,2,1,0.343215674161911,0.34666505455970764,500.0,500.0,447.29168701171875
old_reserved,focus,5002,84,2,1,0.34666505455970764,0.35014909505844116,500.0,500.0,435.2187805175781
old_reserved,focus,5002,85,2,1,0.35014909505844116,0.3536681532859802,500.0,500.0,434.79168701171875
old_reserved,focus,5002,86,2,1,0.3536681532859802,0.3572225868701935,500.0,500.0,453.375
old_reserved,focus,5002,87,2,1,0.3572225868701935,0.3608127236366272,500.0,500.0,418.140625
old_reserved,focus,5002,88,2,1,0.3608127236366272,0.3644389510154724,500.0,500.0,402.1770935058594
old_reserved,focus,5002,89,2,1,0.3644389510154724,0.3681016266345978,500.0,500.0,419.01043701171875
old_reserved,focus,5002,90,2,1,0.3681016266345978,0.37180110812187195,500.0,500.0,443.625
old_reserved,focus,5002,91,2,1,0.37180110812187195,0.37553778290748596,500.0,500.0,441.4375
old_reserved,focus,5002,92,2,1,0.37553778290748596,0.37931200861930847,500.0,361.1000061035156,446.8854064941406
old_reserved,focus,5002,93,2,1,0.37931200861930847,0.3831241726875305,257.0,364.6000061035156,404.0728759765625
old_reserved,focus,5002,94,2,1,0.3831241726875305,0.35014912486076355,147.6999969482422,500.0,439.13543701171875
old_reserved,focus,5002,95,2,1,0.35014912486076355,0.3200122117996216,64.4000015258789,320.1000061035156,410.45831298828125
old_reserved,focus,5002,96,2,1,0.3200122117996216,0.2924691438674927,67.70000457763672,410.3000183105469,428.90625
old_reserved,focus,5002,97,2,1,0.2924691438674927,0.2672966718673706,185.8000030517578,500.0,459.390625
old_reserved,focus,5002,98,2,1,0.2672966718673706,0.2442907691001892,293.3000183105469,455.3000183105469,447.609375
old_reserved,focus,5002,99,2,1,0.2442907691001892,0.22326494753360748,500.0,500.0,459.453125
old_reserved,focus,5002,100,2,1,0.22326494753360748,0.20404879748821259,497.3999938964844,500.0,457.828125
old_reserved,focus,5002,101,2,1,0.20404879748821259,0.2060995250940323,500.0,500.0,475.58331298828125
old_reserved,focus,5002,102,2,1,0.2060995250940323,0.20817086100578308,500.0,500.0,456.69268798828125
old_reserved,focus,5002,103,2,1,0.20817086100578308,0.21026301383972168,326.0,456.5,444.359375
old_reserved,focus,5002,104,2,1,0.21026301383972168,0.2123761922121048,369.6000061035156,500.0,464.7083435058594
old_reserved,focus,5002,105,2,1,0.2123761922121048,0.19409722089767456,410.8999938964844,500.0,453.3489685058594
old_reserved,focus,5002,106,2,1,0.19409722089767456,0.19604793190956116,213.6999969482422,500.0,474.6302185058594
old_reserved,focus,5002,107,2,1,0.19604793190956116,0.17917431890964508,500.0,500.0,478.27081298828125
old_reserved,focus,5002,108,2,1,0.17917431890964508,0.1809750497341156,500.0,500.0,460.9791564941406
old_reserved,focus,5002,109,2,1,0.1809750497341156,0.18279388546943665,500.0,451.8999938964844,480.01043701171875
old_reserved,focus,5002,110,2,1,0.18279388546943665,0.18463099002838135,500.0,500.0,483.93231201171875
old_reserved,focus,5002,111,2,1,0.18463099002838135,0.18648655712604523,500.0,500.0,487.55206298828125
old_reserved,focus,5002,112,2,1,0.18648655712604523,0.1883607804775238,500.0,500.0,475.33856201171875
old_reserved,focus,5002,113,2,1,0.1883607804775238,0.1902538388967514,500.0,500.0,475.796875
old_reserved,focus,5002,114,2,1,0.1902538388967514,0.19216592609882355,500.0,500.0,454.640625
old_reserved,focus,5002,115,2,1,0.19216592609882355,0.19409722089767456,500.0,500.0,469.48956298828125
old_reserved,focus,5002,116,2,1,0.19409722089767456,0.19604793190956116,500.0,500.0,468.859375
old_reserved,focus,5002,117,2,1,0.19604793190956116,0.19801825284957886,500.0,500.0,459.78125
old_reserved,focus,5002,118,2,1,0.19801825284957886,0.20000837743282318,500.0,500.0,452.49481201171875
old_reserved,focus,5002,119,2,1,0.20000837743282318,0.20201849937438965,500.0,500.0,449.8177185058594
old_reserved,focus,5002,120,2,1,0.20201849937438965,0.20404882729053497,500.0,500.0,487.5
old_reserved,focus,5002,121,2,1,0.20404882729053497,0.20609955489635468,500.0,500.0,490.84375
old_reserved,focus,5002,122,2,1,0.20609955489635468,0.20817089080810547,500.0,500.0,487.2760314941406
old_reserved,focus,5002,123,2,1,0.20817089080810547,0.21026304364204407,500.0,500.0,484.20831298828125
old_reserved,focus,5002,124,2,1,0.21026304364204407,0.21237622201442719,500.0,500.0,483.140625
old_reserved,focus,5002,125,2,1,0.21237622201442719,0.21451063454151154,500.0,9.100000381469727,487.23956298828125
old_reserved,focus,5002,126,2,1,0.21451063454151154,0.21666650474071503,500.0,500.0,444.05731201171875
old_reserved,focus,5002,127,2,1,0.21666650474071503,0.21884404122829437,500.0,500.0,485.0625
old_reserved,focus,5002,128,2,1,0.21884404122829437,0.22104346752166748,500.0,500.0,489.70831298828125
old_reserved,focus,5002,129,2,1,0.22104346752166748,0.22326499223709106,500.0,500.0,443.13018798828125
old_reserved,focus,5002,130,2,1,0.22326499223709106,0.22550883889198303,500.0,451.3000183105469,447.41668701171875
old_reserved,focus,5002,131,2,1,0.22550883889198303,0.22777524590492249,500.0,500.0,484.0
old_reserved,focus,5002,132,2,1,0.22777524590492249,0.23006442189216614,500.0,500.0,486.5416564941406
old_reserved,focus,5002,133,2,1,0.23006442189216614,0.2323766052722931,500.0,500.0,482.078125
old_reserved,focus,5002,134,2,1,0.2323766052722931,0.23471203446388245,500.0,500.0,484.796875
old_reserved,focus,5002,135,2,1,0.23471203446388245,0.2370709329843521,500.0,500.0,479.71356201171875
old_reserved,focus,5002,136,2,1,0.2370709329843521,0.2394535392522812,500.0,500.0,463.90106201171875
old_reserved,focus,5002,137,2,1,0.2394535392522812,0.24186009168624878,500.0,500.0,489.8125
old_reserved,focus,5002,138,2,1,0.24186009168624878,0.24429082870483398,500.0,500.0,484.30731201171875
old_reserved,focus,5002,139,2,1,0.24429082870483398,0.2467459887266159,500.0,500.0,466.6875
old_reserved,focus,5002,140,2,1,0.2467459887266159,0.24922582507133484,500.0,500.0,473.8333435058594
old_reserved,focus,5002,141,2,1,0.24922582507133484,0.2517305910587311,500.0,500.0,485.46875
old_reserved,focus,5002,142,2,1,0.2517305910587311,0.2542605400085449,500.0,500.0,477.96356201171875
old_reserved,focus,5002,143,2,1,0.2542605400085449,0.25681591033935547,500.0,500.0,467.078125
old_reserved,focus,5002,144,2,1,0.25681591033935547,0.2593969702720642,500.0,500.0,494.51043701171875
old_reserved,focus,5002,145,2,1,0.2593969702720642,0.26200395822525024,500.0,500.0,476.25518798828125
old_reserved,focus,5002,146,2,1,0.26200395822525024,0.26463714241981506,500.0,500.0,466.2656555175781
old_reserved,focus,5002,147,2,1,0.26463714241981506,0.26729679107666016,500.0,500.0,492.328125
old_reserved,focus,5002,148,2,1,0.26729679107666016,0.269983172416687,500.0,500.0,429.5833435058594
old_reserved,focus,5002,149,2,1,0.269983172416687,0.2726965546607971,500.0,500.0,480.5520935058594
old_reserved,focus,5002,150,2,1,0.2726965546607971,0.27543720602989197,500.0,500.0,456.6875
old_reserved,focus,5002,151,2,1,0.27543720602989197,0.27820539474487305,500.0,500.0,462.41143798828125
old_reserved,focus,5002,152,2,1,0.27820539474487305,0.28100141882896423,500.0,500.0,457.25
old_reserved,focus,5002,153,2,1,0.28100141882896423,0.283825546503067,500.0,500.0,477.1927185058594
old_reserved,focus,5002,154,2,1,0.283825546503067,0.2866780459880829,500.0,500.0,469.2916564941406
old_reserved,focus,5002,155,2,1,0.2866780459880829,0.2895592153072357,500.0,500.0,472.546875
old_reserved,focus,5002,156,2,1,0.2895592153072357,0.292469322681427,500.0,500.0,488.86981201171875
old_reserved,focus,5002,157,2,1,0.292469322681427,0.295408695936203,500.0,500.0,482.0885314941406
old_reserved,focus,5002,158,2,1,0.295408695936203,0.2983776032924652,500.0,500.0,489.88543701171875
old_reserved,focus,5002,159,2,1,0.2983776032924652,0.3013763427734375,500.0,500.0,492.359375
old_reserved,focus,5002,160,3,0,0.3013763427734375,0.30440524220466614,500.0,500.0,448.00518798828125
old_reserved,focus,5002,161,3,0,0.30440524220466614,0.3074645698070526,500.0,500.0,484.0677185058594
old_reserved,focus,5002,162,3,0,0.3074645698070526,0.3105546534061432,500.0,500.0,487.30731201171875
old_reserved,focus,5002,163,3,0,0.3105546534061432,0.31367579102516174,500.0,500.0,479.109375
old_reserved,focus,5002,164,3,0,0.31367579102516174,0.31682828068733215,500.0,500.0,485.00518798828125
old_reserved,focus,5002,165,3,0,0.31682828068733215,0.3200124502182007,500.0,500.0,498.13018798828125
old_reserved,focus,5002,166,3,0,0.3200124502182007,0.3232286274433136,500.0,500.0,474.984375
old_reserved,focus,5002,167,3,0,0.3232286274433136,0.32647714018821716,500.0,500.0,479.3541564941406
old_reserved,focus,5002,168,3,0,0.32647714018821716,0.32975828647613525,500.0,500.0,487.78125
old_reserved,focus,5002,169,3,0,0.32975828647613525,0.3330724239349365,500.0,500.0,486.6614990234375
old_reserved,focus,5002,170,3,0,0.3330724239349365,0.33641985058784485,500.0,500.0,493.55731201171875
old_reserved,focus,5002,171,3,0,0.33641985058784485,0.3398009240627289,500.0,500.0,494.46356201171875
old_reserved,focus,5002,172,3,0,0.3398009240627289,0.3432159721851349,500.0,500.0,491.15106201171875
old_reserved,focus,5002,173,3,0,0.3432159721851349,0.3466653525829315,500.0,500.0,496.0260314941406
old_reserved,focus,5002,174,3,0,0.3466653525829315,0.35014939308166504,500.0,500.0,489.1875
old_reserved,focus,5002,175,3,0,0.35014939308166504,0.3536684513092041,500.0,500.0,494.20831298828125
old_reserved,focus,5002,176,3,0,0.3536684513092041,0.35722288489341736,500.0,500.0,488.22918701171875
old_reserved,focus,5002,177,3,0,0.35722288489341736,0.36081305146217346,500.0,500.0,475.890625
old_reserved,focus,5002,178,3,0,0.36081305146217346,0.3644392788410187,500.0,500.0,489.9375
old_reserved,focus,5002,179,3,0,0.3644392788410187,0.36810195446014404,500.0,500.0,470.64581298828125
old_reserved,focus,5002,180,3,0,0.36810195446014404,0.3718014359474182,500.0,500.0,493.234375
old_reserved,focus,5002,181,3,0,0.3718014359474182,0.3755381107330322,500.0,500.0,491.16668701171875
old_reserved,focus,5002,182,3,0,0.3755381107330322,0.37931233644485474,500.0,500.0,479.6614990234375
old_reserved,focus,5002,183,3,0,0.37931233644485474,0.3831245005130768,500.0,500.0,489.20831298828125
old_reserved,focus,5002,184,3,0,0.3831245005130768,0.386974960565567,500.0,500.0,495.04168701171875
old_reserved,focus,5002,185,3,0,0.386974960565567,0.39086413383483887,500.0,500.0,480.125
old_reserved,focus,5002,186,3,0,0.39086413383483887,0.394792377948761,500.0,500.0,479.96875
old_reserved,focus,5002,187,3,0,0.394792377948761,0.3987601101398468,500.0,500.0,477.8125
old_reserved,focus,5002,188,3,0,0.3987601101398468,0.40276771783828735,500.0,500.0,498.75
old_reserved,focus,5002,189,3,0,0.40276771783828735,0.40681561827659607,500.0,500.0,497.859375
old_reserved,focus,5002,190,3,0,0.40681561827659607,0.410904198884964,500.0,500.0,489.234375
old_reserved,focus,5002,191,3,0,0.410904198884964,0.41503384709358215,500.0,500.0,488.0677185058594
old_reserved,focus,5002,192,3,0,0.41503384709358215,0.4192050099372864,500.0,500.0,489.67706298828125
old_reserved,focus,5002,193,3,0,0.4192050099372864,0.4234181046485901,500.0,500.0,490.3854064941406
old_reserved,focus,5002,194,3,0,0.4234181046485901,0.4276735186576843,500.0,500.0,491.8541564941406
old_reserved,focus,5002,195,3,0,0.4276735186576843,0.4319716989994049,500.0,500.0,469.90106201171875
old_reserved,focus,5002,196,3,0,0.4319716989994049,0.43631309270858765,500.0,500.0,490.765625
old_reserved,focus,5002,197,3,0,0.43631309270858765,0.44069811701774597,500.0,500.0,489.5885314941406
old_reserved,focus,5002,198,3,0,0.44069811701774597,0.4451272189617157,500.0,500.0,462.21875
old_reserved,focus,5002,199,3,0,0.4451272189617157,0.44960081577301025,500.0,500.0,480.3125
old_reserved,focus,5002,200,3,0,0.44960081577301025,0.45411938428878784,500.0,500.0,477.9479064941406
old_reserved,focus,5002,201,3,0,0.45411938428878784,0.4586833715438843,500.0,500.0,460.8385314941406
old_reserved,focus,5002,202,3,0,0.4586833715438843,0.4632932245731354,500.0,500.0,478.53643798828125
old_reserved,focus,5002,203,3,0,0.4632932245731354,0.46794939041137695,500.0,500.0,483.7760314941406
old_reserved,focus,5002,204,3,0,0.46794939041137695,0.4726523756980896,500.0,500.0,472.11981201171875
old_reserved,focus,5002,205,3,0,0.4726523756980896,0.47740262746810913,500.0,500.0,477.6822814941406
old_reserved,focus,5002,206,3,0,0.47740262746810913,0.48220062255859375,500.0,500.0,471.02606201171875
old_reserved,focus,5002,207,3,0,0.48220062255859375,0.48704683780670166,500.0,500.0,465.6041564941406
old_reserved,focus,5002,208,3,0,0.48704683780670166,0.49194175004959106,500.0,500.0,463.50518798828125
old_reserved,focus,5002,209,3,0,0.49194175004959106,0.49688586592674255,500.0,500.0,454.609375
old_reserved,focus,5002,210,3,0,0.49688586592674255,0.5,500.0,500.0,459.04168701171875
old_reserved,focus,5002,211,3,0,0.5,0.5,500.0,500.0,483.546875
old_reserved,focus,5002,212,3,0,0.5,0.5,500.0,500.0,473.8541564941406
old_reserved,focus,5002,213,3,0,0.5,0.5,500.0,500.0,485.4010314941406
old_reserved,focus,5002,214,3,0,0.5,0.5,500.0,500.0,487.1041564941406
old_reserved,focus,5002,215,3,0,0.5,0.5,500.0,500.0,466.421875
old_reserved,focus,5002,216,3,0,0.5,0.5,500.0,500.0,466.96356201171875
old_reserved,focus,5002,217,3,0,0.5,0.5,500.0,500.0,485.5364685058594
old_reserved,focus,5002,218,3,0,0.5,0.5,500.0,500.0,474.203125
old_reserved,focus,5002,219,3,0,0.5,0.5,500.0,500.0,485.11981201171875
old_reserved,focus,5002,220,3,0,0.5,0.5,500.0,500.0,490.31768798828125
old_reserved,focus,5002,221,3,0,0.5,0.5,500.0,500.0,491.1822814941406
old_reserved,focus,5002,222,3,0,0.5,0.5,500.0,500.0,489.796875
old_reserved,focus,5002,223,3,0,0.5,0.5,500.0,500.0,480.53643798828125
old_reserved,focus,5002,224,3,0,0.5,0.5,500.0,500.0,484.58856201171875
old_reserved,focus,5002,225,3,0,0.5,0.5,500.0,500.0,474.625
old_reserved,focus,5002,226,3,0,0.5,0.5,500.0,500.0,486.02081298828125
old_reserved,focus,5002,227,3,0,0.5,0.5,500.0,500.0,492.53125
old_reserved,focus,5002,228,3,0,0.5,0.5,500.0,500.0,494.0416564941406
old_reserved,focus,5002,229,3,0,0.5,0.5,500.0,500.0,495.47393798828125
old_reserved,focus,5002,230,3,0,0.5,0.5,500.0,500.0,486.55731201171875
old_reserved,focus,5002,231,3,0,0.5,0.5,500.0,500.0,487.29168701171875
old_reserved,focus,5002,232,3,0,0.5,0.5,500.0,500.0,471.078125
old_reserved,focus,5002,233,3,0,0.5,0.5,500.0,500.0,491.54168701171875
old_reserved,focus,5002,234,3,0,0.5,0.5,500.0,500.0,478.80731201171875
old_reserved,focus,5002,235,3,0,0.5,0.5,500.0,500.0,485.13018798828125
old_reserved,focus,5002,236,3,0,0.5,0.5,500.0,500.0,471.86456298828125
old_reserved,focus,5002,237,3,0,0.5,0.5,500.0,500.0,454.0
old_reserved,focus,5002,238,3,0,0.5,0.5,500.0,500.0,480.609375
old_reserved,focus,5002,239,3,0,0.5,0.5,500.0,500.0,470.20831298828125
old_reserved,focus,5002,240,4,1,0.5,0.5,500.0,500.0,288.875
old_reserved,focus,5002,241,4,1,0.5,0.5,213.10000610351562,500.0,398.72393798828125
old_reserved,focus,5002,242,4,1,0.5,0.4569655954837799,489.5,500.0,470.05731201171875
old_reserved,focus,5002,243,4,1,0.4569655954837799,0.41763511300086975,500.0,500.0,476.18231201171875
old_reserved,focus,5002,244,4,1,0.41763511300086975,0.421832412481308,500.0,500.0,463.3229064941406
old_reserved,focus,5002,245,4,1,0.421832412481308,0.4260719120502472,500.0,500.0,486.02081298828125
old_reserved,focus,5002,246,4,1,0.4260719120502472,0.4303539991378784,500.0,500.0,494.8177185058594
old_reserved,focus,5002,247,4,1,0.4303539991378784,0.4346791207790375,500.0,500.0,483.30206298828125
old_reserved,focus,5002,248,4,1,0.4346791207790375,0.4390477240085602,500.0,500.0,475.3541564941406
old_reserved,focus,5002,249,4,1,0.4390477240085602,0.44346022605895996,500.0,500.0,472.3125
old_reserved,focus,5002,250,4,1,0.44346022605895996,0.44791707396507263,500.0,500.0,465.52081298828125
old_reserved,focus,5002,251,4,1,0.44791707396507263,0.452418714761734,500.0,500.0,473.703125
old_reserved,focus,5002,252,4,1,0.452418714761734,0.4569655954837799,500.0,500.0,448.6145935058594
old_reserved,focus,5002,253,4,1,0.4569655954837799,0.46155819296836853,500.0,500.0,444.26043701171875
old_reserved,focus,5002,254,4,1,0.46155819296836853,0.4661969244480133,500.0,500.0,478.9114685058594
old_reserved,focus,5002,255,4,1,0.4661969244480133,0.4708822965621948,500.0,500.0,478.1510314941406
old_reserved,focus,5002,256,4,1,0.4708822965621948,0.4756147563457489,500.0,500.0,497.453125
old_reserved,focus,5002,257,4,1,0.4756147563457489,0.48039478063583374,500.0,500.0,480.68231201171875
old_reserved,focus,5002,258,4,1,0.48039478063583374,0.48522284626960754,500.0,500.0,467.171875
old_reserved,focus,5002,259,4,1,0.48522284626960754,0.4900994300842285,500.0,500.0,483.07293701171875
old_reserved,focus,5002,260,4,1,0.4900994300842285,0.49502500891685486,500.0,500.0,471.39581298828125
old_reserved,focus,5002,261,4,1,0.49502500891685486,0.5,500.0,500.0,491.69793701171875
old_reserved,focus,5002,262,4,1,0.5,0.5,500.0,500.0,488.5677185058594
old_reserved,focus,5002,263,4,1,0.5,0.5,500.0,500.0,467.953125
old_reserved,focus,5002,264,4,1,0.5,0.5,500.0,500.0,474.8125
old_reserved,focus,5002,265,4,1,0.5,0.5,500.0,500.0,473.1770935058594
old_reserved,focus,5002,266,4,1,0.5,0.5,500.0,500.0,485.95831298828125
old_reserved,focus,5002,267,4,1,0.5,0.5,500.0,500.0,467.4479064941406
old_reserved,focus,5002,268,4,1,0.5,0.5,500.0,500.0,477.7083435058594
old_reserved,focus,5002,269,4,1,0.5,0.5,500.0,500.0,491.78125
old_reserved,focus,5002,270,4,1,0.5,0.5,500.0,500.0,490.80206298828125
old_reserved,focus,5002,271,4,1,0.5,0.5,500.0,500.0,477.33331298828125
old_reserved,focus,5002,272,4,1,0.5,0.5,500.0,500.0,487.42706298828125
old_reserved,focus,5002,273,4,1,0.5,0.5,500.0,500.0,498.13018798828125
old_reserved,focus,5002,274,4,1,0.5,0.5,500.0,500.0,479.02606201171875
old_reserved,focus,5002,275,4,1,0.5,0.5,500.0,500.0,473.515625
old_reserved,focus,5002,276,4,1,0.5,0.5,500.0,500.0,471.70831298828125
old_reserved,focus,5002,277,4,1,0.5,0.5,500.0,500.0,485.015625
old_reserved,focus,5002,278,4,1,0.5,0.5,500.0,500.0,466.76043701171875
old_reserved,focus,5002,279,4,1,0.5,0.5,500.0,500.0,494.921875
old_reserved,focus,5002,280,4,1,0.5,0.5,500.0,500.0,478.02606201171875
old_reserved,focus,5002,281,4,1,0.5,0.5,500.0,500.0,491.02081298828125
old_reserved,focus,5002,282,4,1,0.5,0.5,500.0,500.0,477.234375
old_reserved,focus,5002,283,4,1,0.5,0.5,500.0,500.0,490.7239685058594
old_reserved,focus,5002,284,4,1,0.5,0.5,500.0,500.0,483.953125
old_reserved,focus,5002,285,4,1,0.5,0.5,500.0,500.0,491.2708435058594
old_reserved,focus,5002,286,4,1,0.5,0.5,500.0,500.0,481.515625
old_reserved,focus,5002,287,4,1,0.5,0.5,500.0,500.0,475.30206298828125
old_reserved,focus,5002,288,4,1,0.5,0.5,500.0,500.0,455.921875
old_reserved,focus,5002,289,4,1,0.5,0.5,500.0,500.0,469.85418701171875
old_reserved,focus,5002,290,4,1,0.5,0.5,500.0,500.0,481.13543701171875
old_reserved,focus,5002,291,4,1,0.5,0.5,500.0,500.0,472.76043701171875
old_reserved,focus,5002,292,4,1,0.5,0.5,500.0,500.0,486.59375
old_reserved,focus,5002,293,4,1,0.5,0.5,500.0,500.0,474.9270935058594
old_reserved,focus,5002,294,4,1,0.5,0.5,500.0,500.0,494.0052185058594
old_reserved,focus,5002,295,4,1,0.5,0.5,500.0,500.0,493.2604064941406
old_reserved,focus,5002,296,4,1,0.5,0.5,500.0,500.0,492.00518798828125
old_reserved,focus,5002,297,4,1,0.5,0.5,500.0,500.0,473.22918701171875
old_reserved,focus,5002,298,4,1,0.5,0.5,500.0,500.0,470.9322814941406
old_reserved,focus,5002,299,4,1,0.5,0.5,500.0,500.0,484.3020935058594
old_reserved,focus,5002,300,4,1,0.5,0.5,500.0,500.0,467.984375
old_reserved,focus,5002,301,4,1,0.5,0.5,500.0,500.0,493.0520935058594
old_reserved,focus,5002,302,4,1,0.5,0.5,500.0,500.0,483.4947814941406
old_reserved,focus,5002,303,4,1,0.5,0.5,500.0,500.0,473.4271240234375
old_reserved,focus,5002,304,4,1,0.5,0.5,500.0,500.0,491.4427185058594
old_reserved,focus,5002,305,4,1,0.5,0.5,500.0,500.0,484.828125
old_reserved,focus,5002,306,4,1,0.5,0.5,500.0,500.0,495.30731201171875
old_reserved,focus,5002,307,4,1,0.5,0.5,500.0,500.0,489.70831298828125
old_reserved,focus,5002,308,4,1,0.5,0.5,500.0,500.0,492.90625
old_reserved,focus,5002,309,4,1,0.5,0.5,500.0,500.0,485.55731201171875
old_reserved,focus,5002,310,4,1,0.5,0.5,500.0,500.0,492.05206298828125
old_reserved,focus,5002,311,4,1,0.5,0.5,500.0,500.0,499.38018798828125
old_reserved,focus,5002,312,4,1,0.5,0.5,500.0,500.0,493.47918701171875
old_reserved,focus,5002,313,4,1,0.5,0.5,500.0,500.0,492.4375
old_reserved,focus,5002,314,4,1,0.5,0.5,500.0,500.0,481.34893798828125
old_reserved,focus,5002,315,4,1,0.5,0.5,500.0,500.0,491.78125
old_reserved,focus,5002,316,4,1,0.5,0.5,500.0,500.0,485.8125
old_reserved,focus,5002,317,4,1,0.5,0.5,500.0,500.0,494.6197814941406
old_reserved,focus,5002,318,4,1,0.5,0.5,500.0,500.0,488.5416564941406
old_reserved,focus,5002,319,4,1,0.5,0.5,500.0,500.0,487.35418701171875
old_reserved,focus,5003,0,1,0,0.5,0.4879598319530487,9.600000381469727,9.40000057220459,10.953125
old_reserved,focus,5003,1,1,0,0.4879598319530487,0.44596171379089355,9.300000190734863,8.699999809265137,13.619792938232422
old_reserved,focus,5003,2,1,0,0.44596171379089355,0.40757831931114197,9.199999809265137,9.800000190734863,15.312500953674316
old_reserved,focus,5003,3,1,0,0.40757831931114197,0.3724985420703888,10.100000381469727,10.0,21.520832061767578
old_reserved,focus,5003,4,1,0,0.3724985420703888,0.34043803811073303,12.300000190734863,15.699999809265137,31.666667938232422
old_reserved,focus,5003,5,1,0,0.34043803811073303,0.311136931180954,9.5,10.5,39.843746185302734
old_reserved,focus,5003,6,1,0,0.311136931180954,0.2843577563762665,9.800000190734863,10.100000381469727,43.19791030883789
old_reserved,focus,5003,7,1,0,0.2843577563762665,0.25988343358039856,15.600000381469727,16.700000762939453,60.20311737060547
old_reserved,focus,5003,8,1,0,0.25988343358039856,0.23751556873321533,29.100000381469727,23.5,72.4375
old_reserved,focus,5003,9,1,0,0.23751556873321533,0.21707288920879364,9.0,9.40000057220459,92.296875
old_reserved,focus,5003,10,1,0,0.21707288920879364,0.1983896791934967,9.300000190734863,9.300000190734863,115.703125
old_reserved,focus,5003,11,1,0,0.1983896791934967,0.18131451308727264,9.90000057220459,9.600000381469727,129.40625
old_reserved,focus,5003,12,1,0,0.18131451308727264,0.165708988904953,96.0,10.0,203.72398376464844
old_reserved,focus,5003,13,1,0,0.165708988904953,0.1514466106891632,141.6999969482422,18.899999618530273,267.9375305175781
old_reserved,focus,5003,14,1,0,0.1514466106891632,0.1384117752313614,112.80000305175781,24.100000381469727,253.9791717529297
old_reserved,focus,5003,15,1,0,0.1384117752313614,0.12649883329868317,189.1999969482422,44.5,286.0677185058594
old_reserved,focus,5003,16,1,0,0.12649883329868317,0.115611232817173,480.1000061035156,87.5999984741211,343.31768798828125
old_reserved,focus,5003,17,1,0,0.115611232817173,0.11677314341068268,498.6000061035156,110.30000305175781,381.5781555175781
old_reserved,focus,5003,18,1,0,0.11677314341068268,0.10672261565923691,500.0,140.0,404.03125
old_reserved,focus,5003,19,1,0,0.10672261565923691,0.10779519379138947,500.0,151.0,391.3958740234375
old_reserved,focus,5003,20,1,0,0.10779519379138947,0.10887855291366577,500.0,167.40000915527344,371.21356201171875
old_reserved,focus,5003,21,1,0,0.10887855291366577,0.10997280478477478,500.0,221.0,414.8854064941406
old_reserved,focus,5003,22,1,0,0.10997280478477478,0.11107805371284485,500.0,221.1999969482422,412.7395935058594
old_reserved,focus,5003,23,1,0,0.11107805371284485,0.11219441145658493,500.0,258.0,396.546875
old_reserved,focus,5003,24,1,0,0.11219441145658493,0.11332198232412338,478.6000061035156,323.3000183105469,429.28643798828125
old_reserved,focus,5003,25,1,0,0.11332198232412338,0.11446088552474976,500.0,233.1999969482422,430.35418701171875
old_reserved,focus,5003,26,1,0,0.11446088552474976,0.1156112402677536,498.8000183105469,118.4000015258789,405.234375
old_reserved,focus,5003,27,1,0,0.1156112402677536,0.11677315086126328,500.0,105.20000457763672,411.8333435058594
old_reserved,focus,5003,28,1,0,0.11677315086126328,0.11794674396514893,500.0,68.0,412.65625
old_reserved,focus,5003,29,1,0,0.11794674396514893,0.1191321313381195,500.0,64.5999984741211,412.8958435058594
old_reserved,focus,5003,30,1,0,0.1191321313381195,0.12032943218946457,500.0,65.20000457763672,413.10418701171875
old_reserved,focus,5003,31,1,0,0.12032943218946457,0.12153876572847366,500.0,77.80000305175781,411.2760009765625
old_reserved,focus,5003,32,1,0,0.12153876572847366,0.12276025116443634,500.0,141.10000610351562,414.46875
old_reserved,focus,5003,33,1,0,0.12276025116443634,0.12399401515722275,500.0,194.90000915527344,432.3541564941406
old_reserved,focus,5003,34,1,0,0.12399401515722275,0.12524017691612244,500.0,191.3000030517578,465.03643798828125
old_reserved,focus,5003,35,1,0,0.12524017691612244,0.12649886310100555,500.0,225.6999969482422,457.140625
old_reserved,focus,5003,36,1,0,0.12649886310100555,0.12777020037174225,500.0,257.1000061035156,445.8125
old_reserved,focus,5003,37,1,0,0.12777020037174225,0.12905430793762207,500.0,258.3000183105469,449.86456298828125
old_reserved,focus,5003,38,1,0,0.12905430793762207,0.13035131990909576,500.0,244.1999969482422,425.90625
old_reserved,focus,5003,39,1,0,0.13035131990909576,0.13166137039661407,500.0,250.60000610351562,417.58331298828125
old_reserved,focus,5003,40,1,0,0.13166137039661407,0.13298459351062775,500.0,317.1000061035156,459.3020935058594
old_reserved,focus,5003,41,1,0,0.13298459351062775,0.13432110846042633,500.0,500.0,457.9375305175781
old_reserved,focus,5003,42,1,0,0.13432110846042633,0.13567106425762177,500.0,500.0,427.7864685058594
old_reserved,focus,5003,43,1,0,0.13567106425762177,0.1370345801115036,500.0,500.0,427.65625
old_reserved,focus,5003,44,1,0,0.1370345801115036,0.13841180503368378,500.0,500.0,434.86456298828125
old_reserved,focus,5003,45,1,0,0.13841180503368378,0.13980287313461304,500.0,500.0,415.30731201171875
old_reserved,focus,5003,46,1,0,0.13980287313461304,0.14120791852474213,500.0,500.0,436.66668701171875
old_reserved,focus,5003,47,1,0,0.14120791852474213,0.14262709021568298,500.0,500.0,463.54168701171875
old_reserved,focus,5003,48,1,0,0.14262709021568298,0.14406052231788635,500.0,500.0,463.96875
old_reserved,focus,5003,49,1,0,0.14406052231788635,0.14550834894180298,500.0,500.0,448.41668701171875
old_reserved,focus,5003,50,1,0,0.14550834894180298,0.146970734000206,500.0,500.0,465.86456298828125
old_reserved,focus,5003,51,1,0,0.146970734000206,0.14844781160354614,500.0,500.0,421.54168701171875
old_reserved,focus,5003,52,1,0,0.14844781160354614,0.14993974566459656,500.0,369.3000183105469,458.5520935058594
old_reserved,focus,5003,53,1,0,0.14993974566459656,0.15144667029380798,500.0,438.8999938964844,446.6875
old_reserved,focus,5003,54,1,0,0.15144667029380798,0.15296873450279236,500.0,472.8999938964844,435.5572814941406
old_reserved,focus,5003,55,1,0,0.15296873450279236,0.15450610220432281,500.0,500.0,458.3385314941406
old_reserved,focus,5003,56,1,0,0.15450610220432281,0.1560589224100113,500.0,500.0,433.73956298828125
old_reserved,focus,5003,57,1,0,0.1560589224100113,0.15762734413146973,500.0,500.0,456.35418701171875
old_reserved,focus,5003,58,1,0,0.15762734413146973,0.15921153128147125,500.0,500.0,401.66668701171875
old_reserved,focus,5003,59,1,0,0.15921153128147125,0.1608116328716278,500.0,500.0,409.3645935058594
old_reserved,focus,5003,60,1,0,0.1608116328716278,0.16242781281471252,500.0,500.0,445.125
old_reserved,focus,5003,61,1,0,0.16242781281471252,0.16406023502349854,500.0,500.0,428.05731201171875
old_reserved,focus,5003,62,1,0,0.16406023502349854,0.16570906341075897,500.0,500.0,465.5
old_reserved,focus,5003,63,1,0,0.16570906341075897,0.16737446188926697,500.0,500.0,439.88543701171875
old_reserved,focus,5003,64,1,0,0.16737446188926697,0.16905660927295685,500.0,500.0,441.453125
old_reserved,focus,5003,65,1,0,0.16905660927295685,0.17075565457344055,500.0,500.0,440.0572814941406
old_reserved,focus,5003,66,1,0,0.17075565457344055,0.1724717766046524,500.0,500.0,463.03643798828125
old_reserved,focus,5003,67,1,0,0.1724717766046524,0.17420515418052673,500.0,500.0,416.0625
old_reserved,focus,5003,68,1,0,0.17420515418052673,0.17595595121383667,500.0,500.0,462.17706298828125
old_reserved,focus,5003,69,1,0,0.17595595121383667,0.17772434651851654,500.0,500.0,464.38018798828125
old_reserved,focus,5003,70,1,0,0.17772434651851654,0.17951050400733948,500.0,500.0,462.4947814941406
old_reserved,focus,5003,71,1,0,0.17951050400733948,0.181314617395401,500.0,500.0,451.3541564941406
old_reserved,focus,5003,72,1,0,0.181314617395401,0.18313686549663544,500.0,500.0,443.5
old_reserved,focus,5003,73,1,0,0.18313686549663544,0.1849774271249771,500.0,500.0,437.68231201171875
old_reserved,focus,5003,74,1,0,0.1849774271249771,0.18683648109436035,500.0,500.0,452.52606201171875
old_reserved,focus,5003,75,1,0,0.18683648109436035,0.18871422111988068,340.8999938964844,500.0,483.02081298828125
old_reserved,focus,5003,76,1,0,0.18871422111988068,0.1724718064069748,85.0,380.1000061035156,445.79168701171875
old_reserved,focus,5003,77,1,0,0.1724718064069748,0.15762735903263092,86.0999984741211,163.5,452.11981201171875
old_reserved,focus,5003,78,1,0,0.15762735903263092,0.14406056702136993,500.0,458.70001220703125,405.90106201171875
old_reserved,focus,5003,79,1,0,0.14406056702136993,0.14550840854644775,500.0,500.0,434.32293701171875
old_reserved,focus,5003,80,2,1,0.14550840854644775,0.14697079360485077,500.0,500.0,330.8489990234375
old_reserved,focus,5003,81,2,1,0.14697079360485077,0.14844787120819092,500.0,500.0,378.54168701171875
old_reserved,focus,5003,82,2,1,0.14844787120819092,0.14993980526924133,500.0,480.8999938964844,439.51043701171875
old_reserved,focus,5003,83,2,1,0.14993980526924133,0.15144672989845276,500.0,500.0,452.40106201171875
old_reserved,focus,5003,84,2,1,0.15144672989845276,0.15296879410743713,500.0,500.0,447.02081298828125
old_reserved,focus,5003,85,2,1,0.15296879410743713,0.1545061618089676,500.0,500.0,455.14581298828125
old_reserved,focus,5003,86,2,1,0.1545061618089676,0.15605898201465607,500.0,348.3999938964844,462.88543701171875
old_reserved,focus,5003,87,2,1,0.15605898201465607,0.1576274037361145,500.0,296.20001220703125,423.8072814941406
old_reserved,focus,5003,88,2,1,0.1576274037361145,0.15921159088611603,500.0,329.0,425.22918701171875
old_reserved,focus,5003,89,2,1,0.15921159088611603,0.16081169247627258,500.0,415.20001220703125,438.7395935058594
old_reserved,focus,5003,90,2,1,0.16081169247627258,0.1624278724193573,500.0,462.6000061035156,461.41668701171875
old_reserved,focus,5003,91,2,1,0.1624278724193573,0.1640602946281433,500.0,500.0,454.34375
old_reserved,focus,5003,92,2,1,0.1640602946281433,0.16570912301540375,500.0,282.5,459.99481201171875
old_reserved,focus,5003,93,2,1,0.16570912301540375,0.16737453639507294,500.0,500.0,427.92706298828125
old_reserved,focus,5003,94,2,1,0.16737453639507294,0.16905668377876282,500.0,500.0,418.32293701171875
old_reserved,focus,5003,95,2,1,0.16905668377876282,0.17075572907924652,500.0,500.0,464.76043701171875
old_reserved,focus,5003,96,2,1,0.17075572907924652,0.17247185111045837,500.0,321.70001220703125,421.96356201171875
old_reserved,focus,5003,97,2,1,0.17247185111045837,0.1742052286863327,500.0,456.70001220703125,438.38543701171875
old_reserved,focus,5003,98,2,1,0.1742052286863327,0.17595602571964264,500.0,456.20001220703125,470.65625
old_reserved,focus,5003,99,2,1,0.17595602571964264,0.1777244210243225,500.0,434.3000183105469,444.5052490234375
old_reserved,focus,5003,100,2,1,0.1777244210243225,0.17951057851314545,500.0,337.5,460.6927185058594
old_reserved,focus,5003,101,2,1,0.17951057851314545,0.18131469190120697,500.0,277.70001220703125,470.1875
old_reserved,focus,5003,102,2,1,0.18131469190120697,0.1831369400024414,500.0,238.40000915527344,459.72393798828125
old_reserved,focus,5003,103,2,1,0.1831369400024414,0.18497750163078308,500.0,223.40000915527344,439.39581298828125
old_reserved,focus,5003,104,2,1,0.18497750163078308,0.18683655560016632,500.0,156.5,477.7552185058594
old_reserved,focus,5003,105,2,1,0.18683655560016632,0.18871429562568665,500.0,110.0999984741211,450.2291564941406
old_reserved,focus,5003,106,2,1,0.18871429562568665,0.19061090052127838,500.0,81.5999984741211,448.3333435058594
old_reserved,focus,5003,107,2,1,0.19061090052127838,0.19252657890319824,500.0,153.1999969482422,441.078125
old_reserved,focus,5003,108,2,1,0.19252657890319824,0.19446150958538055,500.0,260.3000183105469,429.04168701171875
old_reserved,focus,5003,109,2,1,0.19446150958538055,0.19641588628292084,500.0,103.0,467.78643798828125
old_reserved,focus,5003,110,2,1,0.19641588628292084,0.1983899027109146,500.0,235.60000610351562,434.6614685058594
old_reserved,focus,5003,111,2,1,0.1983899027109146,0.2003837525844574,500.0,456.5,443.6875
old_reserved,focus,5003,112,2,1,0.2003837525844574,0.2023976445198059,500.0,500.0,436.8125
old_reserved,focus,5003,113,2,1,0.2023976445198059,0.20443177223205566,500.0,500.0,417.9583435058594
old_reserved,focus,5003,114,2,1,0.20443177223205566,0.20648634433746338,500.0,409.8000183105469,446.6614990234375
old_reserved,focus,5003,115,2,1,0.20648634433746338,0.20856156945228577,500.0,500.0,443.5104064941406
old_reserved,focus,5003,116,2,1,0.20856156945228577,0.21065765619277954,500.0,452.20001220703125,424.7135314941406
old_reserved,focus,5003,117,2,1,0.21065765619277954,0.21277479827404022,500.0,453.1000061035156,433.15625
old_reserved,focus,5003,118,2,1,0.21277479827404022,0.21491321921348572,500.0,456.3999938964844,434.36981201171875
old_reserved,focus,5003,119,2,1,0.21491321921348572,0.21707314252853394,500.0,165.6999969482422,437.21356201171875
old_reserved,focus,5003,120,2,1,0.21707314252853394,0.2192547619342804,500.0,500.0,457.99481201171875
old_reserved,focus,5003,121,2,1,0.2192547619342804,0.2214583158493042,500.0,500.0,438.55206298828125
old_reserved,focus,5003,122,2,1,0.2214583158493042,0.22368401288986206,500.0,500.0,445.5416259765625
old_reserved,focus,5003,123,2,1,0.22368401288986206,0.2259320765733719,500.0,414.3999938964844,427.2083435058594
old_reserved,focus,5003,124,2,1,0.2259320765733719,0.2282027304172516,500.0,457.5,444.33331298828125
old_reserved,focus,5003,125,2,1,0.2282027304172516,0.23049621284008026,500.0,415.8999938964844,429.7760314941406
old_reserved,focus,5003,126,2,1,0.23049621284008026,0.23281274735927582,500.0,290.3000183105469,467.8489990234375
old_reserved,focus,5003,127,2,1,0.23281274735927582,0.23515255749225616,500.0,165.40000915527344,432.859375
old_reserved,focus,5003,128,2,1,0.23515255749225616,0.2375158816576004,500.0,80.70000457763672,426.46356201171875
old_reserved,focus,5003,129,2,1,0.2375158816576004,0.23990295827388763,500.0,80.80000305175781,413.30731201171875
old_reserved,focus,5003,130,2,1,0.23990295827388763,0.24231402575969696,500.0,291.1000061035156,463.94793701171875
old_reserved,focus,5003,131,2,1,0.24231402575969696,0.24474932253360748,500.0,416.3000183105469,465.6770935058594
old_reserved,focus,5003,132,2,1,0.24474932253360748,0.2472091019153595,500.0,500.0,459.6875
old_reserved,focus,5003,133,2,1,0.2472091019153595,0.2496936023235321,500.0,373.0,445.94793701171875
old_reserved,focus,5003,134,2,1,0.2496936023235321,0.2522030770778656,500.0,458.3000183105469,412.96356201171875
old_reserved,focus,5003,135,2,1,0.2522030770778656,0.2547377645969391,500.0,204.6999969482422,434.64581298828125
old_reserved,focus,5003,136,2,1,0.2547377645969391,0.25729793310165405,500.0,416.0,466.28125
old_reserved,focus,5003,137,2,1,0.25729793310165405,0.2598838210105896,500.0,415.5,427.0416259765625
old_reserved,focus,5003,138,2,1,0.2598838210105896,0.2624956965446472,500.0,373.3999938964844,414.19268798828125
old_reserved,focus,5003,139,2,1,0.2624956965446472,0.2651338279247284,500.0,156.90000915527344,454.13543701171875
old_reserved,focus,5003,140,2,1,0.2651338279247284,0.2677984833717346,500.0,158.6999969482422,405.8802185058594
old_reserved,focus,5003,141,2,1,0.2677984833717346,0.270489901304245,500.0,500.0,413.453125
old_reserved,focus,5003,142,2,1,0.270489901304245,0.2732083797454834,500.0,457.20001220703125,393.75
old_reserved,focus,5003,143,2,1,0.2732083797454834,0.2759541869163513,500.0,489.3999938964844,438.23956298828125
old_reserved,focus,5003,144,2,1,0.2759541869163513,0.27872756123542786,500.0,456.20001220703125,452.9322814941406
old_reserved,focus,5003,145,2,1,0.27872756123542786,0.2815288305282593,500.0,500.0,439.4947814941406
old_reserved,focus,5003,146,2,1,0.2815288305282593,0.2843582332134247,500.0,500.0,448.64581298828125
old_reserved,focus,5003,147,2,1,0.2843582332134247,0.28721609711647034,500.0,500.0,462.74481201171875
old_reserved,focus,5003,148,2,1,0.28721609711647034,0.29010266065597534,500.0,500.0,445.625
old_reserved,focus,5003,149,2,1,0.29010266065597534,0.29301825165748596,500.0,500.0,460.171875
old_reserved,focus,5003,150,2,1,0.29301825165748596,0.2959631383419037,500.0,500.0,467.59375
old_reserved,focus,5003,151,2,1,0.2959631383419037,0.2989376187324524,500.0,500.0,454.4478759765625
old_reserved,focus,5003,152,2,1,0.2989376187324524,0.30194199085235596,500.0,500.0,459.26043701171875
old_reserved,focus,5003,153,2,1,0.30194199085235596,0.30497655272483826,500.0,500.0,440.8802490234375
old_reserved,focus,5003,154,2,1,0.30497655272483826,0.30804163217544556,500.0,500.0,462.953125
old_reserved,focus,5003,155,2,1,0.30804163217544556,0.31113749742507935,500.0,500.0,445.828125
old_reserved,focus,5003,156,2,1,0.31113749742507935,0.3142644762992859,500.0,160.40000915527344,480.41143798828125
old_reserved,focus,5003,157,2,1,0.3142644762992859,0.31742289662361145,500.0,317.8000183105469,478.68231201171875
old_reserved,focus,5003,158,2,1,0.31742289662361145,0.3206130564212799,500.0,239.6999969482422,456.93231201171875
old_reserved,focus,5003,159,2,1,0.3206130564212799,0.3238352835178375,500.0,500.0,455.90625
old_reserved,focus,5003,160,3,0,0.3238352835178375,0.3270898759365082,500.0,500.0,160.9375
old_reserved,focus,5003,161,3,0,0.3270898759365082,0.3303771913051605,500.0,500.0,226.52081298828125
old_reserved,focus,5003,162,3,0,0.3303771913051605,0.33369752764701843,500.0,500.0,335.0
old_reserved,focus,5003,163,3,0,0.33369752764701843,0.33705124258995056,500.0,500.0,397.83856201171875
old_reserved,focus,5003,164,3,0,0.33705124258995056,0.3404386639595032,500.0,500.0,431.78125
old_reserved,focus,5003,165,3,0,0.3404386639595032,0.34386011958122253,500.0,500.0,434.8958435058594
old_reserved,focus,5003,166,3,0,0.34386011958122253,0.3473159670829773,500.0,500.0,433.953125
old_reserved,focus,5003,167,3,0,0.3473159670829773,0.3508065640926361,500.0,500.0,459.90625
old_reserved,focus,5003,168,3,0,0.3508065640926361,0.35433223843574524,500.0,500.0,470.8385314941406
old_reserved,focus,5003,169,3,0,0.35433223843574524,0.35789334774017334,500.0,500.0,470.140625
old_reserved,focus,5003,170,3,0,0.35789334774017334,0.36149024963378906,500.0,500.0,454.72393798828125
old_reserved,focus,5003,171,3,0,0.36149024963378906,0.36512330174446106,500.0,500.0,418.46356201171875
old_reserved,focus,5003,172,3,0,0.36512330174446106,0.368792861700058,500.0,500.0,448.7760314941406
old_reserved,focus,5003,173,3,0,0.368792861700058,0.3724992871284485,500.0,500.0,458.546875
old_reserved,focus,5003,174,3,0,0.3724992871284485,0.3762429654598236,500.0,500.0,440.171875
old_reserved,focus,5003,175,3,0,0.3762429654598236,0.3800242841243744,500.0,500.0,447.58856201171875
old_reserved,focus,5003,176,3,0,0.3800242841243744,0.3838436007499695,500.0,500.0,439.203125
old_reserved,focus,5003,177,3,0,0.3838436007499695,0.3877013027667999,500.0,500.0,464.8072814941406
old_reserved,focus,5003,178,3,0,0.3877013027667999,0.39159777760505676,500.0,500.0,451.4583435058594
old_reserved,focus,5003,179,3,0,0.39159777760505676,0.39553341269493103,500.0,500.0,463.68231201171875
old_reserved,focus,5003,180,3,0,0.39553341269493103,0.39950859546661377,500.0,500.0,426.6197814941406
old_reserved,focus,5003,181,3,0,0.39950859546661377,0.403523713350296,500.0,500.0,420.82293701171875
old_reserved,focus,5003,182,3,0,0.403523713350296,0.4075791835784912,500.0,500.0,439.25
old_reserved,focus,5003,183,3,0,0.4075791835784912,0.41167542338371277,500.0,500.0,460.66668701171875
old_reserved,focus,5003,184,3,0,0.41167542338371277,0.41581282019615173,500.0,500.0,435.64581298828125
old_reserved,focus,5003,185,3,0,0.41581282019615173,0.4199918210506439,500.0,500.0,455.96875
old_reserved,focus,5003,186,3,0,0.4199918210506439,0.42421281337738037,500.0,500.0,481.21875
old_reserved,focus,5003,187,3,0,0.42421281337738037,0.4284762144088745,500.0,488.8999938964844,444.28643798828125
old_reserved,focus,5003,188,3,0,0.4284762144088745,0.43278247117996216,500.0,362.3000183105469,449.03643798828125
old_reserved,focus,5003,189,3,0,0.43278247117996216,0.43713200092315674,500.0,468.0,449.78643798828125
old_reserved,focus,5003,190,3,0,0.43713200092315674,0.44152525067329407,500.0,500.0,463.59893798828125
old_reserved,focus,5003,191,3,0,0.44152525067329407,0.44596266746520996,500.0,500.0,462.02606201171875
old_reserved,focus,5003,192,3,0,0.44596266746520996,0.45044466853141785,483.1000061035156,167.10000610351562,455.3125
old_reserved,focus,5003,193,3,0,0.45044466853141785,0.41167542338371277,500.0,167.10000610351562,460.125
old_reserved,focus,5003,194,3,0,0.41167542338371277,0.41581282019615173,500.0,219.40000915527344,467.84893798828125
old_reserved,focus,5003,195,3,0,0.41581282019615173,0.4199918210506439,500.0,500.0,468.7239685058594
old_reserved,focus,5003,196,3,0,0.4199918210506439,0.42421281337738037,500.0,356.3000183105469,428.97393798828125
old_reserved,focus,5003,197,3,0,0.42421281337738037,0.4284762144088745,500.0,224.1999969482422,452.4114685058594
old_reserved,focus,5003,198,3,0,0.4284762144088745,0.43278247117996216,500.0,224.90000915527344,437.1458435058594
old_reserved,focus,5003,199,3,0,0.43278247117996216,0.43713200092315674,500.0,210.0,456.3697814941406
old_reserved,focus,5003,200,3,0,0.43713200092315674,0.44152525067329407,500.0,196.6999969482422,402.5312194824219
old_reserved,focus,5003,201,3,0,0.44152525067329407,0.44596266746520996,500.0,205.90000915527344,434.3646240234375
old_reserved,focus,5003,202,3,0,0.44596266746520996,0.45044466853141785,500.0,192.10000610351562,446.19268798828125
old_reserved,focus,5003,203,3,0,0.45044466853141785,0.4549717307090759,500.0,500.0,430.38543701171875
old_reserved,focus,5003,204,3,0,0.4549717307090759,0.45954427123069763,500.0,500.0,436.78125
old_reserved,focus,5003,205,3,0,0.45954427123069763,0.46416276693344116,500.0,500.0,460.2395935058594
old_reserved,focus,5003,206,3,0,0.46416276693344116,0.4688276946544647,500.0,500.0,446.2135314941406
old_reserved,focus,5003,207,3,0,0.4688276946544647,0.4735395014286041,500.0,500.0,460.82293701171875
old_reserved,focus,5003,208,3,0,0.4735395014286041,0.4782986640930176,500.0,500.0,453.6666564941406
old_reserved,focus,5003,209,3,0,0.4782986640930176,0.4831056594848633,500.0,500.0,448.5052185058594
old_reserved,focus,5003,210,3,0,0.4831056594848633,0.48796096444129944,500.0,500.0,476.30206298828125
old_reserved,focus,5003,211,3,0,0.48796096444129944,0.49286505579948425,500.0,500.0,457.265625
old_reserved,focus,5003,212,3,0,0.49286505579948425,0.4978184401988983,500.0,500.0,467.95831298828125
old_reserved,focus,5003,213,3,0,0.4978184401988983,0.5,500.0,500.0,463.22393798828125
old_reserved,focus,5003,214,3,0,0.5,0.5,500.0,500.0,463.08331298828125
old_reserved,focus,5003,215,3,0,0.5,0.5,500.0,500.0,457.66143798828125
old_reserved,focus,5003,216,3,0,0.5,0.5,500.0,500.0,467.1666564941406
old_reserved,focus,5003,217,3,0,0.5,0.5,500.0,500.0,468.625
old_reserved,focus,5003,218,3,0,0.5,0.5,500.0,500.0,467.53125
old_reserved,focus,5003,219,3,0,0.5,0.5,500.0,500.0,464.7239685058594
old_reserved,focus,5003,220,3,0,0.5,0.5,500.0,500.0,483.4375
old_reserved,focus,5003,221,3,0,0.5,0.5,500.0,500.0,439.1302185058594
old_reserved,focus,5003,222,3,0,0.5,0.5,500.0,500.0,464.109375
old_reserved,focus,5003,223,3,0,0.5,0.5,500.0,500.0,459.2291564941406
old_reserved,focus,5003,224,3,0,0.5,0.5,500.0,500.0,448.8125
old_reserved,focus,5003,225,3,0,0.5,0.5,500.0,500.0,438.03643798828125
old_reserved,focus,5003,226,3,0,0.5,0.5,500.0,500.0,486.71875
old_reserved,focus,5003,227,3,0,0.5,0.5,500.0,500.0,479.375
old_reserved,focus,5003,228,3,0,0.5,0.5,500.0,500.0,458.8229064941406
old_reserved,focus,5003,229,3,0,0.5,0.5,500.0,500.0,461.28643798828125
old_reserved,focus,5003,230,3,0,0.5,0.5,500.0,500.0,473.3072814941406
old_reserved,focus,5003,231,3,0,0.5,0.5,500.0,500.0,460.0833740234375
old_reserved,focus,5003,232,3,0,0.5,0.5,500.0,500.0,455.95831298828125
old_reserved,focus,5003,233,3,0,0.5,0.5,500.0,500.0,441.09893798828125
old_reserved,focus,5003,234,3,0,0.5,0.5,500.0,500.0,468.3177185058594
old_reserved,focus,5003,235,3,0,0.5,0.5,500.0,500.0,465.63543701171875
old_reserved,focus,5003,236,3,0,0.5,0.5,500.0,500.0,470.828125
old_reserved,focus,5003,237,3,0,0.5,0.5,500.0,500.0,462.94268798828125
old_reserved,focus,5003,238,3,0,0.5,0.5,500.0,500.0,465.90625
old_reserved,focus,5003,239,3,0,0.5,0.5,500.0,500.0,480.5833435058594
old_reserved,focus,5003,240,4,1,0.5,0.5,500.0,500.0,262.91668701171875
old_reserved,focus,5003,241,4,1,0.5,0.5,500.0,500.0,402.9583740234375
old_reserved,focus,5003,242,4,1,0.5,0.5,500.0,500.0,469.72918701171875
old_reserved,focus,5003,243,4,1,0.5,0.5,500.0,500.0,461.5885314941406
old_reserved,focus,5003,244,4,1,0.5,0.5,500.0,500.0,478.078125
old_reserved,focus,5003,245,4,1,0.5,0.5,500.0,500.0,486.3125
old_reserved,focus,5003,246,4,1,0.5,0.5,500.0,500.0,468.5833435058594
old_reserved,focus,5003,247,4,1,0.5,0.5,500.0,500.0,488.6197814941406
old_reserved,focus,5003,248,4,1,0.5,0.5,500.0,500.0,473.6666564941406
old_reserved,focus,5003,249,4,1,0.5,0.5,500.0,500.0,461.02081298828125
old_reserved,focus,5003,250,4,1,0.5,0.5,500.0,500.0,449.80731201171875
old_reserved,focus,5003,251,4,1,0.5,0.5,500.0,500.0,469.59375
old_reserved,focus,5003,252,4,1,0.5,0.5,500.0,500.0,478.1875
old_reserved,focus,5003,253,4,1,0.5,0.5,500.0,500.0,450.59893798828125
old_reserved,focus,5003,254,4,1,0.5,0.5,500.0,500.0,461.9947814941406
old_reserved,focus,5003,255,4,1,0.5,0.5,500.0,500.0,463.171875
old_reserved,focus,5003,256,4,1,0.5,0.5,500.0,500.0,470.63543701171875
old_reserved,focus,5003,257,4,1,0.5,0.5,500.0,500.0,445.6197814941406
old_reserved,focus,5003,258,4,1,0.5,0.5,500.0,500.0,456.04168701171875
old_reserved,focus,5003,259,4,1,0.5,0.5,500.0,500.0,429.88543701171875
old_reserved,focus,5003,260,4,1,0.5,0.5,500.0,500.0,464.546875
old_reserved,focus,5003,261,4,1,0.5,0.5,500.0,500.0,415.3645935058594
old_reserved,focus,5003,262,4,1,0.5,0.5,500.0,500.0,450.453125
old_reserved,focus,5003,263,4,1,0.5,0.5,500.0,500.0,454.5
old_reserved,focus,5003,264,4,1,0.5,0.5,500.0,500.0,484.90106201171875
old_reserved,focus,5003,265,4,1,0.5,0.5,500.0,500.0,435.1927490234375
old_reserved,focus,5003,266,4,1,0.5,0.5,500.0,500.0,432.55206298828125
old_reserved,focus,5003,267,4,1,0.5,0.5,500.0,500.0,425.984375
old_reserved,focus,5003,268,4,1,0.5,0.5,500.0,500.0,425.2760314941406
old_reserved,focus,5003,269,4,1,0.5,0.5,500.0,500.0,439.1979064941406
old_reserved,focus,5003,270,4,1,0.5,0.5,500.0,500.0,441.0052185058594
old_reserved,focus,5003,271,4,1,0.5,0.5,500.0,500.0,466.75518798828125
old_reserved,focus,5003,272,4,1,0.5,0.5,500.0,500.0,458.34893798828125
old_reserved,focus,5003,273,4,1,0.5,0.5,500.0,500.0,457.796875
old_reserved,focus,5003,274,4,1,0.5,0.5,500.0,500.0,443.875
old_reserved,focus,5003,275,4,1,0.5,0.5,500.0,500.0,483.8802185058594
old_reserved,focus,5003,276,4,1,0.5,0.5,500.0,500.0,480.82293701171875
old_reserved,focus,5003,277,4,1,0.5,0.5,500.0,500.0,463.5052490234375
old_reserved,focus,5003,278,4,1,0.5,0.5,500.0,500.0,457.03125
old_reserved,focus,5003,279,4,1,0.5,0.5,500.0,500.0,459.34375
old_reserved,focus,5003,280,4,1,0.5,0.5,500.0,500.0,460.47393798828125
old_reserved,focus,5003,281,4,1,0.5,0.5,500.0,500.0,456.3177185058594
old_reserved,focus,5003,282,4,1,0.5,0.5,500.0,500.0,468.26043701171875
old_reserved,focus,5003,283,4,1,0.5,0.5,500.0,500.0,440.5989685058594
old_reserved,focus,5003,284,4,1,0.5,0.5,500.0,500.0,458.234375
old_reserved,focus,5003,285,4,1,0.5,0.5,500.0,500.0,451.7708435058594
old_reserved,focus,5003,286,4,1,0.5,0.5,255.40000915527344,9.600000381469727,452.984375
old_reserved,focus,5003,287,4,1,0.5,0.4569655954837799,58.70000076293945,9.600000381469727,440.640625
old_reserved,focus,5003,288,4,1,0.4569655954837799,0.41763511300086975,10.699999809265137,10.699999809265137,429.8125
old_reserved,focus,5003,289,4,1,0.41763511300086975,0.38168975710868835,58.29999923706055,9.300000190734863,437.765625
old_reserved,focus,5003,290,4,1,0.38168975710868835,0.3488381803035736,107.4000015258789,9.5,432.28125
old_reserved,focus,5003,291,4,1,0.3488381803035736,0.31881409883499146,9.600000381469727,9.100000381469727,465.875
old_reserved,focus,5003,292,4,1,0.31881409883499146,0.291374146938324,255.0,9.300000190734863,474.1666564941406
old_reserved,focus,5003,293,4,1,0.291374146938324,0.2662959098815918,353.3000183105469,9.90000057220459,479.42706298828125
old_reserved,focus,5003,294,4,1,0.2662959098815918,0.24337613582611084,177.8000030517578,402.3999938964844,456.33331298828125
old_reserved,focus,5003,295,4,1,0.24337613582611084,0.2224290370941162,500.0,500.0,447.47918701171875
old_reserved,focus,5003,296,4,1,0.2224290370941162,0.22466449439525604,500.0,304.3999938964844,480.92706298828125
old_reserved,focus,5003,297,4,1,0.22466449439525604,0.226922407746315,500.0,500.0,467.50518798828125
old_reserved,focus,5003,298,4,1,0.226922407746315,0.2292030155658722,500.0,500.0,477.2708435058594
old_reserved,focus,5003,299,4,1,0.2292030155658722,0.23150654137134552,500.0,272.70001220703125,467.6770935058594
old_reserved,focus,5003,300,4,1,0.23150654137134552,0.2338332235813141,500.0,500.0,481.4166564941406
old_reserved,focus,5003,301,4,1,0.2338332235813141,0.2361832857131958,500.0,500.0,480.11456298828125
old_reserved,focus,5003,302,4,1,0.2361832857131958,0.23855696618556976,500.0,500.0,473.8697814941406
old_reserved,focus,5003,303,4,1,0.23855696618556976,0.24095450341701508,500.0,500.0,486.44268798828125
old_reserved,focus,5003,304,4,1,0.24095450341701508,0.24337613582611084,500.0,500.0,491.3177185058594
old_reserved,focus,5003,305,4,1,0.24337613582611084,0.24582210183143616,500.0,500.0,478.515625
old_reserved,focus,5003,306,4,1,0.24582210183143616,0.24829265475273132,500.0,500.0,471.921875
old_reserved,focus,5003,307,4,1,0.24829265475273132,0.25078803300857544,500.0,500.0,465.4791564941406
old_reserved,focus,5003,308,4,1,0.25078803300857544,0.25330850481987,500.0,500.0,429.6458435058594
old_reserved,focus,5003,309,4,1,0.25330850481987,0.2558543086051941,500.0,353.5,450.74481201171875
old_reserved,focus,5003,310,4,1,0.2558543086051941,0.25842568278312683,500.0,500.0,480.8177185058594
old_reserved,focus,5003,311,4,1,0.25842568278312683,0.2610228955745697,500.0,500.0,483.70831298828125
old_reserved,focus,5003,312,4,1,0.2610228955745697,0.2636462152004242,500.0,500.0,486.6614685058594
old_reserved,focus,5003,313,4,1,0.2636462152004242,0.2662959098815918,500.0,500.0,493.73956298828125
old_reserved,focus,5003,314,4,1,0.2662959098815918,0.2689722180366516,500.0,500.0,432.00518798828125
old_reserved,focus,5003,315,4,1,0.2689722180366516,0.2716754376888275,500.0,500.0,482.04168701171875
old_reserved,focus,5003,316,4,1,0.2716754376888275,0.274405837059021,500.0,406.1000061035156,484.2291564941406
old_reserved,focus,5003,317,4,1,0.274405837059021,0.2507880628108978,500.0,164.5,474.54168701171875
old_reserved,focus,5003,318,4,1,0.2507880628108978,0.2533085346221924,500.0,206.8000030517578,464.234375
old_reserved,focus,5003,319,4,1,0.2533085346221924,0.2558543384075165,500.0,500.0,489.9270935058594
old_reserved,focus,5004,0,1,0,0.5,0.4569655954837799,9.100000381469727,9.40000057220459,10.739583969116211
old_reserved,focus,5004,1,1,0,0.4569655954837799,0.41763511300086975,9.199999809265137,9.5,12.416667938232422
old_reserved,focus,5004,2,1,0,0.41763511300086975,0.38168975710868835,9.199999809265137,9.199999809265137,17.38541603088379
old_reserved,focus,5004,3,1,0,0.38168975710868835,0.3488381803035736,9.100000381469727,9.0,23.359375
old_reserved,focus,5004,4,1,0,0.3488381803035736,0.31881409883499146,9.100000381469727,8.90000057220459,31.140625
old_reserved,focus,5004,5,1,0,0.31881409883499146,0.291374146938324,9.5,9.300000190734863,40.848960876464844
old_reserved,focus,5004,6,1,0,0.291374146938324,0.2662959098815918,9.5,9.40000057220459,45.000003814697266
old_reserved,focus,5004,7,1,0,0.2662959098815918,0.24337613582611084,9.90000057220459,9.5,54.255210876464844
old_reserved,focus,5004,8,1,0,0.24337613582611084,0.2224290370941162,9.5,9.199999809265137,77.55728149414062
old_reserved,focus,5004,9,1,0,0.2224290370941162,0.2032848298549652,300.20001220703125,21.200000762939453,97.85939025878906
old_reserved,focus,5004,10,1,0,0.2032848298549652,0.2008851021528244,500.0,46.400001525878906,134.109375
old_reserved,focus,5004,11,1,0,0.2008851021528244,0.20290403068065643,410.1000061035156,54.900001525878906,165.95834350585938
old_reserved,focus,5004,12,1,0,0.20290403068065643,0.19988319277763367,386.1000061035156,119.70000457763672,178.6927032470703
old_reserved,focus,5004,13,1,0,0.19988319277763367,0.191446453332901,500.0,292.3999938964844,253.5677032470703
old_reserved,focus,5004,14,1,0,0.191446453332901,0.193370521068573,500.0,377.70001220703125,281.8489685058594
old_reserved,focus,5004,15,1,0,0.193370521068573,0.1953139305114746,500.0,500.0,327.4947814941406
old_reserved,focus,5004,16,1,0,0.1953139305114746,0.19727687537670135,500.0,500.0,322.51043701171875
old_reserved,focus,5004,17,1,0,0.19727687537670135,0.19925954937934875,500.0,500.0,301.5
old_reserved,focus,5004,18,1,0,0.19925954937934875,0.20126214623451233,500.0,500.0,321.01043701171875
old_reserved,focus,5004,19,1,0,0.20126214623451233,0.2032848596572876,500.0,500.0,348.5625
old_reserved,focus,5004,20,1,0,0.2032848596572876,0.20532791316509247,500.0,500.0,392.234375
old_reserved,focus,5004,21,1,0,0.20532791316509247,0.20739150047302246,500.0,500.0,367.40625
old_reserved,focus,5004,22,1,0,0.20739150047302246,0.2094758152961731,500.0,500.0,365.27081298828125
old_reserved,focus,5004,23,1,0,0.2094758152961731,0.21158108115196228,500.0,396.1000061035156,397.5625
old_reserved,focus,5004,24,1,0,0.21158108115196228,0.21370750665664673,500.0,58.29999923706055,372.5104064941406
old_reserved,focus,5004,25,1,0,0.21370750665664673,0.21585530042648315,500.0,55.5,368.984375
old_reserved,focus,5004,26,1,0,0.21585530042648315,0.21802468597888947,500.0,55.0,347.546875
old_reserved,focus,5004,27,1,0,0.21802468597888947,0.22021587193012238,500.0,54.79999923706055,335.63543701171875
old_reserved,focus,5004,28,1,0,0.22021587193012238,0.2224290817975998,500.0,56.0,328.3020935058594
old_reserved,focus,5004,29,1,0,0.2224290817975998,0.22466453909873962,500.0,294.1000061035156,379.46356201171875
old_reserved,focus,5004,30,1,0,0.22466453909873962,0.22692245244979858,500.0,483.0,357.421875
old_reserved,focus,5004,31,1,0,0.22692245244979858,0.22920306026935577,500.0,500.0,357.9010314941406
old_reserved,focus,5004,32,1,0,0.22920306026935577,0.2315065860748291,500.0,451.20001220703125,351.4375
old_reserved,focus,5004,33,1,0,0.2315065860748291,0.23383326828479767,500.0,499.8000183105469,362.42706298828125
old_reserved,focus,5004,34,1,0,0.23383326828479767,0.23618333041667938,500.0,452.0,371.10418701171875
old_reserved,focus,5004,35,1,0,0.23618333041667938,0.23855701088905334,500.0,161.8000030517578,359.1302185058594
old_reserved,focus,5004,36,1,0,0.23855701088905334,0.24095454812049866,500.0,112.5999984741211,351.3958435058594
old_reserved,focus,5004,37,1,0,0.24095454812049866,0.24337618052959442,500.0,500.0,394.765625
old_reserved,focus,5004,38,1,0,0.24337618052959442,0.24582216143608093,500.0,500.0,417.2916564941406
old_reserved,focus,5004,39,1,0,0.24582216143608093,0.2482927143573761,500.0,500.0,408.625
old_reserved,focus,5004,40,1,0,0.2482927143573761,0.2507880926132202,500.0,500.0,386.5989685058594
old_reserved,focus,5004,41,1,0,0.2507880926132202,0.25330856442451477,500.0,500.0,405.171875
old_reserved,focus,5004,42,1,0,0.25330856442451477,0.25585436820983887,500.0,500.0,415.76043701171875
old_reserved,focus,5004,43,1,0,0.25585436820983887,0.2584257423877716,500.0,500.0,427.0
old_reserved,focus,5004,44,1,0,0.2584257423877716,0.2610229551792145,500.0,500.0,407.859375
old_reserved,focus,5004,45,1,0,0.2610229551792145,0.26364627480506897,500.0,500.0,425.453125
old_reserved,focus,5004,46,1,0,0.26364627480506897,0.2662959694862366,500.0,500.0,455.11456298828125
old_reserved,focus,5004,47,1,0,0.2662959694862366,0.2689722776412964,500.0,500.0,440.44793701171875
old_reserved,focus,5004,48,1,0,0.2689722776412964,0.2716754972934723,500.0,500.0,408.10418701171875
old_reserved,focus,5004,49,1,0,0.2716754972934723,0.27440589666366577,500.0,500.0,417.28125
old_reserved,focus,5004,50,1,0,0.27440589666366577,0.27716371417045593,500.0,500.0,409.4479064941406
old_reserved,focus,5004,51,1,0,0.27716371417045593,0.27994924783706665,500.0,500.0,448.83856201171875
old_reserved,focus,5004,52,1,0,0.27994924783706665,0.2827627956867218,500.0,500.0,390.47393798828125
old_reserved,focus,5004,53,1,0,0.2827627956867218,0.2856046259403229,500.0,500.0,424.02606201171875
old_reserved,focus,5004,54,1,0,0.2856046259403229,0.28847500681877136,500.0,482.3999938964844,441.8280944824219
old_reserved,focus,5004,55,1,0,0.28847500681877136,0.29137423634529114,500.0,403.6000061035156,408.546875
old_reserved,focus,5004,56,1,0,0.29137423634529114,0.2943026125431061,500.0,500.0,444.76043701171875
old_reserved,focus,5004,57,1,0,0.2943026125431061,0.2972604036331177,500.0,500.0,416.0
old_reserved,focus,5004,58,1,0,0.2972604036331177,0.3002479374408722,500.0,500.0,421.296875
old_reserved,focus,5004,59,1,0,0.3002479374408722,0.3032654821872711,500.0,500.0,429.73956298828125
old_reserved,focus,5004,60,1,0,0.3032654821872711,0.3063133656978607,500.0,500.0,430.734375
old_reserved,focus,5004,61,1,0,0.3063133656978607,0.3093918561935425,500.0,500.0,443.0052185058594
old_reserved,focus,5004,62,1,0,0.3093918561935425,0.31250131130218506,500.0,500.0,456.1041564941406
old_reserved,focus,5004,63,1,0,0.31250131130218506,0.31564199924468994,500.0,500.0,436.4375
old_reserved,focus,5004,64,1,0,0.31564199924468994,0.3188142478466034,500.0,500.0,437.65625
old_reserved,focus,5004,65,1,0,0.3188142478466034,0.3220183849334717,500.0,500.0,404.546875
old_reserved,focus,5004,66,1,0,0.3220183849334717,0.32525473833084106,500.0,500.0,430.421875
old_reserved,focus,5004,67,1,0,0.32525473833084106,0.3285236060619354,500.0,500.0,444.88018798828125
old_reserved,focus,5004,68,1,0,0.3285236060619354,0.331825315952301,500.0,500.0,429.11456298828125
old_reserved,focus,5004,69,1,0,0.331825315952301,0.3351602256298065,500.0,500.0,453.71356201171875
old_reserved,focus,5004,70,1,0,0.3351602256298065,0.3385286331176758,500.0,500.0,451.72918701171875
old_reserved,focus,5004,71,1,0,0.3385286331176758,0.34193089604377747,500.0,500.0,471.06768798828125
old_reserved,focus,5004,72,1,0,0.34193089604377747,0.3453673720359802,500.0,500.0,475.0260314941406
old_reserved,focus,5004,73,1,0,0.3453673720359802,0.3488383889198303,500.0,500.0,458.8541564941406
old_reserved,focus,5004,74,1,0,0.3488383889198303,0.352344274520874,500.0,500.0,440.109375
old_reserved,focus,5004,75,1,0,0.352344274520874,0.35588538646698,500.0,500.0,457.203125
old_reserved,focus,5004,76,1,0,0.35588538646698,0.35946211218833923,500.0,500.0,432.609375
old_reserved,focus,5004,77,1,0,0.35946211218833923,0.36307477951049805,500.0,500.0,432.47918701171875
old_reserved,focus,5004,78,1,0,0.36307477951049805,0.3667237460613251,500.0,500.0,467.71356201171875
old_reserved,focus,5004,79,1,0,0.3667237460613251,0.37040939927101135,500.0,500.0,429.91668701171875
old_reserved,focus,5004,80,2,1,0.37040939927101135,0.37413206696510315,500.0,500.0,362.9322814941406
old_reserved,focus,5004,81,2,1,0.37413206696510315,0.3778921663761139,500.0,500.0,427.88018798828125
old_reserved,focus,5004,82,2,1,0.3778921663761139,0.38169005513191223,500.0,500.0,448.4427185058594
old_reserved,focus,5004,83,2,1,0.38169005513191223,0.3855261206626892,500.0,500.0,415.57293701171875
old_reserved,focus,5004,84,2,1,0.3855261206626892,0.3894007205963135,500.0,500.0,439.1145935058594
old_reserved,focus,5004,85,2,1,0.3894007205963135,0.39331427216529846,500.0,500.0,414.0104064941406
old_reserved,focus,5004,86,2,1,0.39331427216529846,0.3972671627998352,500.0,500.0,427.7239685058594
old_reserved,focus,5004,87,2,1,0.3972671627998352,0.40125977993011475,500.0,500.0,485.47918701171875
old_reserved,focus,5004,88,2,1,0.40125977993011475,0.4052925109863281,500.0,500.0,467.265625
old_reserved,focus,5004,89,2,1,0.4052925109863281,0.40936577320098877,500.0,500.0,441.86456298828125
old_reserved,focus,5004,90,2,1,0.40936577320098877,0.4134799838066101,500.0,500.0,474.453125
old_reserved,focus,5004,91,2,1,0.4134799838066101,0.4176355302333832,500.0,500.0,445.65106201171875
old_reserved,focus,5004,92,2,1,0.4176355302333832,0.4218328297138214,500.0,500.0,442.76043701171875
old_reserved,focus,5004,93,2,1,0.4218328297138214,0.4260723292827606,500.0,500.0,456.875
old_reserved,focus,5004,94,2,1,0.4260723292827606,0.43035444617271423,500.0,500.0,439.3645935058594
old_reserved,focus,5004,95,2,1,0.43035444617271423,0.4346795976161957,500.0,500.0,447.1458435058594
old_reserved,focus,5004,96,2,1,0.4346795976161957,0.4390482008457184,500.0,500.0,464.8020935058594
old_reserved,focus,5004,97,2,1,0.4390482008457184,0.44346070289611816,500.0,500.0,463.29168701171875
old_reserved,focus,5004,98,2,1,0.44346070289611816,0.44791755080223083,500.0,500.0,443.99481201171875
old_reserved,focus,5004,99,2,1,0.44791755080223083,0.4524191915988922,500.0,500.0,464.6875
old_reserved,focus,5004,100,2,1,0.4524191915988922,0.4569660723209381,500.0,500.0,460.71875
old_reserved,focus,5004,101,2,1,0.4569660723209381,0.46155866980552673,500.0,500.0,454.6302185058594
old_reserved,focus,5004,102,2,1,0.46155866980552673,0.4661974310874939,500.0,500.0,460.0625
old_reserved,focus,5004,103,2,1,0.4661974310874939,0.4708828032016754,500.0,500.0,417.0416564941406
old_reserved,focus,5004,104,2,1,0.4708828032016754,0.4756152629852295,500.0,500.0,455.796875
old_reserved,focus,5004,105,2,1,0.4756152629852295,0.48039528727531433,500.0,500.0,448.36456298828125
old_reserved,focus,5004,106,2,1,0.48039528727531433,0.48522335290908813,500.0,500.0,449.03125
old_reserved,focus,5004,107,2,1,0.48522335290908813,0.4900999367237091,500.0,500.0,462.7708435058594
old_reserved,focus,5004,108,2,1,0.4900999367237091,0.49502551555633545,500.0,500.0,466.21875
old_reserved,focus,5004,109,2,1,0.49502551555633545,0.5,500.0,500.0,456.2916564941406
old_reserved,focus,5004,110,2,1,0.5,0.5,500.0,500.0,477.609375
old_reserved,focus,5004,111,2,1,0.5,0.5,500.0,500.0,444.734375
old_reserved,focus,5004,112,2,1,0.5,0.5,500.0,500.0,464.95831298828125
old_reserved,focus,5004,113,2,1,0.5,0.5,500.0,500.0,459.7395935058594
old_reserved,focus,5004,114,2,1,0.5,0.5,500.0,500.0,482.29168701171875
old_reserved,focus,5004,115,2,1,0.5,0.5,500.0,500.0,489.453125
old_reserved,focus,5004,116,2,1,0.5,0.5,500.0,500.0,479.109375
old_reserved,focus,5004,117,2,1,0.5,0.5,500.0,500.0,488.9322814941406
old_reserved,focus,5004,118,2,1,0.5,0.5,500.0,500.0,484.91668701171875
old_reserved,focus,5004,119,2,1,0.5,0.5,500.0,500.0,460.0989685058594
old_reserved,focus,5004,120,2,1,0.5,0.5,500.0,500.0,486.609375
old_reserved,focus,5004,121,2,1,0.5,0.5,500.0,500.0,458.4635009765625
old_reserved,focus,5004,122,2,1,0.5,0.5,500.0,500.0,482.7552185058594
old_reserved,focus,5004,123,2,1,0.5,0.5,500.0,500.0,482.90625
old_reserved,focus,5004,124,2,1,0.5,0.5,500.0,500.0,481.1354064941406
old_reserved,focus,5004,125,2,1,0.5,0.5,500.0,500.0,475.2760009765625
old_reserved,focus,5004,126,2,1,0.5,0.5,500.0,500.0,475.08331298828125
old_reserved,focus,5004,127,2,1,0.5,0.5,500.0,500.0,442.1614990234375
old_reserved,focus,5004,128,2,1,0.5,0.5,500.0,500.0,469.29168701171875
old_reserved,focus,5004,129,2,1,0.5,0.5,500.0,500.0,475.27606201171875
old_reserved,focus,5004,130,2,1,0.5,0.5,500.0,500.0,477.375
old_reserved,focus,5004,131,2,1,0.5,0.5,500.0,500.0,468.55731201171875
old_reserved,focus,5004,132,2,1,0.5,0.5,500.0,500.0,458.5260009765625
old_reserved,focus,5004,133,2,1,0.5,0.5,500.0,500.0,468.8437805175781
old_reserved,focus,5004,134,2,1,0.5,0.5,500.0,500.0,458.79168701171875
old_reserved,focus,5004,135,2,1,0.5,0.5,500.0,500.0,464.8177185058594
old_reserved,focus,5004,136,2,1,0.5,0.5,500.0,500.0,465.78125
old_reserved,focus,5004,137,2,1,0.5,0.5,500.0,500.0,461.17706298828125
old_reserved,focus,5004,138,2,1,0.5,0.5,500.0,500.0,477.96875
old_reserved,focus,5004,139,2,1,0.5,0.5,500.0,500.0,430.13543701171875
old_reserved,focus,5004,140,2,1,0.5,0.5,500.0,500.0,470.609375
old_reserved,focus,5004,141,2,1,0.5,0.5,500.0,500.0,477.859375
old_reserved,focus,5004,142,2,1,0.5,0.5,500.0,500.0,489.5677185058594
old_reserved,focus,5004,143,2,1,0.5,0.5,500.0,500.0,491.53125
old_reserved,focus,5004,144,2,1,0.5,0.5,500.0,500.0,471.9375
old_reserved,focus,5004,145,2,1,0.5,0.5,500.0,500.0,466.5416259765625
old_reserved,focus,5004,146,2,1,0.5,0.5,500.0,500.0,479.58331298828125
old_reserved,focus,5004,147,2,1,0.5,0.5,500.0,500.0,469.91668701171875
old_reserved,focus,5004,148,2,1,0.5,0.5,500.0,500.0,482.32293701171875
old_reserved,focus,5004,149,2,1,0.5,0.5,500.0,500.0,479.046875
old_reserved,focus,5004,150,2,1,0.5,0.5,500.0,500.0,486.171875
old_reserved,focus,5004,151,2,1,0.5,0.5,500.0,500.0,475.4375
old_reserved,focus,5004,152,2,1,0.5,0.5,500.0,500.0,488.70831298828125
old_reserved,focus,5004,153,2,1,0.5,0.5,500.0,500.0,485.359375
old_reserved,focus,5004,154,2,1,0.5,0.5,500.0,500.0,490.21875
old_reserved,focus,5004,155,2,1,0.5,0.5,500.0,500.0,460.46875
old_reserved,focus,5004,156,2,1,0.5,0.5,500.0,500.0,475.734375
old_reserved,focus,5004,157,2,1,0.5,0.5,500.0,500.0,468.3333435058594
old_reserved,focus,5004,158,2,1,0.5,0.5,500.0,500.0,449.83331298828125
old_reserved,focus,5004,159,2,1,0.5,0.5,500.0,500.0,462.76043701171875
old_reserved,focus,5004,160,3,0,0.5,0.5,500.0,500.0,358.046875
old_reserved,focus,5004,161,3,0,0.5,0.5,500.0,500.0,453.76043701171875
old_reserved,focus,5004,162,3,0,0.5,0.5,500.0,500.0,456.9322814941406
old_reserved,focus,5004,163,3,0,0.5,0.5,500.0,500.0,446.6875
old_reserved,focus,5004,164,3,0,0.5,0.5,500.0,500.0,484.640625
old_reserved,focus,5004,165,3,0,0.5,0.5,500.0,500.0,464.52606201171875
old_reserved,focus,5004,166,3,0,0.5,0.5,500.0,500.0,482.03125
old_reserved,focus,5004,167,3,0,0.5,0.5,500.0,500.0,471.65625
old_reserved,focus,5004,168,3,0,0.5,0.5,500.0,500.0,446.96875
old_reserved,focus,5004,169,3,0,0.5,0.5,500.0,500.0,484.4791259765625
old_reserved,focus,5004,170,3,0,0.5,0.5,500.0,500.0,453.09893798828125
old_reserved,focus,5004,171,3,0,0.5,0.5,500.0,500.0,482.015625
old_reserved,focus,5004,172,3,0,0.5,0.5,500.0,500.0,473.10418701171875
old_reserved,focus,5004,173,3,0,0.5,0.5,500.0,500.0,458.07293701171875
old_reserved,focus,5004,174,3,0,0.5,0.5,500.0,500.0,448.4479064941406
old_reserved,focus,5004,175,3,0,0.5,0.5,500.0,500.0,452.984375
old_reserved,focus,5004,176,3,0,0.5,0.5,500.0,500.0,476.6875
old_reserved,focus,5004,177,3,0,0.5,0.5,500.0,500.0,466.1666564941406
old_reserved,focus,5004,178,3,0,0.5,0.5,500.0,500.0,471.95831298828125
old_reserved,focus,5004,179,3,0,0.5,0.5,500.0,500.0,453.83856201171875
old_reserved,focus,5004,180,3,0,0.5,0.5,500.0,500.0,471.80206298828125
old_reserved,focus,5004,181,3,0,0.5,0.5,500.0,500.0,477.17706298828125
old_reserved,focus,5004,182,3,0,0.5,0.5,500.0,500.0,478.19268798828125
old_reserved,focus,5004,183,3,0,0.5,0.5,500.0,500.0,477.40106201171875
old_reserved,focus,5004,184,3,0,0.5,0.5,500.0,500.0,458.59375
old_reserved,focus,5004,185,3,0,0.5,0.5,500.0,500.0,466.1875
old_reserved,focus,5004,186,3,0,0.5,0.5,500.0,500.0,476.375
old_reserved,focus,5004,187,3,0,0.5,0.5,500.0,500.0,484.22393798828125
old_reserved,focus,5004,188,3,0,0.5,0.5,500.0,500.0,495.97918701171875
old_reserved,focus,5004,189,3,0,0.5,0.5,500.0,500.0,464.57293701171875
old_reserved,focus,5004,190,3,0,0.5,0.5,500.0,500.0,473.72393798828125
old_reserved,focus,5004,191,3,0,0.5,0.5,500.0,500.0,471.9687805175781
old_reserved,focus,5004,192,3,0,0.5,0.5,500.0,500.0,469.63018798828125
old_reserved,focus,5004,193,3,0,0.5,0.5,500.0,500.0,477.38543701171875
old_reserved,focus,5004,194,3,0,0.5,0.5,500.0,500.0,482.765625
old_reserved,focus,5004,195,3,0,0.5,0.5,500.0,500.0,484.30731201171875
old_reserved,focus,5004,196,3,0,0.5,0.5,500.0,500.0,487.23956298828125
old_reserved,focus,5004,197,3,0,0.5,0.5,500.0,500.0,465.6875
old_reserved,focus,5004,198,3,0,0.5,0.5,500.0,500.0,495.953125
old_reserved,focus,5004,199,3,0,0.5,0.5,500.0,500.0,493.6875
old_reserved,focus,5004,200,3,0,0.5,0.5,500.0,500.0,485.24481201171875
old_reserved,focus,5004,201,3,0,0.5,0.5,500.0,500.0,476.69268798828125
old_reserved,focus,5004,202,3,0,0.5,0.5,500.0,500.0,456.02081298828125
old_reserved,focus,5004,203,3,0,0.5,0.5,500.0,500.0,479.328125
old_reserved,focus,5004,204,3,0,0.5,0.5,500.0,500.0,491.0104064941406
old_reserved,focus,5004,205,3,0,0.5,0.5,500.0,500.0,494.2239685058594
old_reserved,focus,5004,206,3,0,0.5,0.5,500.0,500.0,497.265625
old_reserved,focus,5004,207,3,0,0.5,0.5,500.0,500.0,459.3125
old_reserved,focus,5004,208,3,0,0.5,0.5,500.0,500.0,447.046875
old_reserved,focus,5004,209,3,0,0.5,0.5,500.0,500.0,465.63018798828125
old_reserved,focus,5004,210,3,0,0.5,0.5,500.0,500.0,481.08331298828125
old_reserved,focus,5004,211,3,0,0.5,0.5,500.0,500.0,488.65625
old_reserved,focus,5004,212,3,0,0.5,0.5,500.0,500.0,488.375
old_reserved,focus,5004,213,3,0,0.5,0.5,500.0,500.0,491.3958435058594
old_reserved,focus,5004,214,3,0,0.5,0.5,500.0,500.0,494.6510314941406
old_reserved,focus,5004,215,3,0,0.5,0.5,500.0,500.0,492.34375
old_reserved,focus,5004,216,3,0,0.5,0.5,500.0,500.0,479.71875
old_reserved,focus,5004,217,3,0,0.5,0.5,500.0,500.0,482.49481201171875
old_reserved,focus,5004,218,3,0,0.5,0.5,500.0,500.0,481.91668701171875
old_reserved,focus,5004,219,3,0,0.5,0.5,500.0,479.3000183105469,482.328125
old_reserved,focus,5004,220,3,0,0.5,0.5,500.0,478.8999938964844,488.58331298828125
old_reserved,focus,5004,221,3,0,0.5,0.5,500.0,332.3000183105469,479.328125
old_reserved,focus,5004,222,3,0,0.5,0.5,500.0,374.3000183105469,483.03643798828125
old_reserved,focus,5004,223,3,0,0.5,0.5,500.0,325.70001220703125,494.13543701171875
old_reserved,focus,5004,224,3,0,0.5,0.5,500.0,305.3999938964844,497.08331298828125
old_reserved,focus,5004,225,3,0,0.5,0.5,500.0,293.0,479.546875
old_reserved,focus,5004,226,3,0,0.5,0.5,500.0,277.6000061035156,485.765625
old_reserved,focus,5004,227,3,0,0.5,0.5,500.0,264.1000061035156,489.69793701171875
old_reserved,focus,5004,228,3,0,0.5,0.5,500.0,268.0,462.8854064941406
old_reserved,focus,5004,229,3,0,0.5,0.5,500.0,371.20001220703125,481.31768798828125
old_reserved,focus,5004,230,3,0,0.5,0.5,500.0,329.6000061035156,483.8177185058594
old_reserved,focus,5004,231,3,0,0.5,0.5,500.0,325.3999938964844,481.5416564941406
old_reserved,focus,5004,232,3,0,0.5,0.5,500.0,392.0,479.65106201171875
old_reserved,focus,5004,233,3,0,0.5,0.5,500.0,441.70001220703125,486.4739685058594
old_reserved,focus,5004,234,3,0,0.5,0.5,500.0,388.8999938964844,474.046875
old_reserved,focus,5004,235,3,0,0.5,0.5,500.0,478.8000183105469,491.68231201171875
old_reserved,focus,5004,236,3,0,0.5,0.5,500.0,500.0,486.3802185058594
old_reserved,focus,5004,237,3,0,0.5,0.5,500.0,495.0,457.16668701171875
old_reserved,focus,5004,238,3,0,0.5,0.5,500.0,500.0,492.9166564941406
old_reserved,focus,5004,239,3,0,0.5,0.5,500.0,500.0,487.13018798828125
old_reserved,focus,5004,240,4,1,0.5,0.5,500.0,500.0,433.25518798828125
old_reserved,focus,5004,241,4,1,0.5,0.5,500.0,500.0,487.0989685058594
old_reserved,focus,5004,242,4,1,0.5,0.5,500.0,500.0,467.2291564941406
old_reserved,focus,5004,243,4,1,0.5,0.5,500.0,500.0,471.609375
old_reserved,focus,5004,244,4,1,0.5,0.5,500.0,500.0,499.4166564941406
old_reserved,focus,5004,245,4,1,0.5,0.5,500.0,500.0,489.25518798828125
old_reserved,focus,5004,246,4,1,0.5,0.5,500.0,500.0,482.06768798828125
old_reserved,focus,5004,247,4,1,0.5,0.5,500.0,500.0,492.1041564941406
old_reserved,focus,5004,248,4,1,0.5,0.5,500.0,500.0,489.33856201171875
old_reserved,focus,5004,249,4,1,0.5,0.5,500.0,500.0,492.7552185058594
old_reserved,focus,5004,250,4,1,0.5,0.5,500.0,500.0,490.9895935058594
old_reserved,focus,5004,251,4,1,0.5,0.5,500.0,500.0,495.75
old_reserved,focus,5004,252,4,1,0.5,0.5,500.0,500.0,476.609375
old_reserved,focus,5004,253,4,1,0.5,0.5,500.0,500.0,489.65625
old_reserved,focus,5004,254,4,1,0.5,0.5,500.0,500.0,498.375
old_reserved,focus,5004,255,4,1,0.5,0.5,500.0,500.0,467.64581298828125
old_reserved,focus,5004,256,4,1,0.5,0.5,500.0,500.0,480.42706298828125
old_reserved,focus,5004,257,4,1,0.5,0.5,500.0,500.0,490.85418701171875
old_reserved,focus,5004,258,4,1,0.5,0.5,500.0,500.0,481.609375
old_reserved,focus,5004,259,4,1,0.5,0.5,500.0,500.0,490.2552185058594
old_reserved,focus,5004,260,4,1,0.5,0.5,500.0,500.0,479.86981201171875
old_reserved,focus,5004,261,4,1,0.5,0.5,500.0,500.0,482.7916564941406
old_reserved,focus,5004,262,4,1,0.5,0.5,500.0,500.0,490.8489685058594
old_reserved,focus,5004,263,4,1,0.5,0.5,500.0,500.0,488.54168701171875
old_reserved,focus,5004,264,4,1,0.5,0.5,500.0,500.0,497.5989685058594
old_reserved,focus,5004,265,4,1,0.5,0.5,500.0,500.0,490.25
old_reserved,focus,5004,266,4,1,0.5,0.5,500.0,500.0,495.25
old_reserved,focus,5004,267,4,1,0.5,0.5,500.0,500.0,487.73956298828125
old_reserved,focus,5004,268,4,1,0.5,0.5,500.0,500.0,500.0
old_reserved,focus,5004,269,4,1,0.5,0.5,500.0,500.0,500.0
old_reserved,focus,5004,270,4,1,0.5,0.5,500.0,500.0,495.921875
old_reserved,focus,5004,271,4,1,0.5,0.5,500.0,500.0,492.08331298828125
old_reserved,focus,5004,272,4,1,0.5,0.5,500.0,500.0,490.703125
old_reserved,focus,5004,273,4,1,0.5,0.5,500.0,500.0,493.3489685058594
old_reserved,focus,5004,274,4,1,0.5,0.5,500.0,500.0,473.53643798828125
old_reserved,focus,5004,275,4,1,0.5,0.5,500.0,500.0,485.55206298828125
old_reserved,focus,5004,276,4,1,0.5,0.5,500.0,500.0,492.0885314941406
old_reserved,focus,5004,277,4,1,0.5,0.5,500.0,462.5,475.578125
old_reserved,focus,5004,278,4,1,0.5,0.5,500.0,500.0,492.57293701171875
old_reserved,focus,5004,279,4,1,0.5,0.5,500.0,500.0,481.84375
old_reserved,focus,5004,280,4,1,0.5,0.5,500.0,500.0,470.421875
old_reserved,focus,5004,281,4,1,0.5,0.5,500.0,500.0,478.0
old_reserved,focus,5004,282,4,1,0.5,0.5,500.0,500.0,487.6458435058594
old_reserved,focus,5004,283,4,1,0.5,0.5,500.0,461.0,479.2916564941406
old_reserved,focus,5004,284,4,1,0.5,0.5,500.0,500.0,489.625
old_reserved,focus,5004,285,4,1,0.5,0.5,500.0,500.0,487.515625
old_reserved,focus,5004,286,4,1,0.5,0.5,500.0,457.8999938964844,488.3958435058594
old_reserved,focus,5004,287,4,1,0.5,0.5,500.0,500.0,477.8125
old_reserved,focus,5004,288,4,1,0.5,0.5,500.0,500.0,487.5052185058594
old_reserved,focus,5004,289,4,1,0.5,0.5,500.0,500.0,493.109375
old_reserved,focus,5004,290,4,1,0.5,0.5,500.0,500.0,485.0729064941406
old_reserved,focus,5004,291,4,1,0.5,0.5,500.0,337.3999938964844,486.453125
old_reserved,focus,5004,292,4,1,0.5,0.5,500.0,500.0,475.265625
old_reserved,focus,5004,293,4,1,0.5,0.5,500.0,264.6000061035156,487.421875
old_reserved,focus,5004,294,4,1,0.5,0.5,500.0,419.8000183105469,480.28125
old_reserved,focus,5004,295,4,1,0.5,0.5,500.0,500.0,483.47393798828125
old_reserved,focus,5004,296,4,1,0.5,0.5,500.0,500.0,482.1927185058594
old_reserved,focus,5004,297,4,1,0.5,0.5,500.0,500.0,475.734375
old_reserved,focus,5004,298,4,1,0.5,0.5,500.0,500.0,483.515625
old_reserved,focus,5004,299,4,1,0.5,0.5,500.0,500.0,500.0
old_reserved,focus,5004,300,4,1,0.5,0.5,500.0,500.0,498.5
old_reserved,focus,5004,301,4,1,0.5,0.5,500.0,500.0,491.0729064941406
old_reserved,focus,5004,302,4,1,0.5,0.5,500.0,500.0,483.59375
old_reserved,focus,5004,303,4,1,0.5,0.5,500.0,500.0,486.51043701171875
old_reserved,focus,5004,304,4,1,0.5,0.5,500.0,500.0,488.625
old_reserved,focus,5004,305,4,1,0.5,0.5,500.0,500.0,494.140625
old_reserved,focus,5004,306,4,1,0.5,0.5,500.0,500.0,495.453125
old_reserved,focus,5004,307,4,1,0.5,0.5,500.0,500.0,491.69793701171875
old_reserved,focus,5004,308,4,1,0.5,0.5,500.0,500.0,485.0572814941406
old_reserved,focus,5004,309,4,1,0.5,0.5,500.0,500.0,496.97393798828125
old_reserved,focus,5004,310,4,1,0.5,0.5,500.0,500.0,496.45831298828125
old_reserved,focus,5004,311,4,1,0.5,0.5,500.0,500.0,497.58331298828125
old_reserved,focus,5004,312,4,1,0.5,0.5,500.0,500.0,483.19268798828125
old_reserved,focus,5004,313,4,1,0.5,0.5,500.0,500.0,484.0989990234375
old_reserved,focus,5004,314,4,1,0.5,0.5,500.0,500.0,480.85418701171875
old_reserved,focus,5004,315,4,1,0.5,0.5,500.0,500.0,490.30206298828125
old_reserved,focus,5004,316,4,1,0.5,0.5,500.0,500.0,496.21875
old_reserved,focus,5004,317,4,1,0.5,0.5,500.0,500.0,492.40106201171875
old_reserved,focus,5004,318,4,1,0.5,0.5,500.0,500.0,488.2239685058594
old_reserved,focus,5004,319,4,1,0.5,0.5,500.0,500.0,469.1927185058594
old_reserved,focus,5005,0,1,0,0.5,0.4569655954837799,9.300000190734863,9.40000057220459,10.255208969116211
old_reserved,focus,5005,1,1,0,0.4569655954837799,0.41763511300086975,9.600000381469727,9.100000381469727,12.65625
old_reserved,focus,5005,2,1,0,0.41763511300086975,0.3828843832015991,9.90000057220459,9.300000190734863,15.255208015441895
old_reserved,focus,5005,3,1,0,0.3828843832015991,0.3499299883842468,9.0,9.199999809265137,22.317707061767578
old_reserved,focus,5005,4,1,0,0.3499299883842468,0.31981194019317627,9.40000057220459,9.100000381469727,34.34375
old_reserved,focus,5005,5,1,0,0.31981194019317627,0.29228609800338745,36.10000228881836,29.899999618530273,44.302085876464844
old_reserved,focus,5005,6,1,0,0.29228609800338745,0.26712939143180847,51.400001525878906,42.29999923706055,48.13020324707031
old_reserved,focus,5005,7,1,0,0.26712939143180847,0.24413788318634033,65.80000305175781,55.400001525878906,62.911460876464844
old_reserved,focus,5005,8,1,0,0.24413788318634033,0.23310363292694092,74.70000457763672,59.900001525878906,79.83854675292969
old_reserved,focus,5005,9,1,0,0.23310363292694092,0.21304067969322205,95.0999984741211,62.29999923706055,125.22915649414062
old_reserved,focus,5005,10,1,0,0.21304067969322205,0.19901061058044434,201.0,400.20001220703125,152.640625
old_reserved,focus,5005,11,1,0,0.19901061058044434,0.18532446026802063,393.5,464.5,179.78123474121094
old_reserved,focus,5005,12,1,0,0.18532446026802063,0.18602071702480316,460.0,328.5,207.8697967529297
old_reserved,focus,5005,13,1,0,0.18602071702480316,0.1838247925043106,500.0,331.1000061035156,236.81253051757812
old_reserved,focus,5005,14,1,0,0.1838247925043106,0.18567226827144623,500.0,414.0,270.9739685058594
old_reserved,focus,5005,15,1,0,0.18567226827144623,0.18753831088542938,500.0,413.70001220703125,288.484375
old_reserved,focus,5005,16,1,0,0.18753831088542938,0.1894230991601944,500.0,312.8999938964844,358.40618896484375
old_reserved,focus,5005,17,1,0,0.1894230991601944,0.19132684171199799,500.0,284.0,381.125
old_reserved,focus,5005,18,1,0,0.19132684171199799,0.19324971735477448,500.0,336.8999938964844,356.15625
old_reserved,focus,5005,19,1,0,0.19324971735477448,0.1951919049024582,500.0,347.8000183105469,322.7447814941406
old_reserved,focus,5005,20,1,0,0.1951919049024582,0.19715361297130585,500.0,389.3000183105469,377.74481201171875
old_reserved,focus,5005,21,1,0,0.19715361297130585,0.19913503527641296,500.0,500.0,353.05731201171875
old_reserved,focus,5005,22,1,0,0.19913503527641296,0.20113638043403625,500.0,500.0,381.3229064941406
old_reserved,focus,5005,23,1,0,0.20113638043403625,0.20315784215927124,500.0,500.0,391.33856201171875
old_reserved,focus,5005,24,1,0,0.20315784215927124,0.20519961416721344,500.0,500.0,386.05206298828125
old_reserved,focus,5005,25,1,0,0.20519961416721344,0.20726190507411957,500.0,500.0,333.0572814941406
old_reserved,focus,5005,26,1,0,0.20726190507411957,0.20934492349624634,500.0,500.0,399.53125
old_reserved,focus,5005,27,1,0,0.20934492349624634,0.21144887804985046,500.0,500.0,406.61981201171875
old_reserved,focus,5005,28,1,0,0.21144887804985046,0.21357397735118866,500.0,500.0,390.1822814941406
old_reserved,focus,5005,29,1,0,0.21357397735118866,0.21572043001651764,500.0,500.0,390.90625
old_reserved,focus,5005,30,1,0,0.21572043001651764,0.2178884595632553,500.0,500.0,401.61981201171875
old_reserved,focus,5005,31,1,0,0.2178884595632553,0.2200782746076584,500.0,500.0,401.8645935058594
old_reserved,focus,5005,32,1,0,0.2200782746076584,0.22229009866714478,500.0,500.0,376.9375
old_reserved,focus,5005,33,1,0,0.22229009866714478,0.22452415525913239,500.0,500.0,395.3072814941406
old_reserved,focus,5005,34,1,0,0.22452415525913239,0.22678066790103912,500.0,500.0,392.84375
old_reserved,focus,5005,35,1,0,0.22678066790103912,0.2290598601102829,500.0,500.0,381.296875
old_reserved,focus,5005,36,1,0,0.2290598601102829,0.23136195540428162,500.0,500.0,426.140625
old_reserved,focus,5005,37,1,0,0.23136195540428162,0.23368717730045319,500.0,500.0,438.04168701171875
old_reserved,focus,5005,38,1,0,0.23368717730045319,0.2360357791185379,500.0,500.0,434.0885314941406
old_reserved,focus,5005,39,1,0,0.2360357791185379,0.23840798437595367,500.0,500.0,441.578125
old_reserved,focus,5005,40,1,0,0.23840798437595367,0.2408040314912796,500.0,500.0,447.515625
old_reserved,focus,5005,41,1,0,0.2408040314912796,0.2432241588830948,500.0,451.8999938964844,432.921875
old_reserved,focus,5005,42,1,0,0.2432241588830948,0.24566860496997833,500.0,302.1000061035156,405.296875
old_reserved,focus,5005,43,1,0,0.24566860496997833,0.24813762307167053,500.0,487.1000061035156,408.21875
old_reserved,focus,5005,44,1,0,0.24813762307167053,0.2506314516067505,500.0,500.0,448.21875
old_reserved,focus,5005,45,1,0,0.2506314516067505,0.2531503438949585,500.0,500.0,428.9895935058594
old_reserved,focus,5005,46,1,0,0.2531503438949585,0.25569453835487366,500.0,500.0,445.7552185058594
old_reserved,focus,5005,47,1,0,0.25569453835487366,0.25826430320739746,500.0,500.0,421.40625
old_reserved,focus,5005,48,1,0,0.25826430320739746,0.2608599066734314,500.0,500.0,412.28125
old_reserved,focus,5005,49,1,0,0.2608599066734314,0.26348158717155457,500.0,500.0,384.3072814941406
old_reserved,focus,5005,50,1,0,0.26348158717155457,0.26612961292266846,500.0,500.0,406.74481201171875
old_reserved,focus,5005,51,1,0,0.26612961292266846,0.26880425214767456,500.0,500.0,417.171875
old_reserved,focus,5005,52,1,0,0.26880425214767456,0.27150577306747437,500.0,500.0,413.671875
old_reserved,focus,5005,53,1,0,0.27150577306747437,0.27423444390296936,500.0,500.0,398.91668701171875
old_reserved,focus,5005,54,1,0,0.27423444390296936,0.2769905626773834,500.0,500.0,419.76043701171875
old_reserved,focus,5005,55,1,0,0.2769905626773834,0.27977436780929565,500.0,500.0,424.953125
old_reserved,focus,5005,56,1,0,0.27977436780929565,0.28258615732192993,500.0,500.0,398.984375
old_reserved,focus,5005,57,1,0,0.28258615732192993,0.28542619943618774,500.0,500.0,462.703125
old_reserved,focus,5005,58,1,0,0.28542619943618774,0.28829479217529297,500.0,500.0,422.6875
old_reserved,focus,5005,59,1,0,0.28829479217529297,0.2911922037601471,500.0,500.0,428.6145935058594
old_reserved,focus,5005,60,1,0,0.2911922037601471,0.294118732213974,500.0,500.0,455.40106201171875
old_reserved,focus,5005,61,1,0,0.294118732213974,0.29707467555999756,500.0,500.0,421.8906555175781
old_reserved,focus,5005,62,1,0,0.29707467555999756,0.30006033182144165,500.0,500.0,460.44268798828125
old_reserved,focus,5005,63,1,0,0.30006033182144165,0.30307599902153015,500.0,500.0,446.69793701171875
old_reserved,focus,5005,64,1,0,0.30307599902153015,0.30612197518348694,500.0,500.0,451.02081298828125
old_reserved,focus,5005,65,1,0,0.30612197518348694,0.3091985583305359,500.0,500.0,469.51043701171875
old_reserved,focus,5005,66,1,0,0.3091985583305359,0.3123060464859009,500.0,500.0,480.59375
old_reserved,focus,5005,67,1,0,0.3123060464859009,0.3154447674751282,500.0,500.0,451.69793701171875
old_reserved,focus,5005,68,1,0,0.3154447674751282,0.31861504912376404,500.0,500.0,444.4322814941406
old_reserved,focus,5005,69,1,0,0.31861504912376404,0.32181718945503235,500.0,500.0,446.66143798828125
old_reserved,focus,5005,70,1,0,0.32181718945503235,0.32505151629447937,500.0,500.0,459.984375
old_reserved,focus,5005,71,1,0,0.32505151629447937,0.328318327665329,500.0,500.0,418.91143798828125
old_reserved,focus,5005,72,1,0,0.328318327665329,0.33161798119544983,500.0,500.0,410.515625
old_reserved,focus,5005,73,1,0,0.33161798119544983,0.30307602882385254,500.0,500.0,447.7760314941406
old_reserved,focus,5005,74,1,0,0.30307602882385254,0.3061220049858093,500.0,500.0,447.03643798828125
old_reserved,focus,5005,75,1,0,0.3061220049858093,0.3091985881328583,500.0,500.0,480.0989685058594
old_reserved,focus,5005,76,1,0,0.3091985881328583,0.31230607628822327,500.0,500.0,461.1302185058594
old_reserved,focus,5005,77,1,0,0.31230607628822327,0.31544479727745056,500.0,500.0,440.40625
old_reserved,focus,5005,78,1,0,0.31544479727745056,0.3186150789260864,500.0,500.0,488.02081298828125
old_reserved,focus,5005,79,1,0,0.3186150789260864,0.32181721925735474,500.0,500.0,468.48956298828125
old_reserved,focus,5005,80,2,1,0.32181721925735474,0.32505154609680176,500.0,500.0,438.28643798828125
old_reserved,focus,5005,81,2,1,0.32505154609680176,0.32831835746765137,500.0,500.0,482.1302185058594
old_reserved,focus,5005,82,2,1,0.32831835746765137,0.3316180109977722,500.0,500.0,448.58331298828125
old_reserved,focus,5005,83,2,1,0.3316180109977722,0.33495083451271057,500.0,500.0,442.375
old_reserved,focus,5005,84,2,1,0.33495083451271057,0.3383171558380127,500.0,500.0,463.578125
old_reserved,focus,5005,85,2,1,0.3383171558380127,0.34171730279922485,500.0,500.0,462.171875
old_reserved,focus,5005,86,2,1,0.34171730279922485,0.3451516330242157,500.0,500.0,448.265625
old_reserved,focus,5005,87,2,1,0.3451516330242157,0.3486204743385315,500.0,500.0,447.33856201171875
old_reserved,focus,5005,88,2,1,0.3486204743385315,0.3521241843700409,500.0,500.0,478.171875
old_reserved,focus,5005,89,2,1,0.3521241843700409,0.35566309094429016,500.0,500.0,472.375
old_reserved,focus,5005,90,2,1,0.35566309094429016,0.35923758149147034,500.0,500.0,457.3958435058594
old_reserved,focus,5005,91,2,1,0.35923758149147034,0.3628479838371277,500.0,500.0,475.78643798828125
old_reserved,focus,5005,92,2,1,0.3628479838371277,0.36649465560913086,500.0,500.0,486.15625
old_reserved,focus,5005,93,2,1,0.36649465560913086,0.3701779842376709,500.0,500.0,450.265625
old_reserved,focus,5005,94,2,1,0.3701779842376709,0.37389832735061646,500.0,500.0,466.625
old_reserved,focus,5005,95,2,1,0.37389832735061646,0.37765607237815857,500.0,500.0,458.41668701171875
old_reserved,focus,5005,96,2,1,0.37765607237815857,0.3814515769481659,500.0,500.0,458.53125
old_reserved,focus,5005,97,2,1,0.3814515769481659,0.38528522849082947,500.0,500.0,448.8541564941406
old_reserved,focus,5005,98,2,1,0.38528522849082947,0.38915741443634033,500.0,500.0,477.28643798828125
old_reserved,focus,5005,99,2,1,0.38915741443634033,0.3930685222148895,500.0,500.0,439.05731201171875
old_reserved,focus,5005,100,2,1,0.3930685222148895,0.3970189392566681,500.0,500.0,481.7395935058594
old_reserved,focus,5005,101,2,1,0.3970189392566681,0.40100905299186707,500.0,500.0,453.7083435058594
old_reserved,focus,5005,102,2,1,0.40100905299186707,0.4050392508506775,500.0,500.0,463.92706298828125
old_reserved,focus,5005,103,2,1,0.4050392508506775,0.4091099798679352,500.0,500.0,473.46875
old_reserved,focus,5005,104,2,1,0.4091099798679352,0.4132215976715088,500.0,500.0,494.25
old_reserved,focus,5005,105,2,1,0.4132215976715088,0.41737455129623413,500.0,500.0,461.7552185058594
old_reserved,focus,5005,106,2,1,0.41737455129623413,0.42156922817230225,500.0,500.0,470.828125
old_reserved,focus,5005,107,2,1,0.42156922817230225,0.42580607533454895,500.0,500.0,473.546875
old_reserved,focus,5005,108,2,1,0.42580607533454895,0.43008551001548767,500.0,500.0,476.04168701171875
old_reserved,focus,5005,109,2,1,0.43008551001548767,0.43440794944763184,500.0,500.0,476.3697814941406
old_reserved,focus,5005,110,2,1,0.43440794944763184,0.43877384066581726,500.0,500.0,471.203125
old_reserved,focus,5005,111,2,1,0.43877384066581726,0.4431836009025574,500.0,500.0,470.33856201171875
old_reserved,focus,5005,112,2,1,0.4431836009025574,0.447637677192688,500.0,500.0,459.265625
old_reserved,focus,5005,113,2,1,0.447637677192688,0.4521365165710449,500.0,500.0,472.24481201171875
old_reserved,focus,5005,114,2,1,0.4521365165710449,0.456680566072464,500.0,500.0,472.6822814941406
old_reserved,focus,5005,115,2,1,0.456680566072464,0.461270272731781,500.0,500.0,467.5260009765625
old_reserved,focus,5005,116,2,1,0.461270272731781,0.4659061133861542,500.0,500.0,480.6614685058594
old_reserved,focus,5005,117,2,1,0.4659061133861542,0.4705885648727417,500.0,500.0,485.1041564941406
old_reserved,focus,5005,118,2,1,0.4705885648727417,0.4753180742263794,500.0,500.0,483.56768798828125
old_reserved,focus,5005,119,2,1,0.4753180742263794,0.48009511828422546,500.0,500.0,456.04168701171875
old_reserved,focus,5005,120,2,1,0.48009511828422546,0.4849201738834381,500.0,500.0,466.6927185058594
old_reserved,focus,5005,121,2,1,0.4849201738834381,0.48979371786117554,500.0,500.0,477.1822814941406
old_reserved,focus,5005,122,2,1,0.48979371786117554,0.49471622705459595,500.0,500.0,441.66143798828125
old_reserved,focus,5005,123,2,1,0.49471622705459595,0.49968820810317993,500.0,500.0,482.8645935058594
old_reserved,focus,5005,124,2,1,0.49968820810317993,0.5,500.0,500.0,465.1354064941406
old_reserved,focus,5005,125,2,1,0.5,0.5,500.0,500.0,476.21875
old_reserved,focus,5005,126,2,1,0.5,0.5,500.0,500.0,473.35418701171875
old_reserved,focus,5005,127,2,1,0.5,0.5,500.0,500.0,468.33331298828125
old_reserved,focus,5005,128,2,1,0.5,0.5,500.0,500.0,431.9844055175781
old_reserved,focus,5005,129,2,1,0.5,0.5,500.0,500.0,456.7447814941406
old_reserved,focus,5005,130,2,1,0.5,0.5,500.0,500.0,470.90625
old_reserved,focus,5005,131,2,1,0.5,0.5,500.0,500.0,448.93231201171875
old_reserved,focus,5005,132,2,1,0.5,0.5,500.0,500.0,467.84893798828125
old_reserved,focus,5005,133,2,1,0.5,0.5,500.0,418.70001220703125,473.5364685058594
old_reserved,focus,5005,134,2,1,0.5,0.5,500.0,488.8999938964844,461.41668701171875
old_reserved,focus,5005,135,2,1,0.5,0.5,500.0,406.1000061035156,464.13543701171875
old_reserved,focus,5005,136,2,1,0.5,0.5,500.0,369.6000061035156,470.21356201171875
old_reserved,focus,5005,137,2,1,0.5,0.5,500.0,381.5,481.4270935058594
old_reserved,focus,5005,138,2,1,0.5,0.5,500.0,400.6000061035156,469.72918701171875
old_reserved,focus,5005,139,2,1,0.5,0.5,500.0,441.6000061035156,453.5625
old_reserved,focus,5005,140,2,1,0.5,0.5,500.0,461.0,472.55731201171875
old_reserved,focus,5005,141,2,1,0.5,0.5,500.0,500.0,473.6458435058594
old_reserved,focus,5005,142,2,1,0.5,0.5,500.0,498.70001220703125,467.125
old_reserved,focus,5005,143,2,1,0.5,0.5,500.0,500.0,473.6875
old_reserved,focus,5005,144,2,1,0.5,0.5,500.0,500.0,465.21356201171875
old_reserved,focus,5005,145,2,1,0.5,0.5,500.0,500.0,461.08331298828125
old_reserved,focus,5005,146,2,1,0.5,0.5,500.0,500.0,480.54168701171875
old_reserved,focus,5005,147,2,1,0.5,0.5,500.0,500.0,484.96356201171875
old_reserved,focus,5005,148,2,1,0.5,0.5,500.0,500.0,481.640625
old_reserved,focus,5005,149,2,1,0.5,0.5,500.0,491.3999938964844,472.01043701171875
old_reserved,focus,5005,150,2,1,0.5,0.5,500.0,500.0,484.6197814941406
old_reserved,focus,5005,151,2,1,0.5,0.5,500.0,500.0,481.3489685058594
old_reserved,focus,5005,152,2,1,0.5,0.5,500.0,500.0,473.2864685058594
old_reserved,focus,5005,153,2,1,0.5,0.5,500.0,500.0,482.4947814941406
old_reserved,focus,5005,154,2,1,0.5,0.5,500.0,500.0,464.3541564941406
old_reserved,focus,5005,155,2,1,0.5,0.5,500.0,500.0,471.6979064941406
old_reserved,focus,5005,156,2,1,0.5,0.5,500.0,500.0,485.890625
old_reserved,focus,5005,157,2,1,0.5,0.5,500.0,500.0,484.70831298828125
old_reserved,focus,5005,158,2,1,0.5,0.5,500.0,500.0,473.59375
old_reserved,focus,5005,159,2,1,0.5,0.5,500.0,500.0,474.94268798828125
old_reserved,focus,5005,160,3,0,0.5,0.5,500.0,500.0,411.5260314941406
old_reserved,focus,5005,161,3,0,0.5,0.5,500.0,500.0,472.9895935058594
old_reserved,focus,5005,162,3,0,0.5,0.5,500.0,500.0,455.1666564941406
old_reserved,focus,5005,163,3,0,0.5,0.5,500.0,500.0,469.1458435058594
old_reserved,focus,5005,164,3,0,0.5,0.5,500.0,500.0,465.33856201171875
old_reserved,focus,5005,165,3,0,0.5,0.5,500.0,500.0,480.05731201171875
old_reserved,focus,5005,166,3,0,0.5,0.5,500.0,500.0,489.42706298828125
old_reserved,focus,5005,167,3,0,0.5,0.5,500.0,500.0,470.6354064941406
old_reserved,focus,5005,168,3,0,0.5,0.5,500.0,500.0,482.0104064941406
old_reserved,focus,5005,169,3,0,0.5,0.5,500.0,500.0,476.34375
old_reserved,focus,5005,170,3,0,0.5,0.5,500.0,500.0,477.0677185058594
old_reserved,focus,5005,171,3,0,0.5,0.5,500.0,500.0,439.9739685058594
old_reserved,focus,5005,172,3,0,0.5,0.5,500.0,500.0,473.35418701171875
old_reserved,focus,5005,173,3,0,0.5,0.5,500.0,500.0,455.671875
old_reserved,focus,5005,174,3,0,0.5,0.5,500.0,500.0,447.375
old_reserved,focus,5005,175,3,0,0.5,0.5,500.0,500.0,454.3489685058594
old_reserved,focus,5005,176,3,0,0.5,0.5,500.0,411.8999938964844,456.5625
old_reserved,focus,5005,177,3,0,0.5,0.5,500.0,500.0,456.5312194824219
old_reserved,focus,5005,178,3,0,0.5,0.5,500.0,500.0,471.04168701171875
old_reserved,focus,5005,179,3,0,0.5,0.5,500.0,500.0,455.83331298828125
old_reserved,focus,5005,180,3,0,0.5,0.5,500.0,500.0,431.00518798828125
old_reserved,focus,5005,181,3,0,0.5,0.5,500.0,500.0,470.8333740234375
old_reserved,focus,5005,182,3,0,0.5,0.5,500.0,500.0,458.52081298828125
old_reserved,focus,5005,183,3,0,0.5,0.5,500.0,500.0,472.46875
old_reserved,focus,5005,184,3,0,0.5,0.5,500.0,500.0,475.2447814941406
old_reserved,focus,5005,185,3,0,0.5,0.5,500.0,500.0,477.96875
old_reserved,focus,5005,186,3,0,0.5,0.5,500.0,500.0,465.14581298828125
old_reserved,focus,5005,187,3,0,0.5,0.5,500.0,472.1000061035156,449.03125
old_reserved,focus,5005,188,3,0,0.5,0.5,500.0,497.0,446.0885314941406
old_reserved,focus,5005,189,3,0,0.5,0.5,500.0,477.8999938964844,452.31768798828125
old_reserved,focus,5005,190,3,0,0.5,0.5,500.0,500.0,470.2760314941406
old_reserved,focus,5005,191,3,0,0.5,0.5,500.0,500.0,481.5416564941406
old_reserved,focus,5005,192,3,0,0.5,0.5,500.0,500.0,482.72393798828125
old_reserved,focus,5005,193,3,0,0.5,0.5,500.0,500.0,482.6770935058594
old_reserved,focus,5005,194,3,0,0.5,0.5,500.0,500.0,476.234375
old_reserved,focus,5005,195,3,0,0.5,0.5,500.0,500.0,469.44268798828125
old_reserved,focus,5005,196,3,0,0.5,0.5,500.0,500.0,464.01043701171875
old_reserved,focus,5005,197,3,0,0.5,0.5,500.0,500.0,459.85418701171875
old_reserved,focus,5005,198,3,0,0.5,0.5,500.0,500.0,479.390625
old_reserved,focus,5005,199,3,0,0.5,0.5,500.0,500.0,471.65106201171875
old_reserved,focus,5005,200,3,0,0.5,0.5,500.0,500.0,475.28125
old_reserved,focus,5005,201,3,0,0.5,0.5,500.0,500.0,475.171875
old_reserved,focus,5005,202,3,0,0.5,0.5,500.0,500.0,489.078125
old_reserved,focus,5005,203,3,0,0.5,0.5,500.0,500.0,471.00518798828125
old_reserved,focus,5005,204,3,0,0.5,0.5,500.0,500.0,479.6353759765625
old_reserved,focus,5005,205,3,0,0.5,0.5,500.0,500.0,484.1979064941406
old_reserved,focus,5005,206,3,0,0.5,0.5,500.0,472.3000183105469,473.11981201171875
old_reserved,focus,5005,207,3,0,0.5,0.5,500.0,498.20001220703125,469.10418701171875
old_reserved,focus,5005,208,3,0,0.5,0.5,500.0,500.0,471.640625
old_reserved,focus,5005,209,3,0,0.5,0.5,500.0,500.0,446.4739685058594
old_reserved,focus,5005,210,3,0,0.5,0.5,500.0,500.0,455.13018798828125
old_reserved,focus,5005,211,3,0,0.5,0.5,500.0,500.0,444.59375
old_reserved,focus,5005,212,3,0,0.5,0.5,500.0,500.0,475.546875
old_reserved,focus,5005,213,3,0,0.5,0.5,500.0,500.0,475.72393798828125
old_reserved,focus,5005,214,3,0,0.5,0.5,500.0,500.0,471.796875
old_reserved,focus,5005,215,3,0,0.5,0.5,500.0,500.0,468.72393798828125
old_reserved,focus,5005,216,3,0,0.5,0.5,500.0,500.0,465.875
old_reserved,focus,5005,217,3,0,0.5,0.5,500.0,500.0,478.03643798828125
old_reserved,focus,5005,218,3,0,0.5,0.5,500.0,500.0,485.875
old_reserved,focus,5005,219,3,0,0.5,0.5,500.0,500.0,484.578125
old_reserved,focus,5005,220,3,0,0.5,0.5,500.0,500.0,471.85418701171875
old_reserved,focus,5005,221,3,0,0.5,0.5,500.0,500.0,466.4166564941406
old_reserved,focus,5005,222,3,0,0.5,0.5,500.0,500.0,476.38543701171875
old_reserved,focus,5005,223,3,0,0.5,0.5,500.0,500.0,450.375
old_reserved,focus,5005,224,3,0,0.5,0.5,500.0,500.0,486.29168701171875
old_reserved,focus,5005,225,3,0,0.5,0.5,500.0,500.0,467.828125
old_reserved,focus,5005,226,3,0,0.5,0.5,500.0,500.0,458.10418701171875
old_reserved,focus,5005,227,3,0,0.5,0.5,500.0,500.0,468.8072814941406
old_reserved,focus,5005,228,3,0,0.5,0.5,500.0,500.0,467.9375
old_reserved,focus,5005,229,3,0,0.5,0.5,500.0,500.0,487.25
old_reserved,focus,5005,230,3,0,0.5,0.5,500.0,500.0,474.109375
old_reserved,focus,5005,231,3,0,0.5,0.5,500.0,500.0,457.71356201171875
old_reserved,focus,5005,232,3,0,0.5,0.5,500.0,500.0,467.7864685058594
old_reserved,focus,5005,233,3,0,0.5,0.5,500.0,500.0,431.16143798828125
old_reserved,focus,5005,234,3,0,0.5,0.5,500.0,500.0,442.25
old_reserved,focus,5005,235,3,0,0.5,0.5,500.0,500.0,451.765625
old_reserved,focus,5005,236,3,0,0.5,0.5,500.0,500.0,478.9375
old_reserved,focus,5005,237,3,0,0.5,0.5,500.0,500.0,487.67706298828125
old_reserved,focus,5005,238,3,0,0.5,0.5,500.0,500.0,474.625
old_reserved,focus,5005,239,3,0,0.5,0.5,500.0,500.0,469.6875
old_reserved,focus,5005,240,4,1,0.5,0.5,500.0,500.0,419.24481201171875
old_reserved,focus,5005,241,4,1,0.5,0.5,500.0,500.0,481.38543701171875
old_reserved,focus,5005,242,4,1,0.5,0.5,500.0,500.0,480.40625
old_reserved,focus,5005,243,4,1,0.5,0.5,500.0,500.0,482.3541564941406
old_reserved,focus,5005,244,4,1,0.5,0.5,500.0,500.0,487.4375
old_reserved,focus,5005,245,4,1,0.5,0.5,500.0,500.0,477.734375
old_reserved,focus,5005,246,4,1,0.5,0.5,500.0,500.0,485.921875
old_reserved,focus,5005,247,4,1,0.5,0.5,500.0,500.0,470.96356201171875
old_reserved,focus,5005,248,4,1,0.5,0.5,500.0,500.0,468.63018798828125
old_reserved,focus,5005,249,4,1,0.5,0.5,500.0,500.0,474.828125
old_reserved,focus,5005,250,4,1,0.5,0.5,500.0,500.0,469.265625
old_reserved,focus,5005,251,4,1,0.5,0.5,500.0,500.0,477.50518798828125
old_reserved,focus,5005,252,4,1,0.5,0.5,500.0,500.0,494.0416564941406
old_reserved,focus,5005,253,4,1,0.5,0.5,500.0,500.0,487.63543701171875
old_reserved,focus,5005,254,4,1,0.5,0.5,500.0,500.0,490.51043701171875
old_reserved,focus,5005,255,4,1,0.5,0.5,500.0,500.0,469.484375
old_reserved,focus,5005,256,4,1,0.5,0.5,500.0,500.0,471.14581298828125
old_reserved,focus,5005,257,4,1,0.5,0.5,500.0,500.0,470.86981201171875
old_reserved,focus,5005,258,4,1,0.5,0.5,500.0,500.0,494.4166564941406
old_reserved,focus,5005,259,4,1,0.5,0.5,500.0,500.0,486.546875
old_reserved,focus,5005,260,4,1,0.5,0.5,500.0,500.0,478.0416564941406
old_reserved,focus,5005,261,4,1,0.5,0.5,500.0,500.0,477.97393798828125
old_reserved,focus,5005,262,4,1,0.5,0.5,500.0,500.0,493.328125
old_reserved,focus,5005,263,4,1,0.5,0.5,500.0,500.0,492.984375
old_reserved,focus,5005,264,4,1,0.5,0.5,500.0,500.0,497.4479064941406
old_reserved,focus,5005,265,4,1,0.5,0.5,500.0,500.0,484.69268798828125
old_reserved,focus,5005,266,4,1,0.5,0.5,500.0,500.0,497.44793701171875
old_reserved,focus,5005,267,4,1,0.5,0.5,500.0,500.0,482.66143798828125
old_reserved,focus,5005,268,4,1,0.5,0.5,500.0,500.0,490.52081298828125
old_reserved,focus,5005,269,4,1,0.5,0.5,500.0,500.0,497.09893798828125
old_reserved,focus,5005,270,4,1,0.5,0.5,500.0,500.0,474.6770935058594
old_reserved,focus,5005,271,4,1,0.5,0.5,500.0,500.0,483.5364685058594
old_reserved,focus,5005,272,4,1,0.5,0.5,500.0,500.0,478.8802185058594
old_reserved,focus,5005,273,4,1,0.5,0.5,500.0,500.0,492.02606201171875
old_reserved,focus,5005,274,4,1,0.5,0.5,500.0,500.0,485.796875
old_reserved,focus,5005,275,4,1,0.5,0.5,500.0,500.0,491.88018798828125
old_reserved,focus,5005,276,4,1,0.5,0.5,500.0,500.0,474.640625
old_reserved,focus,5005,277,4,1,0.5,0.5,500.0,500.0,486.26043701171875
old_reserved,focus,5005,278,4,1,0.5,0.5,500.0,500.0,485.83856201171875
old_reserved,focus,5005,279,4,1,0.5,0.5,500.0,500.0,479.96875
old_reserved,focus,5005,280,4,1,0.5,0.5,500.0,500.0,458.2395935058594
old_reserved,focus,5005,281,4,1,0.5,0.5,500.0,500.0,495.30206298828125
old_reserved,focus,5005,282,4,1,0.5,0.5,500.0,500.0,478.45831298828125
old_reserved,focus,5005,283,4,1,0.5,0.5,500.0,500.0,476.0833435058594
old_reserved,focus,5005,284,4,1,0.5,0.5,500.0,500.0,493.38543701171875
old_reserved,focus,5005,285,4,1,0.5,0.5,500.0,500.0,490.21875
old_reserved,focus,5005,286,4,1,0.5,0.5,500.0,500.0,490.671875
old_reserved,focus,5005,287,4,1,0.5,0.5,500.0,500.0,490.078125
old_reserved,focus,5005,288,4,1,0.5,0.5,500.0,500.0,492.19268798828125
old_reserved,focus,5005,289,4,1,0.5,0.5,500.0,500.0,497.63543701171875
old_reserved,focus,5005,290,4,1,0.5,0.5,500.0,500.0,500.0
old_reserved,focus,5005,291,4,1,0.5,0.5,500.0,500.0,495.9375
old_reserved,focus,5005,292,4,1,0.5,0.5,500.0,500.0,496.01043701171875
old_reserved,focus,5005,293,4,1,0.5,0.5,500.0,500.0,494.91668701171875
old_reserved,focus,5005,294,4,1,0.5,0.5,500.0,500.0,498.8333435058594
old_reserved,focus,5005,295,4,1,0.5,0.5,500.0,500.0,497.515625
old_reserved,focus,5005,296,4,1,0.5,0.5,500.0,500.0,492.43231201171875
old_reserved,focus,5005,297,4,1,0.5,0.5,500.0,500.0,494.609375
old_reserved,focus,5005,298,4,1,0.5,0.5,500.0,500.0,487.4947814941406
old_reserved,focus,5005,299,4,1,0.5,0.5,500.0,500.0,478.59375
old_reserved,focus,5005,300,4,1,0.5,0.5,500.0,500.0,481.98956298828125
old_reserved,focus,5005,301,4,1,0.5,0.5,500.0,500.0,492.42706298828125
old_reserved,focus,5005,302,4,1,0.5,0.5,500.0,500.0,476.57293701171875
old_reserved,focus,5005,303,4,1,0.5,0.5,500.0,500.0,491.3385314941406
old_reserved,focus,5005,304,4,1,0.5,0.5,500.0,500.0,473.5364685058594
old_reserved,focus,5005,305,4,1,0.5,0.5,500.0,500.0,488.22918701171875
old_reserved,focus,5005,306,4,1,0.5,0.5,500.0,500.0,497.09375
old_reserved,focus,5005,307,4,1,0.5,0.5,500.0,500.0,482.18231201171875
old_reserved,focus,5005,308,4,1,0.5,0.5,500.0,500.0,482.04168701171875
old_reserved,focus,5005,309,4,1,0.5,0.5,500.0,500.0,482.390625
old_reserved,focus,5005,310,4,1,0.5,0.5,500.0,500.0,469.7916564941406
old_reserved,focus,5005,311,4,1,0.5,0.5,500.0,500.0,494.93231201171875
old_reserved,focus,5005,312,4,1,0.5,0.5,500.0,500.0,487.27081298828125
old_reserved,focus,5005,313,4,1,0.5,0.5,500.0,500.0,483.4010314941406
old_reserved,focus,5005,314,4,1,0.5,0.5,500.0,500.0,486.625
old_reserved,focus,5005,315,4,1,0.5,0.5,500.0,500.0,464.609375
old_reserved,focus,5005,316,4,1,0.5,0.5,500.0,500.0,482.13018798828125
old_reserved,focus,5005,317,4,1,0.5,0.5,500.0,500.0,473.61456298828125
old_reserved,focus,5005,318,4,1,0.5,0.5,500.0,500.0,467.796875
old_reserved,focus,5005,319,4,1,0.5,0.5,500.0,500.0,478.2395935058594
development,selected,4001,0,1,0,0.5,0.34436464309692383,9.0,8.666666984558105,12.744791030883789
development,selected,4001,1,1,0,0.34436464309692383,0.24395081400871277,8.666666984558105,9.0,15.46875
development,selected,4001,2,1,0,0.24395081400871277,0.18295547366142273,10.0,10.333333969116211,25.593753814697266
development,selected,4001,3,1,0,0.18295547366142273,0.14515213668346405,12.666666984558105,10.666666984558105,31.96354103088379
development,selected,4001,4,1,0,0.14515213668346405,0.12051637470722198,9.0,30.33333396911621,50.24479293823242
development,selected,4001,5,1,0,0.12051637470722198,0.07249125838279724,92.33333587646484,18.666667938232422,94.796875
development,selected,4001,6,1,0,0.07249125838279724,0.0480329766869545,139.0,343.3333435058594,135.54168701171875
development,selected,4001,7,1,0,0.0480329766869545,0.03386523202061653,191.6666717529297,22.666667938232422,214.11459350585938
development,selected,4001,8,1,0,0.03386523202061653,0.02498660981655121,266.3333435058594,500.0,271.328125
development,selected,4001,9,1,0,0.02498660981655121,0.01920066587626934,500.0,500.0,390.5364990234375
development,selected,4001,10,1,0,0.01920066587626934,0.015463706105947495,500.0,500.0,474.9010314941406
development,selected,4001,11,1,0,0.015463706105947495,0.013125522993505001,500.0,500.0,493.4739685058594
development,selected,4001,12,1,0,0.013125522993505001,0.011616121977567673,500.0,202.0,478.546875
development,selected,4001,13,1,0,0.011616121977567673,0.01059151254594326,500.0,188.0,488.66143798828125
development,selected,4001,14,1,0,0.01059151254594326,0.00987617950886488,500.0,500.0,496.8489685058594
development,selected,4001,15,1,0,0.00987617950886488,0.009370775893330574,500.0,500.0,497.77606201171875
development,selected,4001,16,1,0,0.009370775893330574,0.009007877670228481,500.0,500.0,499.1979064941406
development,selected,4001,17,1,0,0.009007877670228481,0.008745054714381695,500.0,500.0,498.63018798828125
development,selected,4001,18,1,0,0.008745054714381695,0.008553053252398968,500.0,500.0,498.05731201171875
development,selected,4001,19,1,0,0.008553053252398968,0.008411305025219917,500.0,500.0,500.0
development,selected,4001,20,2,1,0.008411305025219917,0.00832480937242508,500.0,500.0,469.640625
development,selected,4001,21,2,1,0.00832480937242508,0.008245658129453659,500.0,500.0,497.765625
development,selected,4001,22,2,1,0.008245658129453659,0.008186968974769115,500.0,500.0,497.68231201171875
development,selected,4001,23,2,1,0.008186968974769115,0.008140353485941887,500.0,500.0,499.72918701171875
development,selected,4001,24,2,1,0.008140353485941887,0.008112612180411816,500.0,500.0,496.11456298828125
development,selected,4001,25,2,1,0.008112612180411816,0.008084310218691826,500.0,500.0,500.0
development,selected,4001,26,2,1,0.008084310218691826,0.008063393644988537,500.0,500.0,499.93231201171875
development,selected,4001,27,2,1,0.008063393644988537,0.008047498762607574,500.0,500.0,500.0
development,selected,4001,28,2,1,0.008047498762607574,0.008035596460103989,500.0,500.0,500.0
development,selected,4001,29,2,1,0.008035596460103989,0.00802668184041977,500.0,500.0,500.0
development,selected,4001,30,2,1,0.00802668184041977,0.008030755445361137,500.0,500.0,498.390625
development,selected,4001,31,2,1,0.008030755445361137,0.008023054338991642,500.0,500.0,500.0
development,selected,4001,32,2,1,0.008023054338991642,0.00801728293299675,500.0,500.0,500.0
development,selected,4001,33,2,1,0.00801728293299675,0.008012956939637661,500.0,500.0,500.0
development,selected,4001,34,2,1,0.008012956939637661,0.008009717799723148,500.0,500.0,500.0
development,selected,4001,35,2,1,0.008009717799723148,0.008007288910448551,500.0,500.0,500.0
development,selected,4001,36,2,1,0.008007288910448551,0.008005463518202305,500.0,500.0,500.0
development,selected,4001,37,2,1,0.008005463518202305,0.008004097267985344,500.0,500.0,500.0
development,selected,4001,38,2,1,0.008004097267985344,0.008003074675798416,500.0,500.0,500.0
development,selected,4001,39,2,1,0.008003074675798416,0.00803386140614748,500.0,500.0,497.3333435058594
development,selected,4001,40,3,0,0.00803386140614748,0.010680035687983036,500.0,500.0,409.8437194824219
development,selected,4001,41,3,0,0.010680035687983036,0.01004827581346035,500.0,500.0,488.79168701171875
development,selected,4001,42,3,0,0.01004827581346035,0.009549025446176529,500.0,500.0,492.92706298828125
development,selected,4001,43,3,0,0.009549025446176529,0.009199625812470913,500.0,500.0,493.234375
development,selected,4001,44,3,0,0.009199625812470913,0.008902686648070812,500.0,500.0,498.203125
development,selected,4001,45,3,0,0.008902686648070812,0.008676181547343731,500.0,500.0,499.24481201171875
development,selected,4001,46,3,0,0.008676181547343731,0.008530817925930023,500.0,500.0,496.9791564941406
development,selected,4001,47,3,0,0.008530817925930023,0.00842038169503212,500.0,500.0,497.640625
development,selected,4001,48,3,0,0.00842038169503212,0.008313258178532124,500.0,500.0,500.0
development,selected,4001,49,3,0,0.008313258178532124,0.008250176906585693,500.0,500.0,498.546875
development,selected,4001,50,3,0,0.008250176906585693,0.008192088454961777,500.0,500.0,499.578125
development,selected,4001,51,3,0,0.008192088454961777,0.008179199881851673,500.0,500.0,496.8125
development,selected,4001,52,3,0,0.008179199881851673,0.008188475854694843,500.0,500.0,494.97918701171875
development,selected,4001,53,3,0,0.008188475854694843,0.008172030560672283,500.0,500.0,497.61981201171875
development,selected,4001,54,3,0,0.008172030560672283,0.00813725683838129,500.0,500.0,499.40625
development,selected,4001,55,3,0,0.00813725683838129,0.008102723397314548,500.0,500.0,500.0
development,selected,4001,56,3,0,0.008102723397314548,0.008076920174062252,500.0,500.0,500.0
development,selected,4001,57,3,0,0.008076920174062252,0.008075125515460968,500.0,500.0,498.828125
development,selected,4001,58,3,0,0.008075125515460968,0.008058231323957443,500.0,500.0,499.88018798828125
development,selected,4001,59,3,0,0.008058231323957443,0.008079392835497856,500.0,500.0,497.578125
development,selected,4001,60,4,1,0.008079392835497856,0.008205502294003963,500.0,500.0,477.07293701171875
development,selected,4001,61,4,1,0.008205502294003963,0.008199873380362988,500.0,500.0,496.078125
development,selected,4001,62,4,1,0.008199873380362988,0.008172194473445415,500.0,500.0,498.26043701171875
development,selected,4001,63,4,1,0.008172194473445415,0.008128802292048931,500.0,500.0,500.0
development,selected,4001,64,4,1,0.008128802292048931,0.008123958483338356,500.0,500.0,497.828125
development,selected,4001,65,4,1,0.008123958483338356,0.008124860934913158,500.0,500.0,497.46875
development,selected,4001,66,4,1,0.008124860934913158,0.008093463256955147,500.0,500.0,500.0
development,selected,4001,67,4,1,0.008093463256955147,0.008099570870399475,500.0,500.0,497.8125
development,selected,4001,68,4,1,0.008099570870399475,0.008122862316668034,500.0,500.0,495.61981201171875
development,selected,4001,69,4,1,0.008122862316668034,0.00812249444425106,500.0,500.0,497.828125
development,selected,4001,70,4,1,0.00812249444425106,0.008091695606708527,500.0,500.0,500.0
development,selected,4001,71,4,1,0.008091695606708527,0.008100049570202827,500.0,500.0,497.8125
development,selected,4001,72,4,1,0.008100049570202827,0.008105733431875706,500.0,500.0,497.9270935058594
development,selected,4001,73,4,1,0.008105733431875706,0.008079169318079948,500.0,500.0,500.0
development,selected,4001,74,4,1,0.008079169318079948,0.0080593042075634,500.0,500.0,500.0
development,selected,4001,75,4,1,0.0080593042075634,0.008044437505304813,500.0,500.0,500.0
development,selected,4001,76,4,1,0.008044437505304813,0.008033305406570435,500.0,500.0,500.0
development,selected,4001,77,4,1,0.008033305406570435,0.008024967275559902,500.0,500.0,500.0
development,selected,4001,78,4,1,0.008024967275559902,0.008018717169761658,500.0,500.0,500.0
development,selected,4001,79,4,1,0.008018717169761658,0.008014034479856491,500.0,500.0,500.0
development,selected,4002,0,1,0,0.5,0.31129351258277893,9.666666984558105,10.0,12.338541030883789
development,selected,4002,1,1,0,0.31129351258277893,0.23482076823711395,10.666666984558105,11.333333969116211,12.182292938232422
development,selected,4002,2,1,0,0.23482076823711395,0.173502579331398,9.666666984558105,18.666667938232422,16.36458396911621
development,selected,4002,3,1,0,0.173502579331398,0.1455230712890625,49.333335876464844,10.333333969116211,19.239582061767578
development,selected,4002,4,1,0,0.1455230712890625,0.118833027780056,9.333333969116211,9.333333969116211,25.406253814697266
development,selected,4002,5,1,0,0.118833027780056,0.11420290172100067,9.666666984558105,9.333333969116211,27.03645896911621
development,selected,4002,6,1,0,0.11420290172100067,0.10341149568557739,9.666666984558105,9.666666984558105,36.0
development,selected,4002,7,1,0,0.10341149568557739,0.07772064208984375,8.666666984558105,9.333333969116211,52.479164123535156
development,selected,4002,8,1,0,0.07772064208984375,0.054228074848651886,11.333333969116211,10.666666984558105,59.4375
development,selected,4002,9,1,0,0.054228074848651886,0.0405111163854599,9.333333969116211,10.333333969116211,85.03125
development,selected,4002,10,1,0,0.0405111163854599,0.03180913254618645,9.666666984558105,24.0,107.234375
development,selected,4002,11,1,0,0.03180913254618645,0.029463181272149086,302.0,12.666666984558105,139.9427032470703
development,selected,4002,12,1,0,0.029463181272149086,0.0239096749573946,390.3333435058594,11.333333969116211,164.046875
development,selected,4002,13,1,0,0.0239096749573946,0.019920168444514275,268.66668701171875,11.333333969116211,210.17709350585938
development,selected,4002,14,1,0,0.019920168444514275,0.01687491126358509,500.0,13.333333969116211,276.40625
development,selected,4002,15,1,0,0.01687491126358509,0.014621131122112274,500.0,12.0,308.7760009765625
development,selected,4002,16,1,0,0.014621131122112274,0.0128103606402874,500.0,10.0,398.0520935058594
development,selected,4002,17,1,0,0.0128103606402874,0.011537512764334679,500.0,11.333333969116211,412.3385314941406
development,selected,4002,18,1,0,0.011537512764334679,0.010615721344947815,500.0,11.0,431.125
development,selected,4002,19,1,0,0.010615721344947815,0.009929543361067772,500.0,12.0,451.08331298828125
development,selected,4002,20,2,1,0.009929543361067772,0.02192745730280876,11.666666984558105,500.0,11.614583969116211
development,selected,4002,21,2,1,0.02192745730280876,0.036141328513622284,13.666666984558105,500.0,12.286458015441895
development,selected,4002,22,2,1,0.036141328513622284,0.04861455410718918,14.333333969116211,500.0,13.072917938232422
development,selected,4002,23,2,1,0.04861455410718918,0.05918576195836067,15.0,412.0,14.75
development,selected,4002,24,2,1,0.05918576195836067,0.04297121241688728,17.666667938232422,65.66667175292969,23.96875
development,selected,4002,25,2,1,0.04297121241688728,0.0459715873003006,19.666667938232422,35.0,24.859376907348633
development,selected,4002,26,2,1,0.0459715873003006,0.04036317393183708,32.0,21.33333396911621,31.624996185302734
development,selected,4002,27,2,1,0.04036317393183708,0.03162451088428497,68.66667175292969,13.0,42.46874237060547
development,selected,4002,28,2,1,0.03162451088428497,0.030634941533207893,71.66667175292969,9.333333969116211,65.890625
development,selected,4002,29,2,1,0.030634941533207893,0.027942493557929993,362.66668701171875,8.666666984558105,91.41146087646484
development,selected,4002,30,2,1,0.027942493557929993,0.023417793214321136,387.3333435058594,8.666666984558105,118.15104675292969
development,selected,4002,31,2,1,0.023417793214321136,0.02003934234380722,299.66668701171875,9.333333969116211,140.64060974121094
development,selected,4002,32,2,1,0.02003934234380722,0.01732112281024456,255.6666717529297,10.0,164.296875
development,selected,4002,33,2,1,0.01732112281024456,0.015313077718019485,462.0,10.0,239.98956298828125
development,selected,4002,34,2,1,0.015313077718019485,0.013626313768327236,500.0,9.0,264.734375
development,selected,4002,35,2,1,0.013626313768327236,0.01208389550447464,500.0,9.333333969116211,343.6822814941406
development,selected,4002,36,2,1,0.01208389550447464,0.011044468730688095,500.0,9.666666984558105,349.265625
development,selected,4002,37,2,1,0.011044468730688095,0.010282606817781925,500.0,8.666666984558105,380.53643798828125
development,selected,4002,38,2,1,0.010282606817781925,0.009713679552078247,500.0,9.0,387.07293701171875
development,selected,4002,39,2,1,0.009713679552078247,0.009299262426793575,500.0,9.333333969116211,393.0625
development,selected,4002,40,3,0,0.009299262426793575,0.02154841274023056,9.333333969116211,500.0,9.375
development,selected,4002,41,3,0,0.02154841274023056,0.03560545668005943,9.0,500.0,9.307291030883789
development,selected,4002,42,3,0,0.03560545668005943,0.048765383660793304,8.666666984558105,500.0,9.338541030883789
development,selected,4002,43,3,0,0.048765383660793304,0.05750979855656624,9.666666984558105,307.66668701171875,9.270833969116211
development,selected,4002,44,3,0,0.05750979855656624,0.0646909698843956,10.0,500.0,9.328125
development,selected,4002,45,3,0,0.0646909698843956,0.07194781303405762,9.0,500.0,9.458333969116211
development,selected,4002,46,3,0,0.07194781303405762,0.07616665959358215,8.666666984558105,110.0,10.083332061767578
development,selected,4002,47,3,0,0.07616665959358215,0.07979628443717957,9.333333969116211,40.0,12.765625953674316
development,selected,4002,48,3,0,0.07979628443717957,0.05383160337805748,9.0,23.33333396911621,26.119789123535156
development,selected,4002,49,3,0,0.05383160337805748,0.03975718840956688,9.333333969116211,15.333333969116211,57.776039123535156
development,selected,4002,50,3,0,0.03975718840956688,0.03090714104473591,155.0,14.333333969116211,104.76040649414062
development,selected,4002,51,3,0,0.03090714104473591,0.02466587908565998,213.33334350585938,13.0,162.04685974121094
development,selected,4002,52,3,0,0.02466587908565998,0.019895635545253754,430.3333435058594,12.333333969116211,230.80209350585938
development,selected,4002,53,3,0,0.019895635545253754,0.016423873603343964,500.0,11.666666984558105,311.09375
development,selected,4002,54,3,0,0.016423873603343964,0.013889226131141186,500.0,12.333333969116211,382.6875
development,selected,4002,55,3,0,0.013889226131141186,0.012141011655330658,500.0,13.0,439.44793701171875
development,selected,4002,56,3,0,0.012141011655330658,0.010960312560200691,500.0,14.333333969116211,460.11456298828125
development,selected,4002,57,3,0,0.010960312560200691,0.01013960037380457,500.0,13.0,473.35418701171875
development,selected,4002,58,3,0,0.01013960037380457,0.009562676772475243,500.0,13.333333969116211,476.859375
development,selected,4002,59,3,0,0.009562676772475243,0.009146899916231632,500.0,12.666666984558105,486.68231201171875
development,selected,4002,60,4,1,0.009146899916231632,0.02078576385974884,14.0,500.0,13.010416984558105
development,selected,4002,61,4,1,0.02078576385974884,0.03465796634554863,15.666666984558105,500.0,13.104166030883789
development,selected,4002,62,4,1,0.03465796634554863,0.04758026450872421,14.666666984558105,500.0,14.145833969116211
development,selected,4002,63,4,1,0.04758026450872421,0.05800610035657883,14.666666984558105,380.3333435058594,14.947916030883789
development,selected,4002,64,4,1,0.05800610035657883,0.0544353723526001,17.666667938232422,43.66666793823242,19.968753814697266
development,selected,4002,65,4,1,0.0544353723526001,0.05938047170639038,21.666667938232422,19.666667938232422,19.848957061767578
development,selected,4002,66,4,1,0.05938047170639038,0.0501837283372879,31.0,20.33333396911621,30.90625
development,selected,4002,67,4,1,0.0501837283372879,0.04379536956548691,54.0,13.666666984558105,39.296875
development,selected,4002,68,4,1,0.04379536956548691,0.04392775893211365,74.33333587646484,14.0,52.24479675292969
development,selected,4002,69,4,1,0.04392775893211365,0.03973035514354706,102.33333587646484,14.333333969116211,68.1875
development,selected,4002,70,4,1,0.03973035514354706,0.03456321731209755,143.0,13.666666984558105,91.86457824707031
development,selected,4002,71,4,1,0.03456321731209755,0.029976269230246544,113.0,12.333333969116211,111.16665649414062
development,selected,4002,72,4,1,0.029976269230246544,0.024492653086781502,121.0,14.333333969116211,138.6822967529297
development,selected,4002,73,4,1,0.024492653086781502,0.0203054528683424,300.0,14.333333969116211,165.02606201171875
development,selected,4002,74,4,1,0.0203054528683424,0.01765553466975689,370.0,12.333333969116211,188.70314025878906
development,selected,4002,75,4,1,0.01765553466975689,0.015575071796774864,429.66668701171875,14.333333969116211,194.796875
development,selected,4002,76,4,1,0.015575071796774864,0.013909964822232723,275.0,12.333333969116211,246.25521850585938
development,selected,4002,77,4,1,0.013909964822232723,0.012836702167987823,500.0,12.333333969116211,222.4791259765625
development,selected,4002,78,4,1,0.012836702167987823,0.012100594118237495,356.3333435058594,12.666666984558105,221.49481201171875
development,selected,4002,79,4,1,0.012100594118237495,0.011446718126535416,370.66668701171875,12.0,252.29684448242188
development,selected,4003,0,1,0,0.5,0.30036699771881104,9.0,9.0,16.807292938232422
development,selected,4003,1,1,0,0.30036699771881104,0.2086111605167389,9.666666984558105,9.333333969116211,19.28125
development,selected,4003,2,1,0,0.2086111605167389,0.16115368902683258,9.333333969116211,9.333333969116211,20.8125
development,selected,4003,3,1,0,0.16115368902683258,0.09616745263338089,10.0,9.0,35.49999237060547
development,selected,4003,4,1,0,0.09616745263338089,0.06293999403715134,9.333333969116211,9.666666984558105,67.75521087646484
development,selected,4003,5,1,0,0.06293999403715134,0.04486560821533203,9.666666984558105,10.666666984558105,95.61978149414062
development,selected,4003,6,1,0,0.04486560821533203,0.03326989337801933,10.333333969116211,9.666666984558105,138.16146850585938
development,selected,4003,7,1,0,0.03326989337801933,0.025949319824576378,18.0,9.666666984558105,192.328125
development,selected,4003,8,1,0,0.025949319824576378,0.02061888948082924,102.0,10.333333969116211,263.6875
development,selected,4003,9,1,0,0.02061888948082924,0.016755586490035057,196.33334350585938,12.666666984558105,346.5520935058594
development,selected,4003,10,1,0,0.016755586490035057,0.014072950929403305,449.3333435058594,11.0,428.66668701171875
development,selected,4003,11,1,0,0.014072950929403305,0.012253967113792896,446.66668701171875,10.333333969116211,477.05731201171875
development,selected,4003,12,1,0,0.012253967113792896,0.011034046299755573,500.0,9.666666984558105,481.11981201171875
development,selected,4003,13,1,0,0.011034046299755573,0.010196327231824398,500.0,12.333333969116211,483.1926574707031
development,selected,4003,14,1,0,0.010196327231824398,0.009601766243577003,500.0,11.0,492.78125
development,selected,4003,15,1,0,0.009601766243577003,0.009175215847790241,500.0,10.666666984558105,497.48956298828125
development,selected,4003,16,1,0,0.009175215847790241,0.008866786025464535,500.0,11.666666984558105,498.8177185058594
development,selected,4003,17,1,0,0.008866786025464535,0.008641844615340233,500.0,11.666666984558105,499.578125
development,selected,4003,18,1,0,0.008641844615340233,0.008477897383272648,500.0,11.666666984558105,495.25
development,selected,4003,19,1,0,0.008477897383272648,0.008355917409062386,500.0,12.0,499.63543701171875
development,selected,4003,20,2,1,0.008355917409062386,0.020188704133033752,12.0,500.0,11.567707061767578
development,selected,4003,21,2,1,0.020188704133033752,0.03409111872315407,12.666666984558105,500.0,11.760416030883789
development,selected,4003,22,2,1,0.03409111872315407,0.04678064584732056,13.333333969116211,500.0,11.906251907348633
development,selected,4003,23,2,1,0.04678064584732056,0.056722380220890045,12.666666984558105,500.0,12.088542938232422
development,selected,4003,24,2,1,0.056722380220890045,0.06602911651134491,12.333333969116211,500.0,12.171875953674316
development,selected,4003,25,2,1,0.06602911651134491,0.07237771153450012,11.0,500.0,12.218749046325684
development,selected,4003,26,2,1,0.07237771153450012,0.07857444137334824,14.333333969116211,437.66668701171875,12.375000953674316
development,selected,4003,27,2,1,0.07857444137334824,0.08342917263507843,13.666666984558105,153.6666717529297,12.963541984558105
development,selected,4003,28,2,1,0.08342917263507843,0.0836772471666336,13.333333969116211,107.0,15.374999046325684
development,selected,4003,29,2,1,0.0836772471666336,0.08466441184282303,16.33333396911621,72.66667175292969,16.15104103088379
development,selected,4003,30,2,1,0.08466441184282303,0.0820397287607193,18.33333396911621,44.333335876464844,19.484375
development,selected,4003,31,2,1,0.0820397287607193,0.08007322996854782,21.0,31.0,24.291669845581055
development,selected,4003,32,2,1,0.08007322996854782,0.07561276108026505,27.0,25.666667938232422,30.036457061767578
development,selected,4003,33,2,1,0.07561276108026505,0.07276123762130737,30.33333396911621,23.666667938232422,39.30729293823242
development,selected,4003,34,2,1,0.07276123762130737,0.0659601092338562,30.0,17.666667938232422,52.88541793823242
development,selected,4003,35,2,1,0.0659601092338562,0.06055304780602455,68.33333587646484,15.0,70.60417175292969
development,selected,4003,36,2,1,0.06055304780602455,0.04323480278253555,98.0,11.333333969116211,104.61459350585938
development,selected,4003,37,2,1,0.04323480278253555,0.031821686774492264,75.66667175292969,11.666666984558105,158.5833282470703
development,selected,4003,38,2,1,0.031821686774492264,0.02454053796827793,220.0,13.333333969116211,216.828125
development,selected,4003,39,2,1,0.02454053796827793,0.019478464499115944,387.0,15.333333969116211,275.2447814941406
development,selected,4003,40,3,0,0.019478464499115944,0.033874575048685074,14.666666984558105,500.0,12.979166030883789
development,selected,4003,41,3,0,0.033874575048685074,0.047553762793540955,16.0,255.33334350585938,14.708333015441895
development,selected,4003,42,3,0,0.047553762793540955,0.04983334615826607,17.33333396911621,500.0,20.911457061767578
development,selected,4003,43,3,0,0.04983334615826607,0.03773169592022896,17.33333396911621,117.66667175292969,44.0625
development,selected,4003,44,3,0,0.03773169592022896,0.03061925619840622,23.666667938232422,57.0,70.23957824707031
development,selected,4003,45,3,0,0.03061925619840622,0.02482846938073635,344.3333435058594,38.66666793823242,149.25521850585938
development,selected,4003,46,3,0,0.02482846938073635,0.019845938310027122,482.66668701171875,26.33333396911621,277.0625
development,selected,4003,47,3,0,0.019845938310027122,0.016009362414479256,500.0,17.33333396911621,398.9791564941406
development,selected,4003,48,3,0,0.016009362414479256,0.013494226150214672,500.0,16.0,456.77606201171875
development,selected,4003,49,3,0,0.013494226150214672,0.011860353872179985,500.0,16.0,475.6875
development,selected,4003,50,3,0,0.011860353872179985,0.010752355679869652,500.0,15.666666984558105,496.41668701171875
development,selected,4003,51,3,0,0.010752355679869652,0.009993258863687515,500.0,14.333333969116211,485.078125
development,selected,4003,52,3,0,0.009993258863687515,0.009455126710236073,500.0,15.666666984558105,495.81768798828125
development,selected,4003,53,3,0,0.009455126710236073,0.009069476276636124,500.0,15.0,497.5
development,selected,4003,54,3,0,0.009069476276636124,0.008789397776126862,500.0,14.333333969116211,500.0
development,selected,4003,55,3,0,0.008789397776126862,0.008585508912801743,500.0,14.333333969116211,498.375
development,selected,4003,56,3,0,0.008585508912801743,0.008435492403805256,500.0,14.666666984558105,498.921875
development,selected,4003,57,3,0,0.008435492403805256,0.008324837312102318,500.0,14.333333969116211,498.07293701171875
development,selected,4003,58,3,0,0.008324837312102318,0.008242410607635975,500.0,13.666666984558105,500.0
development,selected,4003,59,3,0,0.008242410607635975,0.008181126788258553,500.0,14.0,500.0
development,selected,4003,60,4,1,0.008181126788258553,0.019933827221393585,15.666666984558105,500.0,14.817708015441895
development,selected,4003,61,4,1,0.019933827221393585,0.034315962344408035,20.0,500.0,17.203125
development,selected,4003,62,4,1,0.034315962344408035,0.046590790152549744,28.33333396911621,500.0,22.13020896911621
development,selected,4003,63,4,1,0.046590790152549744,0.03789280354976654,57.333335876464844,16.666667938232422,51.260414123535156
development,selected,4003,64,4,1,0.03789280354976654,0.029567688703536987,472.3333435058594,15.0,101.23436737060547
development,selected,4003,65,4,1,0.029567688703536987,0.02364276722073555,500.0,14.333333969116211,167.8072967529297
development,selected,4003,66,4,1,0.02364276722073555,0.019059214740991592,500.0,13.666666984558105,281.875
development,selected,4003,67,4,1,0.019059214740991592,0.015535121783614159,415.66668701171875,14.666666984558105,390.13018798828125
development,selected,4003,68,4,1,0.015535121783614159,0.013210376724600792,500.0,12.0,431.72393798828125
development,selected,4003,69,4,1,0.013210376724600792,0.01165816094726324,500.0,15.0,473.8333435058594
development,selected,4003,70,4,1,0.01165816094726324,0.010612224228680134,500.0,13.333333969116211,482.1666564941406
development,selected,4003,71,4,1,0.010612224228680134,0.009888540022075176,500.0,12.333333969116211,490.375
development,selected,4003,72,4,1,0.009888540022075176,0.00937817431986332,500.0,14.666666984558105,498.30206298828125
development,selected,4003,73,4,1,0.00937817431986332,0.009013958275318146,500.0,13.666666984558105,475.08856201171875
development,selected,4003,74,4,1,0.009013958275318146,0.008748379535973072,500.0,15.0,492.8854064941406
development,selected,4003,75,4,1,0.008748379535973072,0.008554309606552124,500.0,14.666666984558105,491.4322509765625
development,selected,4003,76,4,1,0.008554309606552124,0.008411974646151066,500.0,13.666666984558105,486.90625
development,selected,4003,77,4,1,0.008411974646151066,0.00830813031643629,500.0,13.0,487.5989685058594
development,selected,4003,78,4,1,0.00830813031643629,0.008232870139181614,500.0,13.333333969116211,489.046875
development,selected,4003,79,4,1,0.008232870139181614,0.008175359107553959,500.0,14.333333969116211,496.91668701171875
development,identity,4001,0,1,0,0.5,0.5,9.0,8.666666984558105,12.744791030883789
development,identity,4001,1,1,0,0.5,0.5,8.666666984558105,9.0,13.291666030883789
development,identity,4001,2,1,0,0.5,0.5,10.666666984558105,11.0,15.046875953674316
development,identity,4001,3,1,0,0.5,0.5,9.333333969116211,9.333333969116211,18.10416603088379
development,identity,4001,4,1,0,0.5,0.5,9.0,9.333333969116211,21.958332061767578
development,identity,4001,5,1,0,0.5,0.5,8.666666984558105,9.333333969116211,30.781248092651367
development,identity,4001,6,1,0,0.5,0.5,9.666666984558105,10.333333969116211,35.06770706176758
development,identity,4001,7,1,0,0.5,0.5,9.666666984558105,9.0,43.953121185302734
development,identity,4001,8,1,0,0.5,0.5,9.666666984558105,9.0,48.828125
development,identity,4001,9,1,0,0.5,0.5,8.666666984558105,10.0,49.99480438232422
development,identity,4001,10,1,0,0.5,0.5,50.0,15.333333969116211,59.27082824707031
development,identity,4001,11,1,0,0.5,0.5,20.33333396911621,15.333333969116211,57.78124237060547
development,identity,4001,12,1,0,0.5,0.5,30.33333396911621,13.0,57.703125
development,identity,4001,13,1,0,0.5,0.5,28.33333396911621,12.666666984558105,63.55208206176758
development,identity,4001,14,1,0,0.5,0.5,50.0,9.333333969116211,61.89063262939453
development,identity,4001,15,1,0,0.5,0.5,39.66666793823242,16.0,61.015625
development,identity,4001,16,1,0,0.5,0.5,18.33333396911621,42.0,64.796875
development,identity,4001,17,1,0,0.5,0.5,14.0,94.66667175292969,75.51041412353516
development,identity,4001,18,1,0,0.5,0.5,15.0,84.0,78.59375
development,identity,4001,19,1,0,0.5,0.5,17.33333396911621,223.33334350585938,79.76042175292969
development,identity,4001,20,2,1,0.5,0.5,11.666666984558105,11.333333969116211,26.838544845581055
development,identity,4001,21,2,1,0.5,0.5,13.333333969116211,10.333333969116211,38.22916793823242
development,identity,4001,22,2,1,0.5,0.5,13.0,15.0,64.609375
development,identity,4001,23,2,1,0.5,0.5,20.33333396911621,18.33333396911621,74.40104675292969
development,identity,4001,24,2,1,0.5,0.5,21.0,17.0,81.84375
development,identity,4001,25,2,1,0.5,0.5,10.666666984558105,11.333333969116211,77.203125
development,identity,4001,26,2,1,0.5,0.5,11.0,10.666666984558105,85.42708587646484
development,identity,4001,27,2,1,0.5,0.5,11.0,10.666666984558105,98.91665649414062
development,identity,4001,28,2,1,0.5,0.5,10.0,10.0,100.40625
development,identity,4001,29,2,1,0.5,0.5,12.0,9.333333969116211,121.90625
development,identity,4001,30,2,1,0.5,0.5,20.33333396911621,11.666666984558105,120.453125
development,identity,4001,31,2,1,0.5,0.5,32.66666793823242,12.333333969116211,119.23439025878906
development,identity,4001,32,2,1,0.5,0.5,36.0,16.666667938232422,121.10415649414062
development,identity,4001,33,2,1,0.5,0.5,32.333335876464844,16.666667938232422,127.13020324707031
development,identity,4001,34,2,1,0.5,0.5,27.0,16.666667938232422,124.2239761352539
development,identity,4001,35,2,1,0.5,0.5,18.666667938232422,12.333333969116211,126.43230438232422
development,identity,4001,36,2,1,0.5,0.5,19.33333396911621,12.333333969116211,145.59375
development,identity,4001,37,2,1,0.5,0.5,21.33333396911621,15.0,145.66665649414062
development,identity,4001,38,2,1,0.5,0.5,28.33333396911621,16.666667938232422,151.01560974121094
development,identity,4001,39,2,1,0.5,0.5,79.0,22.666667938232422,152.85414123535156
development,identity,4001,40,3,0,0.5,0.5,18.0,38.333335876464844,58.614585876464844
development,identity,4001,41,3,0,0.5,0.5,16.33333396911621,35.66666793823242,79.11459350585938
development,identity,4001,42,3,0,0.5,0.5,10.0,50.333335876464844,106.57292175292969
development,identity,4001,43,3,0,0.5,0.5,11.0,57.66666793823242,122.93228149414062
development,identity,4001,44,3,0,0.5,0.5,11.666666984558105,50.333335876464844,132.41665649414062
development,identity,4001,45,3,0,0.5,0.5,13.0,60.333335876464844,148.29689025878906
development,identity,4001,46,3,0,0.5,0.5,20.666667938232422,180.33334350585938,193.94793701171875
development,identity,4001,47,3,0,0.5,0.5,19.666667938232422,136.33334350585938,196.74478149414062
development,identity,4001,48,3,0,0.5,0.5,185.0,148.6666717529297,231.29165649414062
development,identity,4001,49,3,0,0.5,0.5,177.6666717529297,248.6666717529297,249.58334350585938
development,identity,4001,50,3,0,0.5,0.5,168.0,391.3333435058594,277.2916564941406
development,identity,4001,51,3,0,0.5,0.5,239.33334350585938,344.66668701171875,292.9739685058594
development,identity,4001,52,3,0,0.5,0.5,166.0,202.0,291.6145935058594
development,identity,4001,53,3,0,0.5,0.5,157.33334350585938,230.6666717529297,299.2031555175781
development,identity,4001,54,3,0,0.5,0.5,235.6666717529297,500.0,325.6614990234375
development,identity,4001,55,3,0,0.5,0.5,500.0,500.0,323.71875
development,identity,4001,56,3,0,0.5,0.5,486.66668701171875,500.0,343.8125305175781
development,identity,4001,57,3,0,0.5,0.5,500.0,500.0,368.6197814941406
development,identity,4001,58,3,0,0.5,0.5,500.0,500.0,385.5989990234375
development,identity,4001,59,3,0,0.5,0.5,500.0,500.0,355.5625
development,identity,4001,60,4,1,0.5,0.5,500.0,500.0,150.7552032470703
development,identity,4001,61,4,1,0.5,0.5,500.0,500.0,231.30728149414062
development,identity,4001,62,4,1,0.5,0.5,500.0,500.0,289.9530944824219
development,identity,4001,63,4,1,0.5,0.5,392.0,252.0,332.84375
development,identity,4001,64,4,1,0.5,0.5,500.0,479.3333435058594,338.4062805175781
development,identity,4001,65,4,1,0.5,0.5,500.0,500.0,346.8802185058594
development,identity,4001,66,4,1,0.5,0.5,500.0,500.0,367.49481201171875
development,identity,4001,67,4,1,0.5,0.5,178.33334350585938,312.0,364.828125
development,identity,4001,68,4,1,0.5,0.5,113.66667175292969,415.66668701171875,353.39581298828125
development,identity,4001,69,4,1,0.5,0.5,54.66666793823242,203.0,368.29168701171875
development,identity,4001,70,4,1,0.5,0.5,18.33333396911621,142.33334350585938,368.60418701171875
development,identity,4001,71,4,1,0.5,0.5,20.0,132.0,336.3072814941406
development,identity,4001,72,4,1,0.5,0.5,14.666666984558105,128.0,339.890625
development,identity,4001,73,4,1,0.5,0.5,12.666666984558105,132.33334350585938,360.5520935058594
development,identity,4001,74,4,1,0.5,0.5,12.333333969116211,96.0,387.390625
development,identity,4001,75,4,1,0.5,0.5,12.666666984558105,314.0,361.359375
development,identity,4001,76,4,1,0.5,0.5,11.666666984558105,367.66668701171875,395.9322509765625
development,identity,4001,77,4,1,0.5,0.5,13.333333969116211,73.66667175292969,375.2447814941406
development,identity,4001,78,4,1,0.5,0.5,17.0,90.66667175292969,416.8541564941406
development,identity,4001,79,4,1,0.5,0.5,95.0,132.0,371.98956298828125
development,identity,4002,0,1,0,0.5,0.5,9.666666984558105,10.0,12.338541030883789
development,identity,4002,1,1,0,0.5,0.5,10.0,11.666666984558105,12.479166984558105
development,identity,4002,2,1,0,0.5,0.5,15.333333969116211,39.0,26.61458396911621
development,identity,4002,3,1,0,0.5,0.5,10.0,9.0,29.16146469116211
development,identity,4002,4,1,0,0.5,0.5,9.333333969116211,9.333333969116211,40.880210876464844
development,identity,4002,5,1,0,0.5,0.5,62.333335876464844,31.666667938232422,53.192710876464844
development,identity,4002,6,1,0,0.5,0.5,13.666666984558105,11.666666984558105,57.916664123535156
development,identity,4002,7,1,0,0.5,0.5,12.0,11.0,59.630210876464844
development,identity,4002,8,1,0,0.5,0.5,9.666666984558105,9.0,61.442710876464844
development,identity,4002,9,1,0,0.5,0.5,308.66668701171875,10.666666984558105,81.86457824707031
development,identity,4002,10,1,0,0.5,0.5,47.66666793823242,10.0,84.03645324707031
development,identity,4002,11,1,0,0.5,0.5,367.3333435058594,9.0,90.82290649414062
development,identity,4002,12,1,0,0.5,0.5,68.0,9.0,93.01042175292969
development,identity,4002,13,1,0,0.5,0.5,39.66666793823242,9.0,110.40625762939453
development,identity,4002,14,1,0,0.5,0.5,99.66667175292969,10.666666984558105,113.43749237060547
development,identity,4002,15,1,0,0.5,0.5,500.0,10.0,120.921875
development,identity,4002,16,1,0,0.5,0.5,45.66666793823242,8.666666984558105,119.70832824707031
development,identity,4002,17,1,0,0.5,0.5,35.66666793823242,9.666666984558105,127.26564025878906
development,identity,4002,18,1,0,0.5,0.5,41.0,9.666666984558105,135.9791717529297
development,identity,4002,19,1,0,0.5,0.5,61.0,10.666666984558105,140.90626525878906
development,identity,4002,20,2,1,0.5,0.5,10.666666984558105,206.33334350585938,14.744791030883789
development,identity,4002,21,2,1,0.5,0.5,12.666666984558105,500.0,24.442707061767578
development,identity,4002,22,2,1,0.5,0.5,10.666666984558105,432.66668701171875,34.682289123535156
development,identity,4002,23,2,1,0.5,0.5,9.666666984558105,324.66668701171875,41.96875
development,identity,4002,24,2,1,0.5,0.5,11.333333969116211,500.0,44.484375
development,identity,4002,25,2,1,0.5,0.5,9.0,26.33333396911621,49.53125762939453
development,identity,4002,26,2,1,0.5,0.5,9.666666984558105,10.0,68.86458587646484
development,identity,4002,27,2,1,0.5,0.5,9.333333969116211,9.666666984558105,63.234371185302734
development,identity,4002,28,2,1,0.5,0.5,9.333333969116211,9.666666984558105,84.06250762939453
development,identity,4002,29,2,1,0.5,0.5,13.0,16.666667938232422,86.55207824707031
development,identity,4002,30,2,1,0.5,0.5,16.666667938232422,32.66666793823242,88.59895324707031
development,identity,4002,31,2,1,0.5,0.5,17.33333396911621,11.333333969116211,95.41665649414062
development,identity,4002,32,2,1,0.5,0.5,150.33334350585938,11.0,106.53645324707031
development,identity,4002,33,2,1,0.5,0.5,152.33334350585938,10.0,105.11978912353516
development,identity,4002,34,2,1,0.5,0.5,169.33334350585938,9.0,114.828125
development,identity,4002,35,2,1,0.5,0.5,157.33334350585938,9.666666984558105,131.02603149414062
development,identity,4002,36,2,1,0.5,0.5,203.33334350585938,10.0,165.15103149414062
development,identity,4002,37,2,1,0.5,0.5,179.6666717529297,9.0,176.80209350585938
development,identity,4002,38,2,1,0.5,0.5,206.0,9.0,200.08334350585938
development,identity,4002,39,2,1,0.5,0.5,251.6666717529297,9.666666984558105,201.4166717529297
development,identity,4002,40,3,0,0.5,0.5,10.0,229.6666717529297,10.208333969116211
development,identity,4002,41,3,0,0.5,0.5,12.666666984558105,147.33334350585938,11.755208015441895
development,identity,4002,42,3,0,0.5,0.5,15.666666984558105,29.666667938232422,14.890625953674316
development,identity,4002,43,3,0,0.5,0.5,23.0,24.666667938232422,22.885414123535156
development,identity,4002,44,3,0,0.5,0.5,34.333335876464844,20.666667938232422,35.046878814697266
development,identity,4002,45,3,0,0.5,0.5,46.66666793823242,17.0,57.609378814697266
development,identity,4002,46,3,0,0.5,0.5,67.0,17.33333396911621,85.76042175292969
development,identity,4002,47,3,0,0.5,0.5,105.33333587646484,13.0,112.21875
development,identity,4002,48,3,0,0.5,0.5,111.66667175292969,14.0,146.4166717529297
development,identity,4002,49,3,0,0.5,0.5,215.6666717529297,12.666666984558105,204.21353149414062
development,identity,4002,50,3,0,0.5,0.5,202.33334350585938,13.333333969116211,217.55731201171875
development,identity,4002,51,3,0,0.5,0.5,150.33334350585938,12.666666984558105,254.3333740234375
development,identity,4002,52,3,0,0.5,0.5,194.0,13.666666984558105,268.4114685058594
development,identity,4002,53,3,0,0.5,0.5,115.0,12.0,284.875
development,identity,4002,54,3,0,0.5,0.5,94.66667175292969,13.666666984558105,304.2292175292969
development,identity,4002,55,3,0,0.5,0.5,82.0,15.0,295.40625
development,identity,4002,56,3,0,0.5,0.5,70.66667175292969,16.666667938232422,319.5207824707031
development,identity,4002,57,3,0,0.5,0.5,76.66667175292969,15.333333969116211,307.5885314941406
development,identity,4002,58,3,0,0.5,0.5,59.333335876464844,16.0,304.4270935058594
development,identity,4002,59,3,0,0.5,0.5,64.0,15.333333969116211,301.1927185058594
development,identity,4002,60,4,1,0.5,0.5,14.666666984558105,69.0,11.572916030883789
development,identity,4002,61,4,1,0.5,0.5,14.666666984558105,100.66667175292969,13.552082061767578
development,identity,4002,62,4,1,0.5,0.5,13.666666984558105,81.33333587646484,14.677082061767578
development,identity,4002,63,4,1,0.5,0.5,14.666666984558105,48.66666793823242,16.463542938232422
development,identity,4002,64,4,1,0.5,0.5,95.66667175292969,15.666666984558105,20.66145896911621
development,identity,4002,65,4,1,0.5,0.5,60.0,13.0,24.6875
development,identity,4002,66,4,1,0.5,0.5,87.33333587646484,13.333333969116211,34.94270324707031
development,identity,4002,67,4,1,0.5,0.5,77.66667175292969,11.666666984558105,40.802085876464844
development,identity,4002,68,4,1,0.5,0.5,46.0,14.333333969116211,47.77604675292969
development,identity,4002,69,4,1,0.5,0.5,30.33333396911621,15.666666984558105,62.843753814697266
development,identity,4002,70,4,1,0.5,0.5,18.0,18.0,71.609375
development,identity,4002,71,4,1,0.5,0.5,17.666667938232422,17.0,77.921875
development,identity,4002,72,4,1,0.5,0.5,39.333335876464844,16.666667938232422,83.24479675292969
development,identity,4002,73,4,1,0.5,0.5,74.66667175292969,16.0,84.24999237060547
development,identity,4002,74,4,1,0.5,0.5,74.66667175292969,14.666666984558105,90.16666412353516
development,identity,4002,75,4,1,0.5,0.5,56.333335876464844,18.666667938232422,94.23957824707031
development,identity,4002,76,4,1,0.5,0.5,232.0,15.333333969116211,108.69792175292969
development,identity,4002,77,4,1,0.5,0.5,192.0,13.333333969116211,109.92707824707031
development,identity,4002,78,4,1,0.5,0.5,81.0,15.0,119.23957824707031
development,identity,4002,79,4,1,0.5,0.5,230.6666717529297,13.0,135.09896850585938
development,identity,4003,0,1,0,0.5,0.5,9.0,9.0,16.807292938232422
development,identity,4003,1,1,0,0.5,0.5,9.666666984558105,9.333333969116211,22.182289123535156
development,identity,4003,2,1,0,0.5,0.5,9.333333969116211,9.333333969116211,26.307294845581055
development,identity,4003,3,1,0,0.5,0.5,10.0,9.0,26.911460876464844
development,identity,4003,4,1,0,0.5,0.5,9.666666984558105,8.666666984558105,30.911457061767578
development,identity,4003,5,1,0,0.5,0.5,9.333333969116211,10.333333969116211,35.739585876464844
development,identity,4003,6,1,0,0.5,0.5,9.0,9.666666984558105,41.75520324707031
development,identity,4003,7,1,0,0.5,0.5,9.0,9.333333969116211,44.187503814697266
development,identity,4003,8,1,0,0.5,0.5,9.666666984558105,9.666666984558105,43.34895324707031
development,identity,4003,9,1,0,0.5,0.5,9.0,10.0,48.609375
development,identity,4003,10,1,0,0.5,0.5,11.333333969116211,18.666667938232422,44.223960876464844
development,identity,4003,11,1,0,0.5,0.5,57.66666793823242,19.33333396911621,55.50520706176758
development,identity,4003,12,1,0,0.5,0.5,39.333335876464844,17.33333396911621,58.63020706176758
development,identity,4003,13,1,0,0.5,0.5,43.0,25.33333396911621,59.333335876464844
development,identity,4003,14,1,0,0.5,0.5,27.33333396911621,19.666667938232422,61.23957824707031
development,identity,4003,15,1,0,0.5,0.5,11.0,9.333333969116211,67.41145324707031
development,identity,4003,16,1,0,0.5,0.5,74.33333587646484,24.0,71.30208587646484
development,identity,4003,17,1,0,0.5,0.5,37.333335876464844,29.0,72.48957824707031
development,identity,4003,18,1,0,0.5,0.5,11.0,9.666666984558105,72.21875
development,identity,4003,19,1,0,0.5,0.5,10.666666984558105,9.666666984558105,75.359375
development,identity,4003,20,2,1,0.5,0.5,10.666666984558105,13.0,17.86458396911621
development,identity,4003,21,2,1,0.5,0.5,21.33333396911621,13.333333969116211,21.630207061767578
development,identity,4003,22,2,1,0.5,0.5,40.333335876464844,57.333335876464844,30.135417938232422
development,identity,4003,23,2,1,0.5,0.5,37.333335876464844,12.666666984558105,38.979164123535156
development,identity,4003,24,2,1,0.5,0.5,32.66666793823242,14.0,40.854164123535156
development,identity,4003,25,2,1,0.5,0.5,23.666667938232422,10.0,56.13541793823242
development,identity,4003,26,2,1,0.5,0.5,10.333333969116211,9.333333969116211,69.40625
development,identity,4003,27,2,1,0.5,0.5,11.333333969116211,8.333333969116211,75.74479675292969
development,identity,4003,28,2,1,0.5,0.5,9.0,9.0,71.32813262939453
development,identity,4003,29,2,1,0.5,0.5,9.666666984558105,9.333333969116211,86.73958587646484
development,identity,4003,30,2,1,0.5,0.5,9.333333969116211,8.666666984558105,78.02082824707031
development,identity,4003,31,2,1,0.5,0.5,9.333333969116211,9.0,84.36458587646484
development,identity,4003,32,2,1,0.5,0.5,10.0,9.333333969116211,86.94792175292969
development,identity,4003,33,2,1,0.5,0.5,10.0,9.0,111.18228149414062
development,identity,4003,34,2,1,0.5,0.5,9.666666984558105,9.666666984558105,108.05207824707031
development,identity,4003,35,2,1,0.5,0.5,9.0,8.666666984558105,109.76041412353516
development,identity,4003,36,2,1,0.5,0.5,9.666666984558105,9.666666984558105,112.23958587646484
development,identity,4003,37,2,1,0.5,0.5,10.0,11.0,117.40626525878906
development,identity,4003,38,2,1,0.5,0.5,58.0,19.0,126.83853912353516
development,identity,4003,39,2,1,0.5,0.5,71.0,21.33333396911621,111.93750762939453
development,identity,4003,40,3,0,0.5,0.5,9.333333969116211,9.666666984558105,20.02604103088379
development,identity,4003,41,3,0,0.5,0.5,9.333333969116211,23.666667938232422,25.890623092651367
development,identity,4003,42,3,0,0.5,0.5,10.0,51.0,31.890625
development,identity,4003,43,3,0,0.5,0.5,16.33333396911621,109.66667175292969,44.39061737060547
development,identity,4003,44,3,0,0.5,0.5,97.66667175292969,44.0,47.864585876464844
development,identity,4003,45,3,0,0.5,0.5,61.333335876464844,35.0,61.442710876464844
development,identity,4003,46,3,0,0.5,0.5,33.66666793823242,27.33333396911621,66.75000762939453
development,identity,4003,47,3,0,0.5,0.5,22.666667938232422,15.333333969116211,81.52603912353516
development,identity,4003,48,3,0,0.5,0.5,15.333333969116211,16.33333396911621,78.40104675292969
development,identity,4003,49,3,0,0.5,0.5,13.0,13.666666984558105,93.84374237060547
development,identity,4003,50,3,0,0.5,0.5,11.666666984558105,12.0,95.98439025878906
development,identity,4003,51,3,0,0.5,0.5,18.33333396911621,16.666667938232422,97.38541412353516
development,identity,4003,52,3,0,0.5,0.5,15.333333969116211,24.0,97.75520324707031
development,identity,4003,53,3,0,0.5,0.5,11.666666984558105,13.333333969116211,96.88541412353516
development,identity,4003,54,3,0,0.5,0.5,21.0,13.0,100.31251525878906
development,identity,4003,55,3,0,0.5,0.5,52.66666793823242,19.0,106.90105438232422
development,identity,4003,56,3,0,0.5,0.5,48.0,12.333333969116211,116.61979675292969
development,identity,4003,57,3,0,0.5,0.5,37.0,12.0,114.3125228881836
development,identity,4003,58,3,0,0.5,0.5,25.33333396911621,11.333333969116211,111.91146850585938
development,identity,4003,59,3,0,0.5,0.5,27.0,13.333333969116211,117.20833587646484
development,identity,4003,60,4,1,0.5,0.5,22.33333396911621,62.66666793823242,23.338542938232422
development,identity,4003,61,4,1,0.5,0.5,52.0,37.333335876464844,30.55208396911621
development,identity,4003,62,4,1,0.5,0.5,69.33333587646484,195.6666717529297,40.901039123535156
development,identity,4003,63,4,1,0.5,0.5,218.6666717529297,30.33333396911621,58.494789123535156
development,identity,4003,64,4,1,0.5,0.5,69.66667175292969,32.333335876464844,68.03125762939453
development,identity,4003,65,4,1,0.5,0.5,163.33334350585938,30.33333396911621,66.36978149414062
development,identity,4003,66,4,1,0.5,0.5,21.33333396911621,44.66666793823242,75.52084350585938
development,identity,4003,67,4,1,0.5,0.5,17.666667938232422,81.33333587646484,77.48958587646484
development,identity,4003,68,4,1,0.5,0.5,20.666667938232422,60.0,94.92189025878906
development,identity,4003,69,4,1,0.5,0.5,18.0,143.33334350585938,89.09375
development,identity,4003,70,4,1,0.5,0.5,18.666667938232422,67.0,93.14583587646484
development,identity,4003,71,4,1,0.5,0.5,24.0,53.0,101.5260238647461
development,identity,4003,72,4,1,0.5,0.5,21.0,77.0,101.41146087646484
development,identity,4003,73,4,1,0.5,0.5,28.33333396911621,61.66666793823242,131.4947967529297
development,identity,4003,74,4,1,0.5,0.5,24.666667938232422,140.33334350585938,120.95833587646484
development,identity,4003,75,4,1,0.5,0.5,23.33333396911621,110.33333587646484,134.5052032470703
development,identity,4003,76,4,1,0.5,0.5,22.33333396911621,134.6666717529297,126.1666488647461
development,identity,4003,77,4,1,0.5,0.5,40.333335876464844,70.0,140.19271850585938
development,identity,4003,78,4,1,0.5,0.5,146.6666717529297,43.66666793823242,150.9635467529297
development,identity,4003,79,4,1,0.5,0.5,148.6666717529297,52.0,147.93751525878906
development,arithmetic,4001,0,1,0,0.5,0.5126575827598572,9.0,8.666666984558105,12.744791030883789
development,arithmetic,4001,1,1,0,0.5126575827598572,0.5015649795532227,8.666666984558105,9.0,13.286458015441895
development,arithmetic,4001,2,1,0,0.5015649795532227,0.48765501379966736,9.0,9.0,14.901043891906738
development,arithmetic,4001,3,1,0,0.48765501379966736,0.47859665751457214,9.333333969116211,9.333333969116211,17.369789123535156
development,arithmetic,4001,4,1,0,0.47859665751457214,0.46678006649017334,9.666666984558105,9.666666984558105,22.703121185302734
development,arithmetic,4001,5,1,0,0.46678006649017334,0.45954328775405884,69.66667175292969,238.0,30.713542938232422
development,arithmetic,4001,6,1,0,0.45954328775405884,0.4481971263885498,24.666667938232422,14.666666984558105,39.30729675292969
development,arithmetic,4001,7,1,0,0.4481971263885498,0.4290112555027008,16.33333396911621,11.333333969116211,43.192710876464844
development,arithmetic,4001,8,1,0,0.4290112555027008,0.41193193197250366,13.333333969116211,9.666666984558105,43.53125
development,arithmetic,4001,9,1,0,0.41193193197250366,0.3955325484275818,8.666666984558105,12.0,45.723960876464844
development,arithmetic,4001,10,1,0,0.3955325484275818,0.38097473978996277,9.333333969116211,9.333333969116211,51.135414123535156
development,arithmetic,4001,11,1,0,0.38097473978996277,0.3681012690067291,10.0,9.333333969116211,57.34895706176758
development,arithmetic,4001,12,1,0,0.3681012690067291,0.3534468412399292,9.333333969116211,10.0,66.78125
development,arithmetic,4001,13,1,0,0.3534468412399292,0.3415035605430603,10.0,9.333333969116211,78.66146850585938
development,arithmetic,4001,14,1,0,0.3415035605430603,0.3279080092906952,8.666666984558105,9.333333969116211,84.9375
development,arithmetic,4001,15,1,0,0.3279080092906952,0.3168277144432068,9.333333969116211,9.0,87.328125
development,arithmetic,4001,16,1,0,0.3168277144432068,0.30231910943984985,9.333333969116211,9.0,83.99479675292969
development,arithmetic,4001,17,1,0,0.30231910943984985,0.293017715215683,10.0,9.0,102.12499237060547
development,arithmetic,4001,18,1,0,0.293017715215683,0.28047457337379456,9.666666984558105,10.0,106.20311737060547
development,arithmetic,4001,19,1,0,0.28047457337379456,0.2709970772266388,9.0,9.0,123.95834350585938
development,arithmetic,4001,20,2,1,0.2709970772266388,0.26679566502571106,10.0,9.333333969116211,31.0625
development,arithmetic,4001,21,2,1,0.26679566502571106,0.2676306962966919,13.0,12.666666984558105,50.4375
development,arithmetic,4001,22,2,1,0.2676306962966919,0.26430612802505493,23.666667938232422,28.666667938232422,66.41146087646484
development,arithmetic,4001,23,2,1,0.26430612802505493,0.25299203395843506,10.0,9.0,68.84896850585938
development,arithmetic,4001,24,2,1,0.25299203395843506,0.245208278298378,9.0,9.333333969116211,76.16145324707031
development,arithmetic,4001,25,2,1,0.245208278298378,0.23618324100971222,9.666666984558105,9.0,85.53646087646484
development,arithmetic,4001,26,2,1,0.23618324100971222,0.23035185039043427,10.0,11.0,105.95833587646484
development,arithmetic,4001,27,2,1,0.23035185039043427,0.2260729968547821,9.666666984558105,42.0,146.4322967529297
development,arithmetic,4001,28,2,1,0.2260729968547821,0.21911746263504028,9.333333969116211,91.0,181.63021850585938
development,arithmetic,4001,29,2,1,0.21911746263504028,0.21370743215084076,9.333333969116211,153.33334350585938,219.16143798828125
development,arithmetic,4001,30,2,1,0.21370743215084076,0.20843097567558289,166.0,490.3333435058594,257.8854064941406
development,arithmetic,4001,31,2,1,0.20843097567558289,0.2026505321264267,359.3333435058594,467.3333435058594,311.5989685058594
development,arithmetic,4001,32,2,1,0.2026505321264267,0.1927671581506729,471.66668701171875,343.3333435058594,349.1562805175781
development,arithmetic,4001,33,2,1,0.1927671581506729,0.18336579203605652,500.0,239.0,382.109375
development,arithmetic,4001,34,2,1,0.18336579203605652,0.17442293465137482,500.0,263.66668701171875,410.1822814941406
development,arithmetic,4001,35,2,1,0.17442293465137482,0.16591623425483704,500.0,372.0,419.79168701171875
development,arithmetic,4001,36,2,1,0.16591623425483704,0.15782441198825836,500.0,470.0,440.8072814941406
development,arithmetic,4001,37,2,1,0.15782441198825836,0.15012723207473755,500.0,494.66668701171875,432.0416564941406
development,arithmetic,4001,38,2,1,0.15012723207473755,0.14280544221401215,500.0,500.0,393.84893798828125
development,arithmetic,4001,39,2,1,0.14280544221401215,0.1358407437801361,500.0,500.0,435.359375
development,arithmetic,4001,40,3,0,0.1358407437801361,0.13248682022094727,500.0,500.0,147.7447967529297
development,arithmetic,4001,41,3,0,0.13248682022094727,0.13166135549545288,500.0,500.0,233.1875
development,arithmetic,4001,42,3,0,0.13166135549545288,0.12524016201496124,500.0,500.0,367.98956298828125
development,arithmetic,4001,43,3,0,0.12524016201496124,0.1191321313381195,500.0,500.0,452.4375
development,arithmetic,4001,44,3,0,0.1191321313381195,0.11332198977470398,500.0,500.0,490.25
development,arithmetic,4001,45,3,0,0.11332198977470398,0.10779521614313126,500.0,500.0,486.328125
development,arithmetic,4001,46,3,0,0.10779521614313126,0.10253798216581345,500.0,500.0,465.67706298828125
development,arithmetic,4001,47,3,0,0.10253798216581345,0.09753714501857758,500.0,500.0,483.21875
development,arithmetic,4001,48,3,0,0.09753714501857758,0.092780202627182,500.0,500.0,494.0677185058594
development,arithmetic,4001,49,3,0,0.092780202627182,0.08825526386499405,500.0,500.0,494.3645935058594
development,arithmetic,4001,50,3,0,0.08825526386499405,0.08395100384950638,500.0,500.0,500.0
development,arithmetic,4001,51,3,0,0.08395100384950638,0.07985666394233704,500.0,500.0,481.015625
development,arithmetic,4001,52,3,0,0.07985666394233704,0.07596200704574585,500.0,500.0,497.1510314941406
development,arithmetic,4001,53,3,0,0.07596200704574585,0.07225729525089264,500.0,500.0,498.18231201171875
development,arithmetic,4001,54,3,0,0.07225729525089264,0.06873326748609543,500.0,500.0,495.13018798828125
development,arithmetic,4001,55,3,0,0.06873326748609543,0.06538110971450806,500.0,500.0,500.0
development,arithmetic,4001,56,3,0,0.06538110971450806,0.062192436307668686,500.0,500.0,494.15625
development,arithmetic,4001,57,3,0,0.062192436307668686,0.059159278869628906,500.0,500.0,500.0
development,arithmetic,4001,58,3,0,0.059159278869628906,0.05627404898405075,500.0,500.0,492.6822814941406
development,arithmetic,4001,59,3,0,0.05627404898405075,0.0535295344889164,500.0,500.0,470.63543701171875
development,arithmetic,4001,60,4,1,0.0535295344889164,0.05091886967420578,500.0,500.0,461.234375
development,arithmetic,4001,61,4,1,0.05091886967420578,0.048435527831315994,500.0,500.0,497.7708435058594
development,arithmetic,4001,62,4,1,0.048435527831315994,0.046073298901319504,500.0,500.0,495.0833435058594
development,arithmetic,4001,63,4,1,0.046073298901319504,0.043826278299093246,500.0,500.0,500.0
development,arithmetic,4001,64,4,1,0.043826278299093246,0.04168884828686714,500.0,500.0,499.390625
development,arithmetic,4001,65,4,1,0.04168884828686714,0.0396556593477726,500.0,500.0,499.14581298828125
development,arithmetic,4001,66,4,1,0.0396556593477726,0.037721630185842514,500.0,500.0,499.14581298828125
development,arithmetic,4001,67,4,1,0.037721630185842514,0.035881925374269485,500.0,500.0,500.0
development,arithmetic,4001,68,4,1,0.035881925374269485,0.03413194417953491,500.0,500.0,499.8125
development,arithmetic,4001,69,4,1,0.03413194417953491,0.0324673093855381,500.0,500.0,500.0
development,arithmetic,4001,70,4,1,0.0324673093855381,0.03088386170566082,500.0,500.0,500.0
development,arithmetic,4001,71,4,1,0.03088386170566082,0.029377639293670654,500.0,500.0,500.0
development,arithmetic,4001,72,4,1,0.029377639293670654,0.02794487588107586,500.0,500.0,500.0
development,arithmetic,4001,73,4,1,0.02794487588107586,0.026581989601254463,500.0,500.0,500.0
development,arithmetic,4001,74,4,1,0.026581989601254463,0.025285571813583374,500.0,500.0,500.0
development,arithmetic,4001,75,4,1,0.025285571813583374,0.02405238151550293,500.0,500.0,500.0
development,arithmetic,4001,76,4,1,0.02405238151550293,0.022879334166646004,500.0,500.0,500.0
development,arithmetic,4001,77,4,1,0.022879334166646004,0.021763496100902557,500.0,500.0,500.0
development,arithmetic,4001,78,4,1,0.021763496100902557,0.020702078938484192,500.0,500.0,500.0
development,arithmetic,4001,79,4,1,0.020702078938484192,0.019692426547408104,500.0,500.0,500.0
development,arithmetic,4002,0,1,0,0.5,0.4984399378299713,9.666666984558105,10.0,12.338541030883789
development,arithmetic,4002,1,1,0,0.4984399378299713,0.4953343868255615,10.0,11.666666984558105,12.453125
development,arithmetic,4002,2,1,0,0.4953343868255615,0.4876549243927002,9.666666984558105,11.666666984558105,28.369792938232422
development,arithmetic,4002,3,1,0,0.4876549243927002,0.4800945222377777,10.0,9.0,28.421875
development,arithmetic,4002,4,1,0,0.4800945222377777,0.47413069009780884,9.333333969116211,9.333333969116211,40.5625
development,arithmetic,4002,5,1,0,0.47413069009780884,0.4667799770832062,9.666666984558105,8.666666984558105,57.85416030883789
development,arithmetic,4002,6,1,0,0.4667799770832062,0.45100706815719604,12.666666984558105,11.0,68.40104675292969
development,arithmetic,4002,7,1,0,0.45100706815719604,0.43305206298828125,8.666666984558105,9.333333969116211,85.28125762939453
development,arithmetic,4002,8,1,0,0.43305206298828125,0.4145145118236542,14.666666984558105,10.333333969116211,82.11457824707031
development,arithmetic,4002,9,1,0,0.4145145118236542,0.3992580771446228,13.333333969116211,9.0,95.19271850585938
development,arithmetic,4002,10,1,0,0.3992580771446228,0.384563148021698,105.0,9.666666984558105,115.94270324707031
development,arithmetic,4002,11,1,0,0.384563148021698,0.3715684115886688,495.0,9.0,140.58334350585938
development,arithmetic,4002,12,1,0,0.3715684115886688,0.3545530438423157,500.0,9.333333969116211,143.0625
development,arithmetic,4002,13,1,0,0.3545530438423157,0.3415035307407379,500.0,9.0,166.9375
development,arithmetic,4002,14,1,0,0.3415035307407379,0.3299638330936432,264.66668701171875,11.0,186.6197967529297
development,arithmetic,4002,15,1,0,0.3299638330936432,0.3198119103908539,253.0,10.333333969116211,217.546875
development,arithmetic,4002,16,1,0,0.3198119103908539,0.30900517106056213,302.66668701171875,9.0,218.72398376464844
development,arithmetic,4002,17,1,0,0.30900517106056213,0.2985635995864868,377.3333435058594,9.666666984558105,251.42709350585938
development,arithmetic,4002,18,1,0,0.2985635995864868,0.28937774896621704,478.66668701171875,9.333333969116211,312.6353759765625
development,arithmetic,4002,19,1,0,0.28937774896621704,0.2752646505832672,227.33334350585938,9.666666984558105,321.2395935058594
development,arithmetic,4002,20,2,1,0.2752646505832672,0.27699044346809387,9.0,29.0,10.692708969116211
development,arithmetic,4002,21,2,1,0.27699044346809387,0.27872705459594727,19.0,9.666666984558105,12.234375
development,arithmetic,4002,22,2,1,0.27872705459594727,0.27785739302635193,17.33333396911621,63.333335876464844,16.40625
development,arithmetic,4002,23,2,1,0.27785739302635193,0.2761262059211731,15.666666984558105,95.33333587646484,20.328125
development,arithmetic,4002,24,2,1,0.2761262059211731,0.2761262059211731,17.666667938232422,53.333335876464844,30.33333396911621
development,arithmetic,4002,25,2,1,0.2761262059211731,0.2709970772266388,19.0,38.66666793823242,30.078125
development,arithmetic,4002,26,2,1,0.2709970772266388,0.2676306962966919,27.0,26.666667938232422,38.9375
development,arithmetic,4002,27,2,1,0.2676306962966919,0.263481467962265,24.666667938232422,29.0,46.9375
development,arithmetic,4002,28,2,1,0.263481467962265,0.25299203395843506,26.33333396911621,31.0,53.13020324707031
development,arithmetic,4002,29,2,1,0.25299203395843506,0.24597576260566711,25.666667938232422,25.0,52.770835876464844
development,arithmetic,4002,30,2,1,0.24597576260566711,0.236922487616539,31.33333396911621,21.0,56.239585876464844
development,arithmetic,4002,31,2,1,0.236922487616539,0.22820241749286652,28.33333396911621,22.666667938232422,59.15103530883789
development,arithmetic,4002,32,2,1,0.22820241749286652,0.21911747753620148,30.666667938232422,28.0,64.16146087646484
development,arithmetic,4002,33,2,1,0.21911747753620148,0.2117132991552353,27.0,27.666667938232422,63.895835876464844
development,arithmetic,4002,34,2,1,0.2117132991552353,0.20519955456256866,34.66666793823242,20.0,74.03646087646484
development,arithmetic,4002,35,2,1,0.20519955456256866,0.19950872659683228,42.333335876464844,18.0,75.56770324707031
development,arithmetic,4002,36,2,1,0.19950872659683228,0.19641563296318054,46.0,16.33333396911621,109.52604675292969
development,arithmetic,4002,37,2,1,0.19641563296318054,0.18977858126163483,225.0,12.666666984558105,105.84374237060547
development,arithmetic,4002,38,2,1,0.18977858126163483,0.18567225337028503,103.0,11.666666984558105,108.78125
development,arithmetic,4002,39,2,1,0.18567225337028503,0.18052297830581665,500.0,9.666666984558105,122.44792175292969
development,arithmetic,4002,40,3,0,0.18052297830581665,0.17828048765659332,11.0,307.66668701171875,12.744790077209473
development,arithmetic,4002,41,3,0,0.17828048765659332,0.17883847653865814,11.666666984558105,500.0,15.218749046325684
development,arithmetic,4002,42,3,0,0.17883847653865814,0.17883847653865814,14.0,112.66667175292969,21.833332061767578
development,arithmetic,4002,43,3,0,0.17883847653865814,0.17883847653865814,30.33333396911621,24.0,48.479164123535156
development,arithmetic,4002,44,3,0,0.17883847653865814,0.1799597144126892,57.333335876464844,17.33333396911621,90.69271087646484
development,arithmetic,4002,45,3,0,0.1799597144126892,0.17883847653865814,69.33333587646484,15.666666984558105,169.03125
development,arithmetic,4002,46,3,0,0.17883847653865814,0.17496885359287262,87.66667175292969,18.0,257.0
development,arithmetic,4002,47,3,0,0.17496885359287262,0.16958563029766083,161.6666717529297,13.666666984558105,313.0155944824219
development,arithmetic,4002,48,3,0,0.16958563029766083,0.16131484508514404,500.0,12.666666984558105,371.47393798828125
development,arithmetic,4002,49,3,0,0.16131484508514404,0.15344743430614471,500.0,10.0,382.015625
development,arithmetic,4002,50,3,0,0.15344743430614471,0.14596371352672577,500.0,10.0,427.80206298828125
development,arithmetic,4002,51,3,0,0.14596371352672577,0.13884498178958893,500.0,10.0,435.02081298828125
development,arithmetic,4002,52,3,0,0.13884498178958893,0.13207343220710754,500.0,10.0,459.75
development,arithmetic,4002,53,3,0,0.13207343220710754,0.1256321370601654,500.0,9.333333969116211,462.296875
development,arithmetic,4002,54,3,0,0.1256321370601654,0.11950498819351196,500.0,10.333333969116211,463.453125
development,arithmetic,4002,55,3,0,0.11950498819351196,0.11367666721343994,500.0,10.666666984558105,429.47393798828125
development,arithmetic,4002,56,3,0,0.11367666721343994,0.10813259333372116,500.0,11.0,472.54168701171875
development,arithmetic,4002,57,3,0,0.10813259333372116,0.10285890847444534,500.0,9.666666984558105,470.1978759765625
development,arithmetic,4002,58,3,0,0.10285890847444534,0.09784242510795593,500.0,10.0,473.71875
development,arithmetic,4002,59,3,0,0.09784242510795593,0.09307059645652771,500.0,9.333333969116211,480.78125
development,arithmetic,4002,60,4,1,0.09307059645652771,0.092780202627182,11.0,500.0,10.03125
development,arithmetic,4002,61,4,1,0.092780202627182,0.08992565423250198,11.666666984558105,500.0,10.161458015441895
development,arithmetic,4002,62,4,1,0.08992565423250198,0.08825525641441345,11.0,500.0,10.8125
development,arithmetic,4002,63,4,1,0.08825525641441345,0.08964507281780243,11.333333969116211,500.0,11.390625
development,arithmetic,4002,64,4,1,0.08964507281780243,0.0885314866900444,13.333333969116211,500.0,12.078125
development,arithmetic,4002,65,4,1,0.0885314866900444,0.08770538121461868,13.333333969116211,500.0,13.1875
development,arithmetic,4002,66,4,1,0.08770538121461868,0.08825525641441345,16.666667938232422,387.0,14.859376907348633
development,arithmetic,4002,67,4,1,0.08825525641441345,0.0871589332818985,18.0,62.0,15.843748092651367
development,arithmetic,4002,68,4,1,0.0871589332818985,0.08797989040613174,20.666667938232422,37.0,18.75520896911621
development,arithmetic,4002,69,4,1,0.08797989040613174,0.0871589332818985,24.0,30.666667938232422,22.0
development,arithmetic,4002,70,4,1,0.0871589332818985,0.08661589026451111,32.333335876464844,27.0,26.03645896911621
development,arithmetic,4002,71,4,1,0.08661589026451111,0.08688698709011078,43.0,19.666667938232422,36.005210876464844
development,arithmetic,4002,72,4,1,0.08688698709011078,0.08797989040613174,55.0,20.33333396911621,46.651039123535156
development,arithmetic,4002,73,4,1,0.08797989040613174,0.0885314866900444,221.33334350585938,17.33333396911621,59.671871185302734
development,arithmetic,4002,74,4,1,0.0885314866900444,0.08825525641441345,93.66667175292969,15.0,74.83332824707031
development,arithmetic,4002,75,4,1,0.08825525641441345,0.0871589332818985,249.0,15.666666984558105,87.61979675292969
development,arithmetic,4002,76,4,1,0.0871589332818985,0.08688698709011078,119.0,13.333333969116211,122.85416412353516
development,arithmetic,4002,77,4,1,0.08688698709011078,0.0847417414188385,82.0,12.333333969116211,145.57290649414062
development,arithmetic,4002,78,4,1,0.0847417414188385,0.08342794328927994,100.0,12.666666984558105,174.96876525878906
development,arithmetic,4002,79,4,1,0.08342794328927994,0.08316763490438461,197.33334350585938,12.0,228.50521850585938
development,arithmetic,4003,0,1,0,0.5,0.4984399378299713,9.0,9.0,16.807292938232422
development,arithmetic,4003,1,1,0,0.4984399378299713,0.49071234464645386,9.666666984558105,9.333333969116211,22.203125
development,arithmetic,4003,2,1,0,0.49071234464645386,0.4741307497024536,9.333333969116211,9.333333969116211,25.213542938232422
development,arithmetic,4003,3,1,0,0.4741307497024536,0.4552551805973053,10.0,9.0,26.682292938232422
development,arithmetic,4003,4,1,0,0.4552551805973053,0.44262951612472534,9.666666984558105,8.666666984558105,36.531253814697266
development,arithmetic,4003,5,1,0,0.44262951612472534,0.4344075322151184,15.666666984558105,8.333333969116211,44.234375
development,arithmetic,4003,6,1,0,0.4344075322151184,0.41451454162597656,9.666666984558105,8.666666984558105,44.171878814697266
development,arithmetic,4003,7,1,0,0.41451454162597656,0.39801234006881714,9.333333969116211,9.333333969116211,49.723960876464844
development,arithmetic,4003,8,1,0,0.39801234006881714,0.37978601455688477,9.333333969116211,8.666666984558105,52.125
development,arithmetic,4003,9,1,0,0.37978601455688477,0.36810120940208435,9.666666984558105,11.0,63.80207824707031
development,arithmetic,4003,10,1,0,0.36810120940208435,0.3501487076282501,72.33333587646484,12.0,60.921871185302734
development,arithmetic,4003,11,1,0,0.3501487076282501,0.333071768283844,11.666666984558105,9.333333969116211,61.468746185302734
development,arithmetic,4003,12,1,0,0.333071768283844,0.3198118805885315,23.0,9.666666984558105,75.72396850585938
development,arithmetic,4003,13,1,0,0.3198118805885315,0.30707988142967224,18.0,10.666666984558105,84.32292938232422
development,arithmetic,4003,14,1,0,0.30707988142967224,0.30043545365333557,23.666667938232422,11.0,107.734375
development,arithmetic,4003,15,1,0,0.30043545365333557,0.285783052444458,23.666667938232422,10.333333969116211,99.765625
development,arithmetic,4003,16,1,0,0.285783052444458,0.2761261761188507,20.33333396911621,9.666666984558105,118.58332061767578
development,arithmetic,4003,17,1,0,0.2761261761188507,0.26679563522338867,15.333333969116211,9.666666984558105,118.36979675292969
development,arithmetic,4003,18,1,0,0.26679563522338867,0.25858718156814575,18.0,9.666666984558105,152.3125
development,arithmetic,4003,19,1,0,0.25858718156814575,0.24674560129642487,26.33333396911621,9.666666984558105,146.38539123535156
development,arithmetic,4003,20,2,1,0.24674560129642487,0.24674560129642487,9.333333969116211,11.0,14.192708969116211
development,arithmetic,4003,21,2,1,0.24674560129642487,0.24216222763061523,9.666666984558105,16.0,24.234375
development,arithmetic,4003,22,2,1,0.24216222763061523,0.2347116768360138,11.0,20.666667938232422,30.145832061767578
development,arithmetic,4003,23,2,1,0.2347116768360138,0.23324929177761078,10.333333969116211,20.0,35.11979293823242
development,arithmetic,4003,24,2,1,0.23324929177761078,0.22891661524772644,10.0,23.666667938232422,39.80729293823242
development,arithmetic,4003,25,2,1,0.22891661524772644,0.2204912155866623,9.0,18.33333396911621,41.755210876464844
development,arithmetic,4003,26,2,1,0.2204912155866623,0.214376300573349,11.0,16.0,50.484375
development,arithmetic,4003,27,2,1,0.214376300573349,0.20908333361148834,17.666667938232422,43.0,68.13542175292969
development,arithmetic,4003,28,2,1,0.20908333361148834,0.20519953966140747,12.0,60.333335876464844,79.30208587646484
development,arithmetic,4003,29,2,1,0.20519953966140747,0.19641561806201935,16.666667938232422,206.33334350585938,76.55208587646484
development,arithmetic,4003,30,2,1,0.19641561806201935,0.1903725415468216,14.666666984558105,233.33334350585938,99.390625
development,arithmetic,4003,31,2,1,0.1903725415468216,0.18393968045711517,15.333333969116211,165.6666717529297,106.03125
development,arithmetic,4003,32,2,1,0.18393968045711517,0.17939819395542145,14.0,348.3333435058594,122.46353912353516
development,arithmetic,4003,33,2,1,0.17939819395542145,0.17442291975021362,13.0,26.33333396911621,129.86459350585938
development,arithmetic,4003,34,2,1,0.17442291975021362,0.1674789935350418,9.666666984558105,9.666666984558105,129.21353149414062
development,arithmetic,4003,35,2,1,0.1674789935350418,0.16131483018398285,9.666666984558105,8.666666984558105,158.6354217529297
development,arithmetic,4003,36,2,1,0.16131483018398285,0.15586386620998383,9.0,9.666666984558105,168.69271850585938
development,arithmetic,4003,37,2,1,0.15586386620998383,0.1520155668258667,13.0,9.333333969116211,219.21356201171875
development,arithmetic,4003,38,2,1,0.1520155668258667,0.14687882363796234,23.666667938232422,9.666666984558105,269.046875
development,arithmetic,4003,39,2,1,0.14687882363796234,0.14325237274169922,28.666667938232422,10.0,297.08856201171875
development,arithmetic,4003,40,3,0,0.14325237274169922,0.14280541241168976,9.333333969116211,9.666666984558105,14.098958969116211
development,arithmetic,4003,41,3,0,0.14280541241168976,0.14235983788967133,9.333333969116211,8.333333969116211,19.854167938232422
development,arithmetic,4003,42,3,0,0.14235983788967133,0.14235983788967133,10.0,9.666666984558105,31.463542938232422
development,arithmetic,4003,43,3,0,0.14235983788967133,0.14460167288780212,9.666666984558105,9.0,57.6875
development,arithmetic,4003,44,3,0,0.14460167288780212,0.14325237274169922,9.0,9.0,102.15104675292969
development,arithmetic,4003,45,3,0,0.14325237274169922,0.14147286117076874,10.0,10.0,140.375
development,arithmetic,4003,46,3,0,0.14147286117076874,0.1379798799753189,9.0,9.333333969116211,182.65626525878906
development,arithmetic,4003,47,3,0,0.1379798799753189,0.13499434292316437,9.666666984558105,9.333333969116211,248.63543701171875
development,arithmetic,4003,48,3,0,0.13499434292316437,0.1312505304813385,10.0,9.666666984558105,285.0
development,arithmetic,4003,49,3,0,0.1312505304813385,0.12484937161207199,9.0,9.666666984558105,362.2916564941406
development,arithmetic,4003,50,3,0,0.12484937161207199,0.11876039952039719,9.0,9.333333969116211,373.2760314941406
development,arithmetic,4003,51,3,0,0.11876039952039719,0.11296839267015457,9.333333969116211,9.666666984558105,403.109375
development,arithmetic,4003,52,3,0,0.11296839267015457,0.10745885968208313,8.666666984558105,10.333333969116211,404.0520935058594
development,arithmetic,4003,53,3,0,0.10745885968208313,0.10221803188323975,10.333333969116211,9.0,445.84375
development,arithmetic,4003,54,3,0,0.10221803188323975,0.09723280370235443,19.666667938232422,9.666666984558105,432.24481201171875
development,arithmetic,4003,55,3,0,0.09723280370235443,0.09249071031808853,24.33333396911621,9.666666984558105,413.67706298828125
development,arithmetic,4003,56,3,0,0.09249071031808853,0.08797989040613174,43.333335876464844,10.0,404.65625
development,arithmetic,4003,57,3,0,0.08797989040613174,0.08368906378746033,26.0,9.666666984558105,454.9270935058594
development,arithmetic,4003,58,3,0,0.08368906378746033,0.07960750162601471,36.0,10.0,416.90625
development,arithmetic,4003,59,3,0,0.07960750162601471,0.0757249966263771,62.0,11.333333969116211,439.484375
development,arithmetic,4003,60,4,1,0.0757249966263771,0.07691749185323715,9.333333969116211,30.666667938232422,9.635416984558105
development,arithmetic,4003,61,4,1,0.07691749185323715,0.0757249966263771,11.333333969116211,26.666667938232422,9.901041030883789
development,arithmetic,4003,62,4,1,0.0757249966263771,0.07715823501348495,12.0,18.33333396911621,10.244791984558105
development,arithmetic,4003,63,4,1,0.07715823501348495,0.07667750120162964,9.666666984558105,24.0,10.822916984558105
development,arithmetic,4003,64,4,1,0.07667750120162964,0.07619976252317429,12.333333969116211,118.33333587646484,14.046875
development,arithmetic,4003,65,4,1,0.07619976252317429,0.07667750120162964,11.666666984558105,44.0,13.036458969116211
development,arithmetic,4003,66,4,1,0.07667750120162964,0.07548872381448746,10.666666984558105,18.0,25.72916603088379
development,arithmetic,4003,67,4,1,0.07548872381448746,0.07455098628997803,12.333333969116211,80.33333587646484,32.692710876464844
development,arithmetic,4003,68,4,1,0.07455098628997803,0.074086494743824,18.33333396911621,18.33333396911621,35.817710876464844
development,arithmetic,4003,69,4,1,0.074086494743824,0.07431837171316147,21.0,15.666666984558105,83.73957824707031
development,arithmetic,4003,70,4,1,0.07431837171316147,0.07362489402294159,184.33334350585938,13.333333969116211,121.58854675292969
development,arithmetic,4003,71,4,1,0.07362489402294159,0.07203183323144913,185.6666717529297,14.333333969116211,172.28646850585938
development,arithmetic,4003,72,4,1,0.07203183323144913,0.06959781050682068,37.0,15.0,226.53125
development,arithmetic,4003,73,4,1,0.06959781050682068,0.0676676407456398,48.333335876464844,11.666666984558105,266.375
development,arithmetic,4003,74,4,1,0.0676676407456398,0.06579100340604782,500.0,12.333333969116211,297.54168701171875
development,arithmetic,4003,75,4,1,0.06579100340604782,0.0625823438167572,500.0,11.333333969116211,339.4375
development,arithmetic,4003,76,4,1,0.0625823438167572,0.059530168771743774,500.0,10.0,365.8802185058594
development,arithmetic,4003,77,4,1,0.059530168771743774,0.05662684887647629,500.0,11.333333969116211,339.453125
development,arithmetic,4003,78,4,1,0.05662684887647629,0.05386512726545334,500.0,11.666666984558105,410.2239685058594
development,arithmetic,4003,79,4,1,0.05386512726545334,0.05123809725046158,500.0,12.0,443.61981201171875
development,focus,4001,0,1,0,0.5,0.49409762024879456,9.666666984558105,10.0,10.197916984558105
development,focus,4001,1,1,0,0.49409762024879456,0.4777001142501831,8.666666984558105,9.0,12.166666030883789
development,focus,4001,2,1,0,0.4777001142501831,0.43658503890037537,9.666666984558105,9.666666984558105,16.13020896911621
development,focus,4001,3,1,0,0.43658503890037537,0.39900869131088257,13.333333969116211,11.666666984558105,19.624998092651367
development,focus,4001,4,1,0,0.39900869131088257,0.36466649174690247,10.333333969116211,33.333335876464844,25.671876907348633
development,focus,4001,5,1,0,0.36466649174690247,0.333280086517334,14.333333969116211,19.666667938232422,37.34895706176758
development,focus,4001,6,1,0,0.333280086517334,0.30459505319595337,15.333333969116211,19.0,40.65104293823242
development,focus,4001,7,1,0,0.30459505319595337,0.2783789336681366,211.0,21.666667938232422,57.85416793823242
development,focus,4001,8,1,0,0.2783789336681366,0.27855297923088074,128.33334350585938,59.0,76.00520324707031
development,focus,4001,9,1,0,0.27855297923088074,0.2643061876296997,356.3333435058594,500.0,117.36457824707031
development,focus,4001,10,1,0,0.2643061876296997,0.2644714415073395,500.0,500.0,146.09893798828125
development,focus,4001,11,1,0,0.2644714415073395,0.26712942123413086,357.3333435058594,500.0,193.1875
development,focus,4001,12,1,0,0.26712942123413086,0.2606968581676483,500.0,200.33334350585938,205.43746948242188
development,focus,4001,13,1,0,0.2606968581676483,0.26331689953804016,500.0,188.0,225.06768798828125
development,focus,4001,14,1,0,0.26331689953804016,0.26596328616142273,500.0,269.66668701171875,261.1875
development,focus,4001,15,1,0,0.26596328616142273,0.2686362564563751,500.0,274.3333435058594,317.40625
development,focus,4001,16,1,0,0.2686362564563751,0.2713361084461212,500.0,289.3333435058594,308.25
development,focus,4001,17,1,0,0.2713361084461212,0.2740630805492401,500.0,199.0,307.98956298828125
development,focus,4001,18,1,0,0.2740630805492401,0.2768174707889557,500.0,206.6666717529297,310.70831298828125
development,focus,4001,19,1,0,0.2768174707889557,0.27959954738616943,500.0,300.66668701171875,313.69793701171875
development,focus,4001,20,2,1,0.27959954738616943,0.27716371417045593,187.0,416.3333435058594,104.890625
development,focus,4001,21,2,1,0.27716371417045593,0.26298800110816956,188.0,500.0,141.21875
development,focus,4001,22,2,1,0.26298800110816956,0.2441379427909851,225.0,500.0,195.55731201171875
development,focus,4001,23,2,1,0.2441379427909851,0.22312527894973755,266.0,500.0,257.6770935058594
development,focus,4001,24,2,1,0.22312527894973755,0.2039211541414261,500.0,500.0,335.77081298828125
development,focus,4001,25,2,1,0.2039211541414261,0.20597060024738312,500.0,500.0,398.2239990234375
development,focus,4001,26,2,1,0.20597060024738312,0.20804063975811005,500.0,463.0,435.27081298828125
development,focus,4001,27,2,1,0.20804063975811005,0.2101314812898636,500.0,500.0,427.68231201171875
development,focus,4001,28,2,1,0.2101314812898636,0.21224333345890045,500.0,500.0,434.984375
development,focus,4001,29,2,1,0.21224333345890045,0.21437641978263855,500.0,500.0,419.20831298828125
development,focus,4001,30,2,1,0.21437641978263855,0.2165309339761734,500.0,500.0,407.74481201171875
development,focus,4001,31,2,1,0.2165309339761734,0.2187071144580841,500.0,500.0,424.53125
development,focus,4001,32,2,1,0.2187071144580841,0.2209051549434662,500.0,500.0,396.796875
development,focus,4001,33,2,1,0.2209051549434662,0.22312529385089874,500.0,500.0,398.0989685058594
development,focus,4001,34,2,1,0.22312529385089874,0.2253677397966385,500.0,500.0,408.140625
development,focus,4001,35,2,1,0.2253677397966385,0.22763273119926453,500.0,500.0,401.8854064941406
development,focus,4001,36,2,1,0.22763273119926453,0.22992047667503357,500.0,500.0,453.13018798828125
development,focus,4001,37,2,1,0.22992047667503357,0.23223121464252472,500.0,500.0,422.9375
development,focus,4001,38,2,1,0.23223121464252472,0.23456518352031708,500.0,500.0,363.46875
development,focus,4001,39,2,1,0.23456518352031708,0.23692260682582855,500.0,500.0,413.0260314941406
development,focus,4001,40,3,0,0.23692260682582855,0.23930372297763824,500.0,500.0,360.6927185058594
development,focus,4001,41,3,0,0.23930372297763824,0.24170877039432526,500.0,500.0,442.421875
development,focus,4001,42,3,0,0.24170877039432526,0.2441379874944687,500.0,500.0,432.8229064941406
development,focus,4001,43,3,0,0.2441379874944687,0.24659161269664764,500.0,500.0,445.4010314941406
development,focus,4001,44,3,0,0.24659161269664764,0.24906989932060242,500.0,500.0,457.9114685058594
development,focus,4001,45,3,0,0.24906989932060242,0.2515730857849121,500.0,500.0,444.46875
development,focus,4001,46,3,0,0.2515730857849121,0.254101425409317,500.0,500.0,468.4114685058594
development,focus,4001,47,3,0,0.254101425409317,0.25665518641471863,500.0,500.0,441.9791259765625
development,focus,4001,48,3,0,0.25665518641471863,0.25923460721969604,500.0,500.0,459.5208435058594
development,focus,4001,49,3,0,0.25923460721969604,0.26183995604515076,500.0,500.0,447.28125
development,focus,4001,50,3,0,0.26183995604515076,0.26447150111198425,500.0,369.66668701171875,458.78125
development,focus,4001,51,3,0,0.26447150111198425,0.26712948083877563,500.0,415.3333435058594,452.91668701171875
development,focus,4001,52,3,0,0.26712948083877563,0.2698141932487488,500.0,500.0,450.859375
development,focus,4001,53,3,0,0.2698141932487488,0.2725258767604828,500.0,500.0,462.5416564941406
development,focus,4001,54,3,0,0.2725258767604828,0.27526479959487915,500.0,500.0,475.15106201171875
development,focus,4001,55,3,0,0.27526479959487915,0.27803125977516174,500.0,500.0,421.01043701171875
development,focus,4001,56,3,0,0.27803125977516174,0.28082552552223206,500.0,339.66668701171875,443.66668701171875
development,focus,4001,57,3,0,0.28082552552223206,0.2836478650569916,500.0,15.0,408.75
development,focus,4001,58,3,0,0.2836478650569916,0.2864985764026642,500.0,16.33333396911621,421.72918701171875
development,focus,4001,59,3,0,0.2864985764026642,0.28937792778015137,500.0,123.0,444.4635314941406
development,focus,4001,60,4,1,0.28937792778015137,0.26447150111198425,500.0,500.0,146.4427032470703
development,focus,4001,61,4,1,0.26447150111198425,0.26712948083877563,500.0,500.0,298.89581298828125
development,focus,4001,62,4,1,0.26712948083877563,0.2698141932487488,500.0,500.0,420.3333740234375
development,focus,4001,63,4,1,0.2698141932487488,0.2725258767604828,500.0,500.0,395.953125
development,focus,4001,64,4,1,0.2725258767604828,0.27526479959487915,500.0,500.0,407.8802185058594
development,focus,4001,65,4,1,0.27526479959487915,0.27803125977516174,500.0,500.0,427.03643798828125
development,focus,4001,66,4,1,0.27803125977516174,0.28082552552223206,500.0,500.0,446.82293701171875
development,focus,4001,67,4,1,0.28082552552223206,0.2836478650569916,500.0,500.0,442.53125
development,focus,4001,68,4,1,0.2836478650569916,0.25923463702201843,500.0,500.0,401.84375
development,focus,4001,69,4,1,0.25923463702201843,0.26183998584747314,500.0,430.0,384.33856201171875
development,focus,4001,70,4,1,0.26183998584747314,0.26447153091430664,500.0,123.33333587646484,409.97918701171875
development,focus,4001,71,4,1,0.26447153091430664,0.267129510641098,500.0,137.33334350585938,440.99481201171875
development,focus,4001,72,4,1,0.267129510641098,0.26981422305107117,500.0,303.0,472.1875
development,focus,4001,73,4,1,0.26981422305107117,0.2725259065628052,500.0,481.0,403.046875
development,focus,4001,74,4,1,0.2725259065628052,0.27526482939720154,500.0,500.0,445.1770935058594
development,focus,4001,75,4,1,0.27526482939720154,0.27803128957748413,500.0,489.3333435058594,446.27606201171875
development,focus,4001,76,4,1,0.27803128957748413,0.28082555532455444,500.0,461.3333435058594,442.25
development,focus,4001,77,4,1,0.28082555532455444,0.28364789485931396,500.0,500.0,393.15625
development,focus,4001,78,4,1,0.28364789485931396,0.2864986062049866,500.0,500.0,439.3802185058594
development,focus,4001,79,4,1,0.2864986062049866,0.28937795758247375,500.0,500.0,421.375
development,focus,4002,0,1,0,0.5,0.4627135097980499,9.0,9.0,13.057292938232422
development,focus,4002,1,1,0,0.4627135097980499,0.4363122284412384,10.0,9.666666984558105,16.848957061767578
development,focus,4002,2,1,0,0.4363122284412384,0.3987593650817871,9.333333969116211,9.666666984558105,25.90104103088379
development,focus,4002,3,1,0,0.3987593650817871,0.36443862318992615,24.33333396911621,21.666667938232422,32.625
development,focus,4002,4,1,0,0.36443862318992615,0.33307182788848877,9.666666984558105,9.0,43.239585876464844
development,focus,4002,5,1,0,0.33307182788848877,0.30440473556518555,9.333333969116211,8.666666984558105,57.833335876464844
development,focus,4002,6,1,0,0.30440473556518555,0.2782049775123596,9.666666984558105,10.0,57.760414123535156
development,focus,4002,7,1,0,0.2782049775123596,0.25426021218299866,16.0,55.0,77.453125
development,focus,4002,8,1,0,0.25426021218299866,0.2323763370513916,13.333333969116211,97.33333587646484,89.06771087646484
development,focus,4002,9,1,0,0.2323763370513916,0.21237598359584808,18.33333396911621,29.0,111.26042175292969
development,focus,4002,10,1,0,0.21237598359584808,0.19409704208374023,58.66666793823242,14.666666984558105,129.31251525878906
development,focus,4002,11,1,0,0.19409704208374023,0.17739133536815643,56.66666793823242,15.333333969116211,145.4166717529297
development,focus,4002,12,1,0,0.17739133536815643,0.16212347149848938,500.0,12.0,192.83853149414062
development,focus,4002,13,1,0,0.16212347149848938,0.16375283896923065,500.0,9.666666984558105,266.2760314941406
development,focus,4002,14,1,0,0.16375283896923065,0.16539858281612396,500.0,11.0,249.07810974121094
development,focus,4002,15,1,0,0.16539858281612396,0.16706086695194244,500.0,10.333333969116211,328.7135925292969
development,focus,4002,16,1,0,0.16706086695194244,0.16873985528945923,500.0,9.666666984558105,373.015625
development,focus,4002,17,1,0,0.16873985528945923,0.17043572664260864,500.0,10.666666984558105,376.64581298828125
development,focus,4002,18,1,0,0.17043572664260864,0.17214863002300262,500.0,11.0,375.69268798828125
development,focus,4002,19,1,0,0.17214863002300262,0.1738787591457367,500.0,12.0,408.22918701171875
development,focus,4002,20,2,1,0.1738787591457367,0.15891322493553162,11.333333969116211,500.0,11.963542938232422
development,focus,4002,21,2,1,0.15891322493553162,0.14569032192230225,96.66667175292969,11.0,20.427082061767578
development,focus,4002,22,2,1,0.14569032192230225,0.14578141272068024,36.333335876464844,9.333333969116211,30.302085876464844
development,focus,4002,23,2,1,0.14578141272068024,0.13789373636245728,183.6666717529297,9.666666984558105,49.307289123535156
development,focus,4002,24,2,1,0.13789373636245728,0.1341533213853836,105.0,10.666666984558105,72.19271850585938
development,focus,4002,25,2,1,0.1341533213853836,0.1272919625043869,171.33334350585938,11.0,73.15104675292969
development,focus,4002,26,2,1,0.1272919625043869,0.12697412073612213,199.33334350585938,10.666666984558105,102.92186737060547
development,focus,4002,27,2,1,0.12697412073612213,0.12276025861501694,212.6666717529297,10.333333969116211,140.0
development,focus,4002,28,2,1,0.12276025861501694,0.1186862364411354,428.0,9.333333969116211,184.484375
development,focus,4002,29,2,1,0.1186862364411354,0.11728517711162567,469.66668701171875,8.666666984558105,225.53125
development,focus,4002,30,2,1,0.11728517711162567,0.11517853289842606,500.0,8.666666984558105,294.58856201171875
development,focus,4002,31,2,1,0.11517853289842606,0.11633609980344772,500.0,9.333333969116211,333.9427185058594
development,focus,4002,32,2,1,0.11633609980344772,0.11750529706478119,500.0,10.0,366.3021240234375
development,focus,4002,33,2,1,0.11750529706478119,0.118686243891716,500.0,10.0,395.83331298828125
development,focus,4002,34,2,1,0.118686243891716,0.11987905949354172,500.0,9.0,421.23956298828125
development,focus,4002,35,2,1,0.11987905949354172,0.12108386307954788,500.0,9.333333969116211,430.421875
development,focus,4002,36,2,1,0.12108386307954788,0.12230077385902405,500.0,9.666666984558105,390.83856201171875
development,focus,4002,37,2,1,0.12230077385902405,0.12352991849184036,500.0,8.666666984558105,399.88543701171875
development,focus,4002,38,2,1,0.12352991849184036,0.12477141618728638,486.0,9.0,382.6666564941406
development,focus,4002,39,2,1,0.12477141618728638,0.11403249204158783,256.3333435058594,9.333333969116211,380.96356201171875
development,focus,4002,40,3,0,0.11403249204158783,0.10421784967184067,9.666666984558105,432.66668701171875,13.010416030883789
development,focus,4002,41,3,0,0.10421784967184067,0.09524794667959213,9.0,95.66667175292969,50.63542175292969
development,focus,4002,42,3,0,0.09524794667959213,0.08705007284879684,121.0,11.0,105.421875
development,focus,4002,43,3,0,0.08705007284879684,0.07955777645111084,207.0,11.0,183.94271850585938
development,focus,4002,44,3,0,0.07955777645111084,0.07691750675439835,432.3333435058594,10.333333969116211,243.13018798828125
development,focus,4002,45,3,0,0.07691750675439835,0.07672545313835144,361.3333435058594,10.333333969116211,255.65106201171875
development,focus,4002,46,3,0,0.07672545313835144,0.07325770705938339,500.0,11.0,307.4635314941406
development,focus,4002,47,3,0,0.07325770705938339,0.07399395853281021,457.66668701171875,9.666666984558105,286.47393798828125
development,focus,4002,48,3,0,0.07399395853281021,0.07473760843276978,500.0,10.0,351.17706298828125
development,focus,4002,49,3,0,0.07473760843276978,0.07548873126506805,500.0,9.666666984558105,353.0468444824219
development,focus,4002,50,3,0,0.07548873126506805,0.07624740898609161,500.0,10.0,347.171875
development,focus,4002,51,3,0,0.07624740898609161,0.06968488544225693,500.0,9.666666984558105,336.5364990234375
development,focus,4002,52,3,0,0.06968488544225693,0.07038523256778717,500.0,9.333333969116211,322.4739685058594
development,focus,4002,53,3,0,0.07038523256778717,0.07109261304140091,500.0,8.666666984558105,318.3645935058594
development,focus,4002,54,3,0,0.07109261304140091,0.07180710881948471,500.0,9.666666984558105,353.6770935058594
development,focus,4002,55,3,0,0.07180710881948471,0.07252877950668335,500.0,9.666666984558105,383.8020935058594
development,focus,4002,56,3,0,0.07252877950668335,0.07325770705938339,500.0,10.666666984558105,342.1979064941406
development,focus,4002,57,3,0,0.07325770705938339,0.07399395853281021,500.0,9.666666984558105,360.05731201171875
development,focus,4002,58,3,0,0.07399395853281021,0.06762538850307465,359.0,10.0,323.53643798828125
development,focus,4002,59,3,0,0.06762538850307465,0.06830503791570663,228.6666717529297,9.333333969116211,348.7291564941406
development,focus,4002,60,4,1,0.06830503791570663,0.06603821367025375,10.0,500.0,9.921875
development,focus,4002,61,4,1,0.06603821367025375,0.060354381799697876,15.0,22.666667938232422,16.5625
development,focus,4002,62,4,1,0.060354381799697876,0.05515975132584572,371.0,9.666666984558105,78.1875
development,focus,4002,63,4,1,0.05515975132584572,0.05316278338432312,320.0,10.0,203.16668701171875
development,focus,4002,64,4,1,0.05316278338432312,0.05044373869895935,446.66668701171875,9.333333969116211,338.7239990234375
development,focus,4002,65,4,1,0.05044373869895935,0.04697467386722565,500.0,9.0,388.48956298828125
development,focus,4002,66,4,1,0.04697467386722565,0.04744677618145943,500.0,10.0,441.09375
development,focus,4002,67,4,1,0.04744677618145943,0.04792362451553345,500.0,8.666666984558105,456.52081298828125
development,focus,4002,68,4,1,0.04792362451553345,0.04840526729822159,500.0,9.0,449.47393798828125
development,focus,4002,69,4,1,0.04840526729822159,0.04889174923300743,500.0,10.0,435.1875
development,focus,4002,70,4,1,0.04889174923300743,0.049383118748664856,500.0,10.333333969116211,437.4947814941406
development,focus,4002,71,4,1,0.049383118748664856,0.04987942799925804,500.0,9.0,418.49481201171875
development,focus,4002,72,4,1,0.04987942799925804,0.05038072541356087,500.0,10.0,427.03643798828125
development,focus,4002,73,4,1,0.05038072541356087,0.050887059420347214,500.0,10.333333969116211,406.1197814941406
development,focus,4002,74,4,1,0.050887059420347214,0.05139848217368126,500.0,9.666666984558105,399.36981201171875
development,focus,4002,75,4,1,0.05139848217368126,0.05191504582762718,500.0,10.333333969116211,397.875
development,focus,4002,76,4,1,0.05191504582762718,0.05243680253624916,500.0,9.0,428.46356201171875
development,focus,4002,77,4,1,0.05243680253624916,0.052963800728321075,500.0,9.0,410.52606201171875
development,focus,4002,78,4,1,0.052963800728321075,0.0534960962831974,500.0,9.333333969116211,424.875
development,focus,4002,79,4,1,0.0534960962831974,0.05403374135494232,500.0,8.666666984558105,419.25518798828125
development,focus,4003,0,1,0,0.5,0.47591206431388855,10.0,9.666666984558105,22.84375
development,focus,4003,1,1,0,0.47591206431388855,0.4363122284412384,8.666666984558105,9.666666984558105,27.52604103088379
development,focus,4003,2,1,0,0.4363122284412384,0.3987593650817871,9.333333969116211,9.0,28.338544845581055
development,focus,4003,3,1,0,0.3987593650817871,0.36443862318992615,8.666666984558105,9.333333969116211,30.963544845581055
development,focus,4003,4,1,0,0.36443862318992615,0.33307182788848877,9.666666984558105,8.666666984558105,36.250003814697266
development,focus,4003,5,1,0,0.33307182788848877,0.30440473556518555,10.333333969116211,8.333333969116211,46.562503814697266
development,focus,4003,6,1,0,0.30440473556518555,0.2782049775123596,14.0,10.0,51.703125
development,focus,4003,7,1,0,0.2782049775123596,0.25426021218299866,23.0,17.666667938232422,64.99479675292969
development,focus,4003,8,1,0,0.25426021218299866,0.2323763370513916,35.0,16.666667938232422,86.74998474121094
development,focus,4003,9,1,0,0.2323763370513916,0.21237598359584808,31.0,14.666666984558105,99.44271850585938
development,focus,4003,10,1,0,0.21237598359584808,0.19409704208374023,176.6666717529297,11.0,157.18228149414062
development,focus,4003,11,1,0,0.19409704208374023,0.17906220257282257,500.0,10.0,226.4583282470703
development,focus,4003,12,1,0,0.17906220257282257,0.18086181581020355,500.0,9.666666984558105,292.8072814941406
development,focus,4003,13,1,0,0.18086181581020355,0.18267950415611267,500.0,12.0,318.43231201171875
development,focus,4003,14,1,0,0.18267950415611267,0.18451546132564545,500.0,10.666666984558105,355.0
development,focus,4003,15,1,0,0.18451546132564545,0.1863698810338974,500.0,10.333333969116211,327.77606201171875
development,focus,4003,16,1,0,0.1863698810338974,0.18824292719364166,500.0,11.0,359.5208435058594
development,focus,4003,17,1,0,0.18824292719364166,0.19013480842113495,500.0,10.666666984558105,411.609375
development,focus,4003,18,1,0,0.19013480842113495,0.19204570353031158,500.0,10.666666984558105,345.71875
development,focus,4003,19,1,0,0.19204570353031158,0.1939757913351059,500.0,11.0,391.359375
development,focus,4003,20,2,1,0.1939757913351059,0.17728053033351898,11.0,500.0,11.177083015441895
development,focus,4003,21,2,1,0.17728053033351898,0.162022203207016,12.666666984558105,500.0,12.364583015441895
development,focus,4003,22,2,1,0.162022203207016,0.14807714521884918,20.33333396911621,24.33333396911621,26.625001907348633
development,focus,4003,23,2,1,0.14807714521884918,0.13533231616020203,178.33334350585938,13.333333969116211,96.55728912353516
development,focus,4003,24,2,1,0.13533231616020203,0.1244598776102066,426.3333435058594,10.0,205.67189025878906
development,focus,4003,25,2,1,0.1244598776102066,0.12571072578430176,500.0,9.666666984558105,371.0520935058594
development,focus,4003,26,2,1,0.12571072578430176,0.12697413563728333,500.0,9.333333969116211,374.36456298828125
development,focus,4003,27,2,1,0.12697413563728333,0.12825024127960205,500.0,10.333333969116211,333.7291564941406
development,focus,4003,28,2,1,0.12825024127960205,0.12953917682170868,500.0,9.666666984558105,358.8072814941406
development,focus,4003,29,2,1,0.12953917682170868,0.13084106147289276,500.0,9.333333969116211,360.91668701171875
development,focus,4003,30,2,1,0.13084106147289276,0.13215604424476624,500.0,9.666666984558105,372.13018798828125
development,focus,4003,31,2,1,0.13215604424476624,0.13348422944545746,500.0,9.666666984558105,376.046875
development,focus,4003,32,2,1,0.13348422944545746,0.13482576608657837,500.0,9.666666984558105,361.421875
development,focus,4003,33,2,1,0.13482576608657837,0.1361807882785797,500.0,10.0,333.46875
development,focus,4003,34,2,1,0.1361807882785797,0.13754943013191223,500.0,9.666666984558105,374.2291564941406
development,focus,4003,35,2,1,0.13754943013191223,0.13893182575702667,500.0,10.666666984558105,363.4791564941406
development,focus,4003,36,2,1,0.13893182575702667,0.14032810926437378,500.0,10.0,372.125
development,focus,4003,37,2,1,0.14032810926437378,0.1417384296655655,500.0,9.333333969116211,364.984375
development,focus,4003,38,2,1,0.1417384296655655,0.14316292107105255,500.0,9.666666984558105,395.5208435058594
development,focus,4003,39,2,1,0.14316292107105255,0.1446017324924469,500.0,10.0,371.390625
development,focus,4003,40,3,0,0.1446017324924469,0.13550157845020294,9.333333969116211,500.0,9.807291984558105
development,focus,4003,41,3,0,0.13550157845020294,0.12737153470516205,12.0,216.33334350585938,20.53645896911621
development,focus,4003,42,3,0,0.12737153470516205,0.1164088174700737,152.6666717529297,11.666666984558105,67.69791412353516
development,focus,4003,43,3,0,0.1164088174700737,0.10638964921236038,500.0,10.0,253.55731201171875
development,focus,4003,44,3,0,0.10638964921236038,0.10745888203382492,500.0,9.0,434.1458435058594
development,focus,4003,45,3,0,0.10745888203382492,0.10853886604309082,500.0,10.0,399.30206298828125
development,focus,4003,46,3,0,0.10853886604309082,0.10962969809770584,500.0,9.333333969116211,453.296875
development,focus,4003,47,3,0,0.10962969809770584,0.11073149740695953,500.0,9.333333969116211,409.84375
development,focus,4003,48,3,0,0.11073149740695953,0.11184436827898026,500.0,9.666666984558105,397.49481201171875
development,focus,4003,49,3,0,0.11184436827898026,0.11296842247247696,500.0,9.666666984558105,413.4114685058594
development,focus,4003,50,3,0,0.11296842247247696,0.1141037717461586,500.0,9.666666984558105,442.7916564941406
development,focus,4003,51,3,0,0.1141037717461586,0.11525053530931473,500.0,10.666666984558105,416.453125
development,focus,4003,52,3,0,0.11525053530931473,0.1164088249206543,500.0,11.0,428.52606201171875
development,focus,4003,53,3,0,0.1164088249206543,0.11757875233888626,500.0,9.666666984558105,417.5885314941406
development,focus,4003,54,3,0,0.11757875233888626,0.11876043677330017,500.0,9.333333969116211,419.8229064941406
development,focus,4003,55,3,0,0.11876043677330017,0.11995399743318558,500.0,9.0,464.83331298828125
development,focus,4003,56,3,0,0.11995399743318558,0.12115955352783203,500.0,9.333333969116211,401.6666564941406
development,focus,4003,57,3,0,0.12115955352783203,0.12237723171710968,500.0,9.333333969116211,439.5208435058594
development,focus,4003,58,3,0,0.12237723171710968,0.12360714375972748,439.3333435058594,9.666666984558105,437.28125
development,focus,4003,59,3,0,0.12360714375972748,0.12484941631555557,500.0,10.333333969116211,466.640625
development,focus,4003,60,4,1,0.12484941631555557,0.1141037791967392,9.666666984558105,500.0,10.838541030883789
development,focus,4003,61,4,1,0.1141037791967392,0.10526525229215622,14.0,92.0,14.0
development,focus,4003,62,4,1,0.10526525229215622,0.0962051972746849,25.666667938232422,17.666667938232422,21.130207061767578
development,focus,4003,63,4,1,0.0962051972746849,0.08792492747306824,58.0,13.0,65.65103912353516
development,focus,4003,64,4,1,0.08792492747306824,0.08035733550786972,500.0,12.666666984558105,208.70834350585938
development,focus,4003,65,4,1,0.08035733550786972,0.07459760457277298,500.0,13.333333969116211,294.65625
development,focus,4003,66,4,1,0.07459760457277298,0.07534732669591904,500.0,13.333333969116211,404.0885314941406
development,focus,4003,67,4,1,0.07534732669591904,0.07610458135604858,500.0,15.0,402.06768798828125
development,focus,4003,68,4,1,0.07610458135604858,0.07686944305896759,500.0,12.0,415.3645935058594
development,focus,4003,69,4,1,0.07686944305896759,0.07764199376106262,500.0,14.0,398.125
development,focus,4003,70,4,1,0.07764199376106262,0.07842230796813965,500.0,13.333333969116211,395.24481201171875
development,focus,4003,71,4,1,0.07842230796813965,0.07921046763658524,500.0,13.666666984558105,399.99481201171875
development,focus,4003,72,4,1,0.07921046763658524,0.08000654727220535,500.0,15.333333969116211,409.453125
development,focus,4003,73,4,1,0.08000654727220535,0.08081062883138657,500.0,13.0,366.96875
development,focus,4003,74,4,1,0.08081062883138657,0.08162278681993484,500.0,14.0,382.2864685058594
development,focus,4003,75,4,1,0.08162278681993484,0.08244311064481735,500.0,13.333333969116211,398.06768798828125
development,focus,4003,76,4,1,0.08244311064481735,0.08327168226242065,500.0,11.333333969116211,411.859375
development,focus,4003,77,4,1,0.08327168226242065,0.08410857617855072,500.0,11.333333969116211,391.578125
development,focus,4003,78,4,1,0.08410857617855072,0.08495388180017471,500.0,12.333333969116211,419.0
development,focus,4003,79,4,1,0.08495388180017471,0.0858076810836792,500.0,13.333333969116211,403.953125
